-- phpMyAdmin SQL Dump
-- version 5.2.1
-- https://www.phpmyadmin.net/
--
-- Host: 127.0.0.1:3306
-- Generation Time: Jan 24, 2026 at 05:08 AM
-- Server version: 9.1.0
-- PHP Version: 8.1.31

SET SQL_MODE = "NO_AUTO_VALUE_ON_ZERO";
START TRANSACTION;
SET time_zone = "+00:00";


/*!40101 SET @OLD_CHARACTER_SET_CLIENT=@@CHARACTER_SET_CLIENT */;
/*!40101 SET @OLD_CHARACTER_SET_RESULTS=@@CHARACTER_SET_RESULTS */;
/*!40101 SET @OLD_COLLATION_CONNECTION=@@COLLATION_CONNECTION */;
/*!40101 SET NAMES utf8mb4 */;

--
-- Database: `map_assessment`
--

DELIMITER $$
--
-- Procedures
--
DROP PROCEDURE IF EXISTS `CalculateCompetencyScores`$$
CREATE DEFINER=`root`@`localhost` PROCEDURE `CalculateCompetencyScores` (IN `assessment_id_param` INT)   BEGIN
  DECLARE student_id_var INT;
  DECLARE subject_id_var INT;
  
  -- Get assessment details
  SELECT a.student_id, a.subject_id 
  INTO student_id_var, subject_id_var
  FROM assessments a 
  WHERE a.id = assessment_id_param;
  
  -- Calculate competency scores for all competencies in this assessment
  INSERT INTO assessment_competency_breakdown 
    (assessment_id, competency_id, questions_attempted, questions_correct, 
     total_weight, weighted_correct, competency_score)
  SELECT 
    assessment_id_param,
    c.id as competency_id,
    COUNT(*) as questions_attempted,
    SUM(CASE WHEN ar.is_correct = 1 THEN 1 ELSE 0 END) as questions_correct,
    SUM(qc.weight) as total_weight,
    SUM(CASE WHEN ar.is_correct = 1 THEN qc.weight ELSE 0 END) as weighted_correct,
    CASE 
      WHEN SUM(qc.weight) > 0 THEN (SUM(CASE WHEN ar.is_correct = 1 THEN qc.weight ELSE 0 END) / SUM(qc.weight)) * 100
      ELSE 0 
    END as competency_score
  FROM competencies c
  JOIN questions_competencies qc ON c.id = qc.competency_id
  JOIN assessment_responses ar ON qc.question_id = ar.question_id
  WHERE ar.assessment_id = assessment_id_param
  GROUP BY c.id
  ON DUPLICATE KEY UPDATE
    questions_attempted = VALUES(questions_attempted),
    questions_correct = VALUES(questions_correct),
    total_weight = VALUES(total_weight),
    weighted_correct = VALUES(weighted_correct),
    competency_score = VALUES(competency_score);
  
  -- Update student competency scores with feedback
  INSERT INTO student_competency_scores 
    (student_id, competency_id, subject_id, assessment_id, questions_attempted,
     questions_correct, raw_score, weighted_score, final_score, feedback_type, feedback_text)
  SELECT 
    student_id_var,
    acb.competency_id,
    subject_id_var,
    assessment_id_param,
    acb.questions_attempted,
    acb.questions_correct,
    CASE WHEN acb.questions_attempted > 0 THEN (acb.questions_correct / acb.questions_attempted) * 100 ELSE 0 END as raw_score,
    CASE WHEN acb.total_weight > 0 THEN (acb.weighted_correct / acb.total_weight) * 100 ELSE 0 END as weighted_score,
    acb.competency_score as final_score,
    CASE 
      WHEN acb.competency_score >= c.strong_threshold THEN 'strong'
      WHEN acb.competency_score >= c.neutral_threshold THEN 'neutral'
      ELSE 'growth'
    END as feedback_type,
    CASE 
      WHEN acb.competency_score >= c.strong_threshold THEN c.strong_description
      WHEN acb.competency_score >= c.neutral_threshold THEN c.neutral_description
      ELSE c.growth_description
    END as feedback_text
  FROM assessment_competency_breakdown acb
  JOIN competencies c ON acb.competency_id = c.id
  WHERE acb.assessment_id = assessment_id_param
  ON DUPLICATE KEY UPDATE
    questions_attempted = VALUES(questions_attempted),
    questions_correct = VALUES(questions_correct),
    raw_score = VALUES(raw_score),
    weighted_score = VALUES(weighted_score),
    final_score = VALUES(final_score),
    feedback_type = VALUES(feedback_type),
    feedback_text = VALUES(feedback_text),
    date_calculated = CURRENT_TIMESTAMP;
  
  -- Note: We don't update the assessments table here to avoid trigger conflicts
  -- The competency summary can be calculated on-demand when needed
  
END$$

DELIMITER ;

-- --------------------------------------------------------

--
-- Table structure for table `assessments`
--

DROP TABLE IF EXISTS `assessments`;
CREATE TABLE IF NOT EXISTS `assessments` (
  `id` int NOT NULL AUTO_INCREMENT,
  `student_id` int NOT NULL,
  `subject_id` int NOT NULL,
  `grade_id` int DEFAULT NULL,
  `assessment_mode` enum('Standard','Adaptive') COLLATE utf8mb4_general_ci NOT NULL DEFAULT 'Adaptive',
  `assignment_id` int DEFAULT NULL COMMENT 'Reference to assignment template for Standard mode assessments',
  `assessment_period` enum('BOY','EOY') CHARACTER SET utf8mb4 COLLATE utf8mb4_general_ci NOT NULL,
  `total_questions` int DEFAULT '10',
  `correct_answers` int DEFAULT '0',
  `date_taken` timestamp NULL DEFAULT CURRENT_TIMESTAMP,
  `duration_minutes` int DEFAULT NULL,
  `time_limit_minutes` int DEFAULT NULL,
  `rit_score` int DEFAULT NULL,
  `year` int NOT NULL DEFAULT '2025',
  `competency_summary` json DEFAULT NULL COMMENT 'JSON summary of competency scores for this assessment',
  `created_at` timestamp NULL DEFAULT CURRENT_TIMESTAMP,
  PRIMARY KEY (`id`),
  KEY `subject_id` (`subject_id`),
  KEY `idx_student_subject` (`student_id`,`subject_id`),
  KEY `idx_assessments_rit_score` (`rit_score`),
  KEY `idx_assessments_year` (`year`),
  KEY `idx_assessments_student_subject_year` (`student_id`,`subject_id`,`year`),
  KEY `idx_assessments_grade` (`grade_id`),
  KEY `idx_assessments_student_subject_grade` (`student_id`,`subject_id`,`grade_id`),
  KEY `idx_assessments_grade_year` (`grade_id`,`year`),
  KEY `idx_assessments_comprehensive` (`student_id`,`subject_id`,`grade_id`,`year`,`assessment_period`),
  KEY `idx_assessments_mode` (`assessment_mode`),
  KEY `idx_assessments_assignment` (`assignment_id`),
  KEY `idx_assessments_student_mode` (`student_id`,`assessment_mode`),
  KEY `idx_assessments_student_subject_mode` (`student_id`,`subject_id`,`assessment_mode`)
) ENGINE=MyISAM AUTO_INCREMENT=218 DEFAULT CHARSET=utf8mb4 COLLATE=utf8mb4_general_ci;

--
-- Dumping data for table `assessments`
--

INSERT INTO `assessments` (`id`, `student_id`, `subject_id`, `grade_id`, `assessment_mode`, `assignment_id`, `assessment_period`, `total_questions`, `correct_answers`, `date_taken`, `duration_minutes`, `time_limit_minutes`, `rit_score`, `year`, `competency_summary`, `created_at`) VALUES
(1, 20, 3, 11, 'Adaptive', NULL, 'BOY', 10, 0, '2025-08-30 06:20:22', NULL, NULL, 221, 2022, NULL, '2026-01-21 04:05:40'),
(3, 20, 3, 11, 'Adaptive', NULL, 'EOY', 10, 0, '2025-08-30 06:20:22', NULL, NULL, 249, 2022, NULL, '2026-01-21 04:05:40'),
(4, 20, 3, 11, 'Adaptive', NULL, 'BOY', 10, 0, '2025-08-30 06:20:22', NULL, NULL, 234, 2023, NULL, '2026-01-21 04:05:40'),
(6, 20, 3, 11, 'Adaptive', NULL, 'EOY', 10, 0, '2025-08-30 06:20:22', NULL, NULL, 251, 2023, NULL, '2026-01-21 04:05:40'),
(7, 20, 3, 11, 'Adaptive', NULL, 'BOY', 10, 0, '2025-08-30 06:20:22', NULL, NULL, 260, 2024, NULL, '2026-01-21 04:05:40'),
(9, 20, 3, 11, 'Adaptive', NULL, 'EOY', 10, 0, '2025-08-30 06:20:22', NULL, NULL, 267, 2024, NULL, '2026-01-21 04:05:40'),
(201, 20, 3, 11, 'Adaptive', NULL, 'BOY', 7, 0, '2025-09-02 02:31:33', NULL, 10, NULL, 2025, NULL, '2026-01-21 04:05:40'),
(12, 21, 3, 11, 'Adaptive', NULL, 'BOY', 10, 0, '2025-08-30 07:01:22', NULL, NULL, 125, 2022, NULL, '2026-01-21 04:05:40'),
(14, 21, 3, 11, 'Adaptive', NULL, 'EOY', 10, 0, '2025-08-30 07:01:22', NULL, NULL, 135, 2022, NULL, '2026-01-21 04:05:40'),
(15, 21, 3, 11, 'Adaptive', NULL, 'BOY', 10, 0, '2025-08-30 07:01:22', NULL, NULL, 130, 2023, NULL, '2026-01-21 04:05:40'),
(17, 21, 3, 11, 'Adaptive', NULL, 'EOY', 10, 0, '2025-08-30 07:01:22', NULL, NULL, 140, 2023, NULL, '2026-01-21 04:05:40'),
(18, 21, 3, 11, 'Adaptive', NULL, 'BOY', 10, 0, '2025-08-30 07:01:22', NULL, NULL, 135, 2024, NULL, '2026-01-21 04:05:40'),
(20, 21, 3, 11, 'Adaptive', NULL, 'EOY', 10, 0, '2025-08-30 07:01:22', NULL, NULL, 125, 2024, NULL, '2026-01-21 04:05:40'),
(21, 21, 3, 11, 'Adaptive', NULL, 'BOY', 10, 0, '2025-08-30 07:01:22', NULL, NULL, 130, 2025, NULL, '2026-01-21 04:05:40'),
(23, 21, 3, 11, 'Adaptive', NULL, 'EOY', 10, 0, '2025-08-30 07:01:22', NULL, NULL, 152, 2025, NULL, '2026-01-21 04:05:40'),
(24, 22, 3, 11, 'Adaptive', NULL, 'BOY', 10, 0, '2025-08-30 07:01:22', NULL, NULL, 130, 2022, NULL, '2026-01-21 04:05:40'),
(26, 22, 3, 11, 'Adaptive', NULL, 'EOY', 10, 0, '2025-08-30 07:01:22', NULL, NULL, 140, 2022, NULL, '2026-01-21 04:05:40'),
(27, 22, 3, 11, 'Adaptive', NULL, 'BOY', 10, 0, '2025-08-30 07:01:22', NULL, NULL, 130, 2023, NULL, '2026-01-21 04:05:40'),
(29, 22, 3, 11, 'Adaptive', NULL, 'EOY', 10, 0, '2025-08-30 07:01:22', NULL, NULL, 130, 2023, NULL, '2026-01-21 04:05:40'),
(30, 22, 3, 11, 'Adaptive', NULL, 'BOY', 10, 0, '2025-08-30 07:01:22', NULL, NULL, 135, 2024, NULL, '2026-01-21 04:05:40'),
(32, 22, 3, 11, 'Adaptive', NULL, 'EOY', 10, 0, '2025-08-30 07:01:22', NULL, NULL, 145, 2024, NULL, '2026-01-21 04:05:40'),
(33, 22, 3, 11, 'Adaptive', NULL, 'BOY', 10, 0, '2025-08-30 07:01:22', NULL, NULL, 141, 2025, NULL, '2026-01-21 04:05:40'),
(35, 22, 3, 11, 'Adaptive', NULL, 'EOY', 10, 0, '2025-08-30 07:01:22', NULL, NULL, 127, 2025, NULL, '2026-01-21 04:05:40'),
(36, 23, 3, 11, 'Adaptive', NULL, 'BOY', 10, 0, '2025-08-30 07:01:22', NULL, NULL, 220, 2022, NULL, '2026-01-21 04:05:40'),
(38, 23, 3, 11, 'Adaptive', NULL, 'EOY', 10, 0, '2025-08-30 07:01:22', NULL, NULL, 170, 2022, NULL, '2026-01-21 04:05:40'),
(39, 23, 3, 11, 'Adaptive', NULL, 'BOY', 10, 0, '2025-08-30 07:01:22', NULL, NULL, 175, 2023, NULL, '2026-01-21 04:05:40'),
(41, 23, 3, 11, 'Adaptive', NULL, 'EOY', 10, 0, '2025-08-30 07:01:22', NULL, NULL, 170, 2023, NULL, '2026-01-21 04:05:40'),
(42, 23, 3, 11, 'Adaptive', NULL, 'BOY', 10, 0, '2025-08-30 07:01:22', NULL, NULL, 145, 2024, NULL, '2026-01-21 04:05:40'),
(44, 23, 3, 11, 'Adaptive', NULL, 'EOY', 10, 0, '2025-08-30 07:01:22', NULL, NULL, 215, 2024, NULL, '2026-01-21 04:05:40'),
(45, 23, 3, 11, 'Adaptive', NULL, 'BOY', 10, 0, '2025-08-30 07:01:22', NULL, NULL, 135, 2025, NULL, '2026-01-21 04:05:40'),
(47, 23, 3, 11, 'Adaptive', NULL, 'EOY', 10, 0, '2025-08-30 07:01:22', NULL, NULL, 130, 2025, NULL, '2026-01-21 04:05:40'),
(48, 24, 3, 11, 'Adaptive', NULL, 'BOY', 10, 0, '2025-08-30 07:01:22', NULL, NULL, 225, 2022, NULL, '2026-01-21 04:05:40'),
(50, 24, 3, 11, 'Adaptive', NULL, 'EOY', 10, 0, '2025-08-30 07:01:22', NULL, NULL, 215, 2022, NULL, '2026-01-21 04:05:40'),
(51, 24, 3, 11, 'Adaptive', NULL, 'BOY', 10, 0, '2025-08-30 07:01:22', NULL, NULL, 180, 2023, NULL, '2026-01-21 04:05:40'),
(53, 24, 3, 11, 'Adaptive', NULL, 'EOY', 10, 0, '2025-08-30 07:01:22', NULL, NULL, 210, 2023, NULL, '2026-01-21 04:05:40'),
(54, 24, 3, 11, 'Adaptive', NULL, 'BOY', 10, 0, '2025-08-30 07:01:22', NULL, NULL, 150, 2024, NULL, '2026-01-21 04:05:40'),
(56, 24, 3, 11, 'Adaptive', NULL, 'EOY', 10, 0, '2025-08-30 07:01:22', NULL, NULL, 160, 2024, NULL, '2026-01-21 04:05:40'),
(57, 24, 3, 11, 'Adaptive', NULL, 'BOY', 10, 0, '2025-08-30 07:01:22', NULL, NULL, 140, 2025, NULL, '2026-01-21 04:05:40'),
(59, 24, 3, 11, 'Adaptive', NULL, 'EOY', 10, 0, '2025-08-30 07:01:22', NULL, NULL, 135, 2025, NULL, '2026-01-21 04:05:40'),
(60, 31, 3, 11, 'Adaptive', NULL, 'BOY', 10, 0, '2025-08-30 07:01:22', NULL, NULL, 230, 2022, NULL, '2026-01-21 04:05:40'),
(62, 31, 3, 11, 'Adaptive', NULL, 'EOY', 10, 0, '2025-08-30 07:01:22', NULL, NULL, 220, 2022, NULL, '2026-01-21 04:05:40'),
(63, 31, 3, 11, 'Adaptive', NULL, 'BOY', 10, 0, '2025-08-30 07:01:22', NULL, NULL, 210, 2023, NULL, '2026-01-21 04:05:40'),
(65, 31, 3, 11, 'Adaptive', NULL, 'EOY', 10, 0, '2025-08-30 07:01:22', NULL, NULL, 215, 2023, NULL, '2026-01-21 04:05:40'),
(66, 31, 3, 11, 'Adaptive', NULL, 'BOY', 10, 0, '2025-08-30 07:01:22', NULL, NULL, 170, 2024, NULL, '2026-01-21 04:05:40'),
(68, 31, 3, 11, 'Adaptive', NULL, 'EOY', 10, 0, '2025-08-30 07:01:22', NULL, NULL, 165, 2024, NULL, '2026-01-21 04:05:40'),
(69, 31, 3, 11, 'Adaptive', NULL, 'BOY', 10, 0, '2025-08-30 07:01:22', NULL, NULL, 145, 2025, NULL, '2026-01-21 04:05:40'),
(71, 31, 3, 11, 'Adaptive', NULL, 'EOY', 10, 0, '2025-08-30 07:01:22', NULL, NULL, 140, 2025, NULL, '2026-01-21 04:05:40'),
(72, 32, 3, 11, 'Adaptive', NULL, 'BOY', 10, 0, '2025-08-30 07:01:22', NULL, NULL, 260, 2022, NULL, '2026-01-21 04:05:40'),
(74, 32, 3, 11, 'Adaptive', NULL, 'EOY', 10, 0, '2025-08-30 07:01:22', NULL, NULL, 225, 2022, NULL, '2026-01-21 04:05:40'),
(75, 32, 3, 11, 'Adaptive', NULL, 'BOY', 10, 0, '2025-08-30 07:01:22', NULL, NULL, 215, 2023, NULL, '2026-01-21 04:05:40'),
(77, 32, 3, 11, 'Adaptive', NULL, 'EOY', 10, 0, '2025-08-30 07:01:22', NULL, NULL, 260, 2023, NULL, '2026-01-21 04:05:40'),
(78, 32, 3, 11, 'Adaptive', NULL, 'BOY', 10, 0, '2025-08-30 07:01:22', NULL, NULL, 210, 2024, NULL, '2026-01-21 04:05:40'),
(80, 32, 3, 11, 'Adaptive', NULL, 'EOY', 10, 0, '2025-08-30 07:01:22', NULL, NULL, 215, 2024, NULL, '2026-01-21 04:05:40'),
(81, 32, 3, 11, 'Adaptive', NULL, 'BOY', 10, 0, '2025-08-30 07:01:22', NULL, NULL, 170, 2025, NULL, '2026-01-21 04:05:40'),
(83, 32, 3, 11, 'Adaptive', NULL, 'EOY', 10, 0, '2025-08-30 07:01:22', NULL, NULL, 170, 2025, NULL, '2026-01-21 04:05:40'),
(84, 33, 3, 11, 'Adaptive', NULL, 'BOY', 10, 0, '2025-08-30 07:01:22', NULL, NULL, 270, 2022, NULL, '2026-01-21 04:05:40'),
(86, 33, 3, 11, 'Adaptive', NULL, 'EOY', 10, 0, '2025-08-30 07:01:22', NULL, NULL, 260, 2022, NULL, '2026-01-21 04:05:40'),
(87, 33, 3, 11, 'Adaptive', NULL, 'BOY', 10, 0, '2025-08-30 07:01:22', NULL, NULL, 265, 2023, NULL, '2026-01-21 04:05:40'),
(89, 33, 3, 11, 'Adaptive', NULL, 'EOY', 10, 0, '2025-08-30 07:01:22', NULL, NULL, 253, 2023, NULL, '2026-01-21 04:05:40'),
(90, 33, 3, 11, 'Adaptive', NULL, 'BOY', 10, 0, '2025-08-30 07:01:22', NULL, NULL, 215, 2024, NULL, '2026-01-21 04:05:40'),
(92, 33, 3, 11, 'Adaptive', NULL, 'EOY', 10, 0, '2025-08-30 07:01:22', NULL, NULL, 220, 2024, NULL, '2026-01-21 04:05:40'),
(93, 33, 3, 11, 'Adaptive', NULL, 'BOY', 10, 0, '2025-08-30 07:01:22', NULL, NULL, 214, 2025, NULL, '2026-01-21 04:05:40'),
(95, 33, 3, 11, 'Adaptive', NULL, 'EOY', 10, 0, '2025-08-30 07:01:22', NULL, NULL, 227, 2025, NULL, '2026-01-21 04:05:40'),
(96, 30, 3, 11, 'Adaptive', NULL, 'BOY', 10, 0, '2025-08-30 07:01:22', NULL, NULL, 320, 2022, NULL, '2026-01-21 04:05:40'),
(98, 30, 3, 11, 'Adaptive', NULL, 'EOY', 10, 0, '2025-08-30 07:01:22', NULL, NULL, 310, 2022, NULL, '2026-01-21 04:05:40'),
(99, 30, 3, 11, 'Adaptive', NULL, 'BOY', 10, 0, '2025-08-30 07:01:22', NULL, NULL, 280, 2023, NULL, '2026-01-21 04:05:40'),
(101, 30, 3, 11, 'Adaptive', NULL, 'EOY', 10, 0, '2025-08-30 07:01:22', NULL, NULL, 290, 2023, NULL, '2026-01-21 04:05:40'),
(102, 30, 3, 11, 'Adaptive', NULL, 'BOY', 10, 0, '2025-08-30 07:01:22', NULL, NULL, 270, 2024, NULL, '2026-01-21 04:05:40'),
(104, 30, 3, 11, 'Adaptive', NULL, 'EOY', 10, 0, '2025-08-30 07:01:22', NULL, NULL, 270, 2024, NULL, '2026-01-21 04:05:40'),
(105, 30, 3, 11, 'Adaptive', NULL, 'BOY', 10, 0, '2025-08-30 07:01:22', NULL, NULL, 274, 2025, NULL, '2026-01-21 04:05:40'),
(107, 30, 3, 11, 'Adaptive', NULL, 'EOY', 10, 0, '2025-08-30 07:01:22', NULL, NULL, 295, 2025, NULL, '2026-01-21 04:05:40'),
(203, 20, 6, 11, 'Adaptive', NULL, 'BOY', 15, 6, '2025-09-02 04:01:22', 2, 10, 224, 2025, NULL, '2026-01-21 04:05:40'),
(202, 20, 6, 11, 'Adaptive', NULL, 'BOY', 15, 10, '2025-09-02 02:35:39', 4, 10, 227, 2025, NULL, '2026-01-21 04:05:40'),
(157, 26, 3, 11, 'Adaptive', NULL, 'EOY', 10, 0, '2025-08-30 00:50:22', NULL, NULL, 126, 2025, NULL, '2026-01-21 04:05:40'),
(155, 26, 3, 11, 'Adaptive', NULL, 'BOY', 10, 0, '2025-08-30 00:50:22', NULL, NULL, 143, 2025, NULL, '2026-01-21 04:05:40'),
(154, 26, 3, 11, 'Adaptive', NULL, 'EOY', 10, 0, '2025-08-30 00:50:22', NULL, NULL, 114, 2024, NULL, '2026-01-21 04:05:40'),
(152, 26, 3, 11, 'Adaptive', NULL, 'BOY', 10, 0, '2025-08-30 00:50:22', NULL, NULL, 137, 2024, NULL, '2026-01-21 04:05:40'),
(151, 26, 3, 11, 'Adaptive', NULL, 'EOY', 10, 0, '2025-08-30 00:50:22', NULL, NULL, 143, 2023, NULL, '2026-01-21 04:05:40'),
(149, 26, 3, 11, 'Adaptive', NULL, 'BOY', 10, 0, '2025-08-30 00:50:22', NULL, NULL, 109, 2023, NULL, '2026-01-21 04:05:40'),
(148, 26, 3, 11, 'Adaptive', NULL, 'EOY', 10, 0, '2025-08-30 00:50:22', NULL, NULL, 101, 2022, NULL, '2026-01-21 04:05:40'),
(146, 26, 3, 11, 'Adaptive', NULL, 'BOY', 10, 0, '2025-08-30 00:50:22', NULL, NULL, 137, 2022, NULL, '2026-01-21 04:05:40'),
(145, 25, 3, 11, 'Adaptive', NULL, 'EOY', 10, 0, '2025-08-30 00:50:22', NULL, NULL, 149, 2025, NULL, '2026-01-21 04:05:40'),
(143, 25, 3, 11, 'Adaptive', NULL, 'BOY', 10, 0, '2025-08-30 00:50:22', NULL, NULL, 150, 2025, NULL, '2026-01-21 04:05:40'),
(142, 25, 3, 11, 'Adaptive', NULL, 'EOY', 10, 0, '2025-08-30 00:50:22', NULL, NULL, 152, 2024, NULL, '2026-01-21 04:05:40'),
(140, 25, 3, 11, 'Adaptive', NULL, 'BOY', 10, 0, '2025-08-30 00:50:22', NULL, NULL, 158, 2024, NULL, '2026-01-21 04:05:40'),
(139, 25, 3, 11, 'Adaptive', NULL, 'EOY', 10, 0, '2025-08-30 00:50:22', NULL, NULL, 142, 2023, NULL, '2026-01-21 04:05:40'),
(137, 25, 3, 11, 'Adaptive', NULL, 'BOY', 10, 0, '2025-08-30 00:50:22', NULL, NULL, 155, 2023, NULL, '2026-01-21 04:05:40'),
(136, 25, 3, 11, 'Adaptive', NULL, 'EOY', 10, 0, '2025-08-30 00:50:22', NULL, NULL, 180, 2022, NULL, '2026-01-21 04:05:40'),
(214, 10, 6, 6, 'Standard', 8, 'BOY', 10, 8, '2026-01-23 11:23:41', 1, 30, 201, 2026, NULL, '2026-01-23 11:23:41'),
(212, 10, 6, 6, 'Standard', 8, 'BOY', 10, 8, '2026-01-23 11:07:19', 2, 30, 201, 2026, NULL, '2026-01-23 11:07:19'),
(213, 10, 6, 6, 'Standard', 8, 'BOY', 10, 8, '2026-01-23 11:16:20', 2, 30, 201, 2026, NULL, '2026-01-23 11:16:20'),
(208, 10, 6, 6, 'Standard', 9, 'BOY', 10, 4, '2026-01-23 09:59:10', 5, 30, 202, 2026, NULL, '2026-01-23 09:59:10'),
(210, 10, 6, 6, 'Standard', 10, 'BOY', 5, 1, '2026-01-23 10:27:16', 1, 30, 200, 2026, NULL, '2026-01-23 10:27:16'),
(215, 10, 6, 6, 'Standard', 8, 'BOY', 10, 8, '2026-01-23 11:33:08', 2, 30, 201, 2026, NULL, '2026-01-23 11:33:08'),
(216, 10, 6, 6, 'Standard', 8, 'BOY', 10, 9, '2026-01-23 11:45:06', 1, 30, 201, 2026, NULL, '2026-01-23 11:45:06'),
(217, 10, 6, 6, 'Standard', 8, 'BOY', 10, 8, '2026-01-23 13:26:42', 1, 30, 201, 2026, NULL, '2026-01-23 13:26:42');

--
-- Triggers `assessments`
--
DROP TRIGGER IF EXISTS `after_assessment_completion`;
DELIMITER $$
CREATE TRIGGER `after_assessment_completion` AFTER UPDATE ON `assessments` FOR EACH ROW BEGIN
  -- Only trigger when rit_score is updated from NULL to NOT NULL (assessment completed)
  IF OLD.rit_score IS NULL AND NEW.rit_score IS NOT NULL THEN
    CALL CalculateCompetencyScores(NEW.id);
  END IF;
END
$$
DELIMITER ;

-- --------------------------------------------------------

--
-- Table structure for table `assessment_competency_breakdown`
--

DROP TABLE IF EXISTS `assessment_competency_breakdown`;
CREATE TABLE IF NOT EXISTS `assessment_competency_breakdown` (
  `id` int NOT NULL AUTO_INCREMENT,
  `assessment_id` int NOT NULL,
  `competency_id` int NOT NULL,
  `questions_attempted` int NOT NULL DEFAULT '0',
  `questions_correct` int NOT NULL DEFAULT '0',
  `total_weight` decimal(5,2) NOT NULL DEFAULT '0.00' COMMENT 'Sum of weights for attempted questions',
  `weighted_correct` decimal(5,2) NOT NULL DEFAULT '0.00' COMMENT 'Sum of weights for correct answers',
  `competency_score` decimal(5,2) NOT NULL DEFAULT '0.00' COMMENT 'Competency score for this assessment',
  `created_at` timestamp NULL DEFAULT CURRENT_TIMESTAMP,
  PRIMARY KEY (`id`),
  UNIQUE KEY `assessment_competency_unique` (`assessment_id`,`competency_id`),
  KEY `idx_assessment_competency_breakdown_assessment` (`assessment_id`),
  KEY `idx_assessment_competency_breakdown_competency` (`competency_id`),
  KEY `idx_assessment_competency_breakdown_score` (`competency_score`),
  KEY `idx_assessment_competency_performance` (`assessment_id`,`competency_score`)
) ENGINE=MyISAM AUTO_INCREMENT=97 DEFAULT CHARSET=utf8mb4 COLLATE=utf8mb4_general_ci;

--
-- Dumping data for table `assessment_competency_breakdown`
--

INSERT INTO `assessment_competency_breakdown` (`id`, `assessment_id`, `competency_id`, `questions_attempted`, `questions_correct`, `total_weight`, `weighted_correct`, `competency_score`, `created_at`) VALUES
(1, 109, 2, 15, 10, 149.85, 99.90, 66.67, '2025-08-30 13:00:47'),
(2, 109, 1, 15, 10, 149.85, 99.90, 66.67, '2025-08-30 13:00:47'),
(3, 158, 2, 15, 9, 149.85, 89.91, 60.00, '2025-09-01 06:31:39'),
(4, 158, 1, 9, 3, 89.91, 29.97, 33.33, '2025-09-01 06:31:39'),
(5, 158, 4, 10, 7, 99.90, 69.93, 70.00, '2025-09-01 06:31:39'),
(6, 158, 3, 6, 3, 59.94, 29.97, 50.00, '2025-09-01 06:31:39'),
(7, 159, 1, 10, 5, 99.90, 49.95, 50.00, '2025-09-01 07:24:49'),
(8, 159, 2, 15, 7, 149.85, 69.93, 46.67, '2025-09-01 07:24:49'),
(9, 159, 3, 7, 2, 69.93, 19.98, 28.57, '2025-09-01 07:24:49'),
(10, 159, 4, 8, 6, 79.92, 59.94, 75.00, '2025-09-01 07:24:49'),
(11, 166, 2, 2, 1, 19.98, 9.99, 50.00, '2025-09-01 11:55:10'),
(12, 166, 3, 2, 1, 19.98, 9.99, 50.00, '2025-09-01 11:55:10'),
(13, 182, 2, 1, 1, 9.99, 9.99, 100.00, '2025-09-01 12:33:46'),
(14, 182, 3, 1, 1, 9.99, 9.99, 100.00, '2025-09-01 12:33:46'),
(15, 191, 1, 1, 1, 9.99, 9.99, 100.00, '2025-09-02 06:10:54'),
(16, 191, 2, 14, 11, 139.86, 109.89, 78.57, '2025-09-02 06:10:54'),
(17, 191, 3, 1, 1, 9.99, 9.99, 100.00, '2025-09-02 06:10:54'),
(18, 191, 4, 14, 11, 139.86, 109.89, 78.57, '2025-09-02 06:10:54'),
(19, 193, 1, 1, 0, 9.99, 0.00, 0.00, '2025-09-02 06:16:15'),
(20, 193, 2, 7, 4, 69.93, 39.96, 57.14, '2025-09-02 06:16:15'),
(21, 193, 4, 6, 4, 59.94, 39.96, 66.67, '2025-09-02 06:16:15'),
(22, 195, 1, 1, 1, 9.99, 9.99, 100.00, '2025-09-02 06:40:08'),
(23, 195, 2, 7, 4, 69.93, 39.96, 57.14, '2025-09-02 06:40:08'),
(24, 195, 4, 6, 3, 59.94, 29.97, 50.00, '2025-09-02 06:40:08'),
(25, 198, 2, 7, 6, 69.93, 59.94, 85.71, '2025-09-02 06:43:47'),
(26, 198, 4, 7, 6, 69.93, 59.94, 85.71, '2025-09-02 06:43:47'),
(27, 202, 2, 15, 10, 149.85, 99.90, 66.67, '2025-09-02 08:09:19'),
(28, 202, 1, 15, 10, 149.85, 99.90, 66.67, '2025-09-02 08:09:19'),
(29, 203, 1, 15, 6, 149.85, 59.94, 40.00, '2025-09-02 09:33:31'),
(30, 203, 2, 15, 6, 149.85, 59.94, 40.00, '2025-09-02 09:33:31'),
(78, 213, 4, 4, 3, 39.96, 29.97, 75.00, '2026-01-23 11:18:11'),
(77, 213, 1, 7, 5, 69.93, 49.95, 71.43, '2026-01-23 11:18:11'),
(76, 212, 3, 1, 1, 9.99, 9.99, 100.00, '2026-01-23 11:08:56'),
(75, 212, 1, 7, 5, 69.93, 49.95, 71.43, '2026-01-23 11:08:56'),
(74, 212, 4, 4, 3, 39.96, 29.97, 75.00, '2026-01-23 11:08:56'),
(73, 212, 2, 3, 3, 29.97, 29.97, 100.00, '2026-01-23 11:08:56'),
(37, 227, 2, 9, 3, 89.91, 29.97, 33.33, '2026-01-21 09:39:06'),
(38, 227, 3, 7, 1, 69.93, 9.99, 14.29, '2026-01-21 09:39:06'),
(39, 227, 1, 1, 0, 9.99, 0.00, 0.00, '2026-01-21 09:39:06'),
(40, 227, 4, 3, 2, 29.97, 19.98, 66.67, '2026-01-21 09:39:06'),
(41, 229, 1, 8, 6, 79.92, 59.94, 75.00, '2026-01-21 09:54:37'),
(42, 229, 2, 5, 4, 49.95, 39.96, 80.00, '2026-01-21 09:54:37'),
(43, 229, 4, 4, 3, 39.96, 29.97, 75.00, '2026-01-21 09:54:37'),
(44, 229, 3, 3, 1, 29.97, 9.99, 33.33, '2026-01-21 09:54:37'),
(45, 232, 1, 4, 1, 39.96, 9.99, 25.00, '2026-01-21 11:44:38'),
(46, 232, 2, 8, 3, 79.92, 29.97, 37.50, '2026-01-21 11:44:38'),
(47, 232, 4, 5, 2, 49.95, 19.98, 40.00, '2026-01-21 11:44:38'),
(48, 232, 3, 3, 0, 29.97, 0.00, 0.00, '2026-01-21 11:44:38'),
(49, 233, 1, 3, 3, 29.97, 29.97, 100.00, '2026-01-22 07:05:36'),
(50, 233, 2, 1, 0, 9.99, 0.00, 0.00, '2026-01-22 07:05:36'),
(51, 233, 4, 3, 2, 29.97, 19.98, 66.67, '2026-01-22 07:05:36'),
(52, 291, 1, 6, 1, 59.94, 9.99, 16.67, '2026-01-22 07:53:43'),
(53, 291, 4, 4, 0, 39.96, 0.00, 0.00, '2026-01-22 07:53:43'),
(54, 291, 2, 4, 2, 39.96, 19.98, 50.00, '2026-01-22 07:53:43'),
(55, 291, 3, 2, 1, 19.98, 9.99, 50.00, '2026-01-22 07:53:43'),
(56, 292, 1, 6, 2, 59.94, 19.98, 33.33, '2026-01-22 08:58:43'),
(57, 292, 4, 4, 1, 39.96, 9.99, 25.00, '2026-01-22 08:58:43'),
(58, 292, 2, 3, 1, 29.97, 9.99, 33.33, '2026-01-22 08:58:43'),
(59, 292, 3, 1, 0, 9.99, 0.00, 0.00, '2026-01-22 08:58:43'),
(60, 208, 1, 8, 3, 79.92, 29.97, 37.50, '2026-01-23 10:04:38'),
(61, 208, 2, 7, 3, 69.93, 29.97, 42.86, '2026-01-23 10:04:38'),
(62, 208, 4, 1, 0, 9.99, 0.00, 0.00, '2026-01-23 10:04:38'),
(68, 210, 2, 2, 0, 19.98, 0.00, 0.00, '2026-01-23 10:28:36'),
(67, 210, 4, 1, 0, 9.99, 0.00, 0.00, '2026-01-23 10:28:36'),
(66, 210, 1, 3, 1, 29.97, 9.99, 33.33, '2026-01-23 10:28:36'),
(79, 213, 3, 1, 1, 9.99, 9.99, 100.00, '2026-01-23 11:18:11'),
(80, 213, 2, 3, 3, 29.97, 29.97, 100.00, '2026-01-23 11:18:11'),
(81, 214, 1, 7, 5, 69.93, 49.95, 71.43, '2026-01-23 11:24:37'),
(82, 214, 4, 4, 3, 39.96, 29.97, 75.00, '2026-01-23 11:24:37'),
(83, 214, 2, 3, 3, 29.97, 29.97, 100.00, '2026-01-23 11:24:37'),
(84, 214, 3, 1, 1, 9.99, 9.99, 100.00, '2026-01-23 11:24:37'),
(85, 215, 1, 7, 5, 69.93, 49.95, 71.43, '2026-01-23 11:35:18'),
(86, 215, 4, 4, 3, 39.96, 29.97, 75.00, '2026-01-23 11:35:18'),
(87, 215, 3, 1, 1, 9.99, 9.99, 100.00, '2026-01-23 11:35:18'),
(88, 215, 2, 3, 3, 29.97, 29.97, 100.00, '2026-01-23 11:35:18'),
(89, 216, 1, 7, 6, 69.93, 59.94, 85.71, '2026-01-23 11:46:25'),
(90, 216, 4, 4, 3, 39.96, 29.97, 75.00, '2026-01-23 11:46:25'),
(91, 216, 2, 3, 3, 29.97, 29.97, 100.00, '2026-01-23 11:46:25'),
(92, 216, 3, 1, 1, 9.99, 9.99, 100.00, '2026-01-23 11:46:25'),
(93, 217, 1, 7, 5, 69.93, 49.95, 71.43, '2026-01-23 13:27:31'),
(94, 217, 4, 4, 3, 39.96, 29.97, 75.00, '2026-01-23 13:27:31'),
(95, 217, 2, 3, 3, 29.97, 29.97, 100.00, '2026-01-23 13:27:31'),
(96, 217, 3, 1, 1, 9.99, 9.99, 100.00, '2026-01-23 13:27:31');

-- --------------------------------------------------------

--
-- Stand-in structure for view `assessment_competency_details`
-- (See below for the actual view)
--
DROP VIEW IF EXISTS `assessment_competency_details`;
CREATE TABLE IF NOT EXISTS `assessment_competency_details` (
`assessment_id` int
,`assessment_period` enum('BOY','EOY')
,`competency_code` varchar(20)
,`competency_name` varchar(100)
,`competency_score` decimal(5,2)
,`date_taken` timestamp
,`first_name` varchar(100)
,`last_name` varchar(100)
,`performance_level` varchar(7)
,`questions_attempted` int
,`questions_correct` int
,`student_id` int
,`subject_name` varchar(100)
,`total_weight` decimal(5,2)
,`username` varchar(50)
,`weighted_correct` decimal(5,2)
,`year` int
);

-- --------------------------------------------------------

--
-- Table structure for table `assessment_configurations`
--

DROP TABLE IF EXISTS `assessment_configurations`;
CREATE TABLE IF NOT EXISTS `assessment_configurations` (
  `id` int NOT NULL AUTO_INCREMENT,
  `grade_id` int NOT NULL,
  `subject_id` int NOT NULL,
  `time_limit_minutes` int NOT NULL DEFAULT '30',
  `question_count` int NOT NULL DEFAULT '10',
  `default_mode` enum('Standard','Adaptive') COLLATE utf8mb4_general_ci NOT NULL DEFAULT 'Adaptive',
  `is_active` tinyint(1) DEFAULT '1',
  `created_at` timestamp NULL DEFAULT CURRENT_TIMESTAMP,
  `updated_at` timestamp NULL DEFAULT CURRENT_TIMESTAMP ON UPDATE CURRENT_TIMESTAMP,
  PRIMARY KEY (`id`),
  UNIQUE KEY `grade_subject_unique` (`grade_id`,`subject_id`),
  KEY `idx_config_grade` (`grade_id`),
  KEY `idx_config_subject` (`subject_id`),
  KEY `idx_config_active` (`is_active`),
  KEY `idx_config_mode` (`default_mode`)
) ENGINE=MyISAM AUTO_INCREMENT=6 DEFAULT CHARSET=utf8mb4 COLLATE=utf8mb4_general_ci;

--
-- Dumping data for table `assessment_configurations`
--

INSERT INTO `assessment_configurations` (`id`, `grade_id`, `subject_id`, `time_limit_minutes`, `question_count`, `default_mode`, `is_active`, `created_at`, `updated_at`) VALUES
(2, 1, 4, 10, 10, 'Adaptive', 1, '2025-08-30 09:49:26', '2025-08-30 09:49:26'),
(3, 11, 6, 10, 15, 'Adaptive', 1, '2025-08-30 11:09:54', '2025-08-30 11:09:54'),
(4, 11, 3, 10, 7, 'Adaptive', 1, '2025-08-30 11:10:08', '2025-09-02 06:15:03'),
(5, 1, 6, 10, 10, 'Standard', 1, '2026-01-21 07:26:27', '2026-01-21 07:26:27');

-- --------------------------------------------------------

--
-- Table structure for table `assessment_responses`
--

DROP TABLE IF EXISTS `assessment_responses`;
CREATE TABLE IF NOT EXISTS `assessment_responses` (
  `id` int NOT NULL AUTO_INCREMENT,
  `assessment_id` int NOT NULL,
  `question_id` int NOT NULL,
  `question_order` int NOT NULL,
  `selected_option_index` text COLLATE utf8mb4_general_ci COMMENT 'Stores answer: integer index for MCQ/TrueFalse, JSON array for MultipleSelect/FillInBlank/Matching, or text for ShortAnswer/Essay',
  `is_correct` tinyint(1) DEFAULT NULL,
  `ai_grading_result` text COLLATE utf8mb4_general_ci COMMENT 'JSON string containing AI grading result: {"correct": 1 or 0, "reason": "explanation"}',
  `response_time_seconds` int DEFAULT NULL,
  `created_at` timestamp NULL DEFAULT CURRENT_TIMESTAMP,
  `question_difficulty` int DEFAULT NULL,
  PRIMARY KEY (`id`),
  KEY `assessment_id` (`assessment_id`),
  KEY `question_id` (`question_id`),
  KEY `idx_responses_question_difficulty` (`question_difficulty`),
  KEY `idx_ai_grading_result` (`ai_grading_result`(100))
) ENGINE=MyISAM AUTO_INCREMENT=334 DEFAULT CHARSET=utf8mb4 COLLATE=utf8mb4_general_ci;

--
-- Dumping data for table `assessment_responses`
--

INSERT INTO `assessment_responses` (`id`, `assessment_id`, `question_id`, `question_order`, `selected_option_index`, `is_correct`, `ai_grading_result`, `response_time_seconds`, `created_at`, `question_difficulty`) VALUES
(1, 109, 286, 1, '0', 1, NULL, NULL, '2025-08-30 12:56:48', 225),
(2, 109, 277, 2, '1', 0, NULL, NULL, '2025-08-30 12:56:59', 226),
(3, 109, 328, 3, '0', 1, NULL, NULL, '2025-08-30 12:57:32', 224),
(4, 109, 370, 4, '0', 1, NULL, NULL, '2025-08-30 12:57:44', 226),
(5, 109, 319, 5, '1', 0, NULL, NULL, '2025-08-30 12:57:55', 227),
(6, 109, 244, 6, '0', 1, NULL, NULL, '2025-08-30 12:58:35', 223),
(7, 109, 298, 7, '2', 0, NULL, NULL, '2025-08-30 12:58:51', 228),
(8, 109, 391, 8, '0', 1, NULL, NULL, '2025-08-30 12:59:01', 223),
(9, 109, 340, 9, '1', 0, NULL, NULL, '2025-08-30 12:59:10', 229),
(10, 109, 307, 10, '0', 1, NULL, NULL, '2025-08-30 12:59:16', 222),
(11, 109, 361, 11, '1', 0, NULL, NULL, '2025-08-30 12:59:22', 230),
(12, 109, 349, 12, '0', 1, NULL, NULL, '2025-08-30 12:59:28', 221),
(13, 109, 256, 13, '0', 1, NULL, NULL, '2025-08-30 13:00:13', 231),
(14, 109, 382, 14, '0', 1, NULL, NULL, '2025-08-30 13:00:24', 232),
(15, 109, 238, 15, '0', 1, NULL, NULL, '2025-08-30 13:00:47', 234),
(16, 158, 148, 1, '1', 0, NULL, NULL, '2025-09-01 06:29:55', 225),
(17, 158, 223, 2, '0', 0, NULL, NULL, '2025-09-01 06:29:58', 223),
(18, 158, 128, 3, '3', 0, NULL, NULL, '2025-09-01 06:30:03', 220),
(19, 158, 146, 4, '1', 1, NULL, NULL, '2025-09-01 06:30:06', 216),
(20, 158, 231, 5, '0', 1, NULL, NULL, '2025-09-01 06:30:13', 226),
(21, 158, 206, 6, '0', 1, NULL, NULL, '2025-09-01 06:30:19', 234),
(22, 158, 140, 7, '1', 0, NULL, NULL, '2025-09-01 06:30:23', 238),
(23, 158, 157, 8, '2', 1, NULL, NULL, '2025-09-01 06:30:27', 214),
(24, 158, 232, 9, '1', 1, NULL, NULL, '2025-09-01 06:30:30', 238),
(25, 158, 216, 10, '3', 0, NULL, NULL, '2025-09-01 06:30:33', 240),
(26, 158, 159, 11, '1', 1, NULL, NULL, '2025-09-01 06:30:36', 238),
(27, 158, 175, 12, '2', 1, NULL, NULL, '2025-09-01 06:30:39', 240),
(28, 158, 202, 13, '1', 0, NULL, NULL, '2025-09-01 06:30:42', 241),
(29, 158, 135, 14, '1', 1, NULL, NULL, '2025-09-01 06:30:47', 212),
(30, 158, 194, 15, '3', 0, NULL, NULL, '2025-09-01 06:30:51', 243),
(31, 158, 123, 16, '1', 1, NULL, NULL, '2025-09-01 06:30:54', 211),
(32, 158, 173, 17, '2', 0, NULL, NULL, '2025-09-01 06:30:56', 244),
(33, 158, 181, 18, '1', 1, NULL, NULL, '2025-09-01 06:31:30', 209),
(34, 158, 163, 19, '2', 1, NULL, NULL, '2025-09-01 06:31:36', 246),
(35, 158, 192, 20, '0', 0, NULL, NULL, '2025-09-01 06:31:39', 247),
(36, 159, 192, 1, '2', 1, NULL, NULL, '2025-09-01 07:22:53', 247),
(37, 159, 136, 2, '2', 1, NULL, NULL, '2025-09-01 07:22:56', 250),
(38, 159, 165, 3, '3', 0, NULL, NULL, '2025-09-01 07:22:59', 256),
(39, 159, 199, 4, '1', 1, NULL, NULL, '2025-09-01 07:23:03', 250),
(40, 159, 225, 5, '2', 0, NULL, NULL, '2025-09-01 07:23:06', 259),
(41, 159, 224, 6, '0', 0, NULL, NULL, '2025-09-01 07:23:09', 250),
(42, 159, 163, 7, '2', 1, NULL, NULL, '2025-09-01 07:23:20', 246),
(43, 159, 144, 8, '2', 0, NULL, NULL, '2025-09-01 07:23:32', 260),
(44, 159, 172, 9, '2', 1, NULL, NULL, '2025-09-01 07:23:44', 246),
(45, 159, 226, 10, '1', 1, NULL, NULL, '2025-09-01 07:23:51', 263),
(46, 159, 167, 11, '0', 1, NULL, NULL, '2025-09-01 07:24:05', 268),
(47, 159, 150, 12, '3', 0, NULL, NULL, '2025-09-01 07:24:08', 269),
(48, 159, 133, 13, '2', 0, NULL, NULL, '2025-09-01 07:24:11', 268),
(49, 159, 173, 14, '0', 0, NULL, NULL, '2025-09-01 07:24:14', 244),
(50, 159, 194, 15, '1', 1, NULL, NULL, '2025-09-01 07:24:22', 243),
(51, 159, 209, 16, '1', 1, NULL, NULL, '2025-09-01 07:24:25', 270),
(52, 159, 124, 17, '2', 0, NULL, NULL, '2025-09-01 07:24:28', 271),
(53, 159, 202, 18, '0', 0, NULL, NULL, '2025-09-01 07:24:32', 241),
(54, 159, 175, 19, '2', 1, NULL, NULL, '2025-09-01 07:24:43', 240),
(55, 159, 184, 20, '3', 0, NULL, NULL, '2025-09-01 07:24:49', 271),
(56, 166, 165, 1, '1', 1, NULL, NULL, '2025-09-01 11:52:18', 256),
(57, 166, 225, 2, '0', 0, NULL, NULL, '2025-09-01 11:55:10', 259),
(58, 182, 225, 1, '1', 1, NULL, NULL, '2025-09-01 12:33:46', 259),
(59, 184, 225, 1, '0', 0, NULL, NULL, '2025-09-01 12:50:02', 259),
(60, 186, 225, 1, '0', 0, NULL, NULL, '2025-09-01 12:53:54', 259),
(61, 191, 689, 1, '1', 0, NULL, NULL, '2025-09-02 06:07:34', 283),
(62, 191, 647, 2, '1', 1, NULL, NULL, '2025-09-02 06:07:40', 281),
(63, 191, 705, 3, '3', 0, NULL, NULL, '2025-09-02 06:07:47', 285),
(64, 191, 743, 4, '1', 1, NULL, NULL, '2025-09-02 06:07:52', 280),
(65, 191, 721, 5, '0', 1, NULL, NULL, '2025-09-02 06:08:11', 287),
(66, 191, 642, 6, '1', 1, NULL, NULL, '2025-09-02 06:08:34', 289),
(67, 191, 658, 7, '1', 1, NULL, NULL, '2025-09-02 06:08:53', 291),
(68, 191, 668, 8, '1', 1, NULL, NULL, '2025-09-02 06:09:03', 293),
(69, 191, 684, 9, '3', 0, NULL, NULL, '2025-09-02 06:09:16', 294),
(70, 191, 737, 10, '0', 1, NULL, NULL, '2025-09-02 06:09:46', 289),
(71, 191, 652, 11, '2', 1, NULL, NULL, '2025-09-02 06:10:03', 295),
(72, 191, 678, 12, '1', 1, NULL, NULL, '2025-09-02 06:10:23', 296),
(73, 191, 694, 13, '2', 1, NULL, NULL, '2025-09-02 06:10:39', 297),
(74, 191, 636, 14, '2', 1, NULL, NULL, '2025-09-02 06:10:47', 298),
(75, 191, 700, 15, '2', 1, NULL, NULL, '2025-09-02 06:10:54', 299),
(76, 193, 737, 1, '1', 0, NULL, NULL, '2025-09-02 06:15:28', 289),
(77, 193, 622, 2, '0', 0, NULL, NULL, '2025-09-02 06:15:31', 287),
(78, 193, 705, 3, '3', 0, NULL, NULL, '2025-09-02 06:15:36', 285),
(79, 193, 689, 4, '0', 1, NULL, NULL, '2025-09-02 06:15:41', 283),
(80, 193, 721, 5, '0', 1, NULL, NULL, '2025-09-02 06:15:59', 287),
(81, 193, 642, 6, '1', 1, NULL, NULL, '2025-09-02 06:16:05', 289),
(82, 193, 658, 7, '1', 1, NULL, NULL, '2025-09-02 06:16:15', 291),
(83, 195, 721, 1, '1', 0, NULL, NULL, '2025-09-02 06:39:38', 287),
(84, 195, 705, 2, '0', 1, NULL, NULL, '2025-09-02 06:39:42', 285),
(85, 195, 622, 3, '1', 1, NULL, NULL, '2025-09-02 06:39:46', 287),
(86, 195, 642, 4, '2', 0, NULL, NULL, '2025-09-02 06:39:52', 289),
(87, 195, 689, 5, '0', 1, NULL, NULL, '2025-09-02 06:39:59', 283),
(88, 195, 737, 6, '0', 1, NULL, NULL, '2025-09-02 06:40:03', 289),
(89, 195, 658, 7, '0', 0, NULL, NULL, '2025-09-02 06:40:08', 291),
(90, 198, 668, 1, '1', 1, NULL, NULL, '2025-09-02 06:42:33', 293),
(91, 198, 684, 2, '2', 1, NULL, NULL, '2025-09-02 06:43:15', 294),
(92, 198, 652, 3, '1', 0, NULL, NULL, '2025-09-02 06:43:21', 295),
(93, 198, 658, 4, '1', 1, NULL, NULL, '2025-09-02 06:43:29', 291),
(94, 198, 678, 5, '1', 1, NULL, NULL, '2025-09-02 06:43:37', 296),
(95, 198, 694, 6, '2', 1, NULL, NULL, '2025-09-02 06:43:43', 297),
(96, 198, 636, 7, '2', 1, NULL, NULL, '2025-09-02 06:43:47', 298),
(97, 202, 286, 1, '0', 1, NULL, NULL, '2025-09-02 08:05:42', 225),
(98, 202, 277, 2, '2', 0, NULL, NULL, '2025-09-02 08:05:50', 226),
(99, 202, 328, 3, '0', 1, NULL, NULL, '2025-09-02 08:06:07', 224),
(100, 202, 370, 4, '0', 1, NULL, NULL, '2025-09-02 08:06:17', 226),
(101, 202, 319, 5, '0', 1, NULL, NULL, '2025-09-02 08:06:37', 227),
(102, 202, 298, 6, '2', 0, NULL, NULL, '2025-09-02 08:06:42', 228),
(103, 202, 244, 7, '0', 1, NULL, NULL, '2025-09-02 08:06:47', 223),
(104, 202, 340, 8, '2', 0, NULL, NULL, '2025-09-02 08:07:44', 229),
(105, 202, 391, 9, '0', 1, NULL, NULL, '2025-09-02 08:07:52', 223),
(106, 202, 361, 10, '0', 1, NULL, NULL, '2025-09-02 08:08:00', 230),
(107, 202, 256, 11, '2', 0, NULL, NULL, '2025-09-02 08:08:06', 231),
(108, 202, 307, 12, '0', 1, NULL, NULL, '2025-09-02 08:08:28', 222),
(109, 202, 382, 13, '0', 1, NULL, NULL, '2025-09-02 08:08:45', 232),
(110, 202, 238, 14, '2', 0, NULL, NULL, '2025-09-02 08:08:49', 234),
(111, 202, 349, 15, '0', 1, NULL, NULL, '2025-09-02 08:09:19', 221),
(112, 203, 319, 1, '0', 1, NULL, NULL, '2025-09-02 09:31:24', 227),
(113, 203, 382, 2, '0', 1, NULL, NULL, '2025-09-02 09:31:37', 232),
(114, 203, 238, 3, '1', 0, NULL, NULL, '2025-09-02 09:31:58', 234),
(115, 203, 340, 4, '1', 0, NULL, NULL, '2025-09-02 09:32:08', 229),
(116, 203, 286, 5, '0', 1, NULL, NULL, '2025-09-02 09:32:17', 225),
(117, 203, 361, 6, '0', 1, NULL, NULL, '2025-09-02 09:32:25', 230),
(118, 203, 256, 7, '2', 0, NULL, NULL, '2025-09-02 09:32:34', 231),
(119, 203, 298, 8, '2', 0, NULL, NULL, '2025-09-02 09:32:42', 228),
(120, 203, 328, 9, '1', 0, NULL, NULL, '2025-09-02 09:32:51', 224),
(121, 203, 280, 10, '1', 0, NULL, NULL, '2025-09-02 09:32:57', 220),
(122, 203, 259, 11, '1', 0, NULL, NULL, '2025-09-02 09:33:02', 217),
(123, 203, 385, 12, '0', 1, NULL, NULL, '2025-09-02 09:33:07', 214),
(124, 203, 301, 13, '1', 0, NULL, NULL, '2025-09-02 09:33:19', 218),
(125, 203, 364, 14, '0', 1, NULL, NULL, '2025-09-02 09:33:24', 215),
(126, 203, 343, 15, '1', 0, NULL, NULL, '2025-09-02 09:33:31', 219),
(284, 213, 124, 8, '1', 1, NULL, NULL, '2026-01-23 11:16:22', 271),
(283, 212, 129, 6, '1', 1, NULL, NULL, '2026-01-23 11:08:56', 140),
(282, 212, 124, 8, '1', 1, NULL, NULL, '2026-01-23 11:08:50', 271),
(281, 212, 747, 5, '[0,2]', 1, NULL, NULL, '2026-01-23 11:08:45', 204),
(280, 212, 749, 3, '[3,2,0,1]', 1, NULL, NULL, '2026-01-23 11:08:34', 204),
(279, 212, 748, 4, '[1,0]', 1, NULL, NULL, '2026-01-23 11:08:24', 200),
(278, 212, 126, 10, '3', 1, NULL, NULL, '2026-01-23 11:08:18', 196),
(277, 212, 125, 9, '0', 1, NULL, NULL, '2026-01-23 11:08:09', 172),
(276, 212, 751, 2, 'Total students = 480\n\nGirls = \n3\n8\n×\n480\n=\n180\n8\n3\n	​\n\n×480=180\n\nBoys = Total − Girls\nBoys = \n480\n−\n180\n=\n300\n480−180=300\n\n✅ Number of girls = 180\n✅ Number of boys = 300', 0, '{\"correct\":0,\"reason\":\"The student\'s response directly calculates the answer without demonstrating the complex reasoning, planning, or multi-step problem-solving expected for DOK Level 3. It\'s a straightforward application of a formula.\"}', NULL, '2026-01-23 11:08:05', 200),
(275, 212, 128, 7, '3', 1, NULL, NULL, '2026-01-23 11:07:46', 220),
(274, 212, 753, 1, 'test', 0, '{\"correct\":0,\"reason\":\"The student\'s response \'test\' is not a mathematical answer and does not demonstrate any recall or reproduction of facts, terms, or procedures related to finding the area of a rectangle, which is expected at DOK Level 1.\"}', NULL, '2026-01-23 11:07:30', 200),
(157, 227, 186, 4, '0', 0, NULL, NULL, '2026-01-21 09:35:51', 133),
(158, 227, 170, 5, '2', 1, NULL, NULL, '2026-01-21 09:36:03', 139),
(159, 227, 186, 4, '0', 0, NULL, NULL, '2026-01-21 09:38:43', 133),
(160, 227, 170, 5, '1', 0, NULL, NULL, '2026-01-21 09:38:47', 139),
(161, 227, 132, 1, '0', 0, NULL, NULL, '2026-01-21 09:38:51', 114),
(162, 227, 218, 2, '2', 0, NULL, NULL, '2026-01-21 09:38:54', 120),
(163, 227, 191, 6, '1', 1, NULL, NULL, '2026-01-21 09:38:57', 157),
(164, 227, 147, 7, '0', 0, NULL, NULL, '2026-01-21 09:39:00', 163),
(165, 227, 154, 9, '2', 0, NULL, NULL, '2026-01-21 09:39:03', 178),
(166, 227, 183, 10, '1', 1, NULL, NULL, '2026-01-21 09:39:06', 184),
(167, 227, 189, 3, '2', 1, NULL, NULL, '2026-01-21 09:39:09', 123),
(168, 227, 138, 8, '1', 1, NULL, NULL, '2026-01-21 09:39:12', 155),
(169, 229, 176, 1, '1', 1, NULL, NULL, '2026-01-21 09:52:40', 313),
(170, 229, 176, 2, '1', 1, NULL, NULL, '2026-01-21 09:52:56', 313),
(171, 229, 142, 3, '0', 1, NULL, NULL, '2026-01-21 09:53:18', 317),
(172, 229, 213, 4, '1', 1, NULL, NULL, '2026-01-21 09:53:24', 321),
(173, 229, 169, 5, '2', 1, NULL, NULL, '2026-01-21 09:53:33', 325),
(174, 229, 182, 6, '1', 0, NULL, NULL, '2026-01-21 09:54:02', 330),
(175, 229, 197, 7, '2', 0, NULL, NULL, '2026-01-21 09:54:13', 323),
(176, 229, 188, 8, '0', 0, NULL, NULL, '2026-01-21 09:54:24', 319),
(177, 229, 222, 9, '0', 1, NULL, NULL, '2026-01-21 09:54:32', 320),
(178, 229, 168, 10, '1', 1, NULL, NULL, '2026-01-21 09:54:37', 331),
(179, 232, 180, 7, '1', 1, NULL, NULL, '2026-01-21 11:42:47', 134),
(180, 232, 155, 10, '2', 0, NULL, NULL, '2026-01-21 11:42:50', 164),
(181, 232, 162, 4, '2', 0, NULL, NULL, '2026-01-21 11:44:19', 126),
(182, 232, 190, 5, '1', 0, NULL, NULL, '2026-01-21 11:44:22', 126),
(183, 232, 218, 2, '2', 0, NULL, NULL, '2026-01-21 11:44:25', 120),
(184, 232, 227, 1, '1', 0, NULL, NULL, '2026-01-21 11:44:28', 117),
(185, 232, 127, 8, '0', 0, NULL, NULL, '2026-01-21 11:44:31', 163),
(186, 232, 147, 9, '2', 1, NULL, NULL, '2026-01-21 11:44:34', 163),
(187, 232, 147, 9, '2', 1, NULL, NULL, '2026-01-21 11:44:34', 163),
(188, 232, 186, 6, '2', 0, NULL, NULL, '2026-01-21 11:44:38', 133),
(189, 232, 141, 3, '1', 0, NULL, NULL, '2026-01-21 11:44:41', 121),
(190, 233, 748, 1, '0', 1, NULL, NULL, '2026-01-22 07:05:02', 200),
(191, 233, 747, 2, '0', 1, NULL, NULL, '2026-01-22 07:05:10', 204),
(192, 233, 129, 3, '0', 0, NULL, NULL, '2026-01-22 07:05:22', 140),
(193, 233, 128, 4, '1', 1, NULL, NULL, '2026-01-22 07:05:30', 220),
(194, 233, 124, 5, '1', 1, NULL, NULL, '2026-01-22 07:05:36', 271),
(195, 233, 748, 1, '0', 0, NULL, NULL, '2026-01-22 07:06:27', 200),
(196, 246, 124, 7, '0', 0, NULL, NULL, '2026-01-22 07:41:41', 271),
(197, 246, 747, 3, '[0,2]', 0, NULL, NULL, '2026-01-22 07:41:47', 204),
(198, 246, 125, 8, '0', 0, NULL, NULL, '2026-01-22 07:42:18', 172),
(199, 246, 129, 5, '0', 0, NULL, NULL, '2026-01-22 07:42:29', 140),
(200, 247, 128, 6, '1', 1, NULL, NULL, '2026-01-22 07:43:33', 220),
(201, 247, 125, 8, '2', 0, NULL, NULL, '2026-01-22 07:43:39', 172),
(202, 247, 129, 5, '0', 0, NULL, NULL, '2026-01-22 07:43:43', 140),
(203, 247, 126, 9, '0', 0, NULL, NULL, '2026-01-22 07:43:50', 196),
(204, 247, 127, 10, '3', 0, NULL, NULL, '2026-01-22 07:43:55', 163),
(205, 247, 751, 1, 'hello world this is the answer of this question', NULL, NULL, NULL, '2026-01-22 07:44:09', 200),
(206, 258, 125, 8, '1', 1, NULL, NULL, '2026-01-22 07:46:23', 172),
(207, 258, 128, 6, '1', 1, NULL, NULL, '2026-01-22 07:46:27', 220),
(208, 258, 124, 7, '2', 0, NULL, NULL, '2026-01-22 07:46:32', 271),
(209, 258, 129, 5, '0', 0, NULL, NULL, '2026-01-22 07:46:37', 140),
(210, 259, 751, 1, 'hello world', NULL, NULL, NULL, '2026-01-22 07:48:29', 200),
(211, 291, 751, 1, 'test test test', NULL, NULL, NULL, '2026-01-22 07:52:38', 200),
(212, 291, 749, 4, '[3,2,0,1]', 1, NULL, NULL, '2026-01-22 07:52:55', 204),
(213, 291, 125, 8, '3', 0, NULL, NULL, '2026-01-22 07:53:11', 172),
(214, 291, 129, 5, '0', 0, NULL, NULL, '2026-01-22 07:53:15', 140),
(215, 291, 748, 2, '[1,0]', 1, NULL, NULL, '2026-01-22 07:53:21', 200),
(216, 291, 128, 6, '0', 0, NULL, NULL, '2026-01-22 07:53:26', 220),
(217, 291, 124, 7, '0', 0, NULL, NULL, '2026-01-22 07:53:29', 271),
(218, 291, 747, 3, '[0,1]', 0, NULL, NULL, '2026-01-22 07:53:34', 204),
(219, 291, 126, 9, '3', 0, NULL, NULL, '2026-01-22 07:53:40', 196),
(220, 291, 127, 10, '2', 1, NULL, NULL, '2026-01-22 07:53:43', 163),
(221, 291, 751, 1, 'hjkjkhhjkhjk', NULL, NULL, NULL, '2026-01-22 07:58:29', 200),
(222, 291, 749, 4, '[3,2,0,1]', 1, NULL, NULL, '2026-01-22 07:58:50', 204),
(223, 292, 752, 1, 'I dont know', NULL, NULL, NULL, '2026-01-22 08:56:59', 221),
(224, 292, 751, 2, 'Hello World', NULL, NULL, NULL, '2026-01-22 08:57:09', 200),
(225, 292, 747, 5, '[0,1]', 0, NULL, NULL, '2026-01-22 08:57:15', 204),
(226, 292, 749, 3, '[3,2,0,1]', 1, NULL, NULL, '2026-01-22 08:57:33', 204),
(227, 292, 126, 10, '0', 0, NULL, NULL, '2026-01-22 08:57:38', 196),
(228, 292, 748, 4, '[1,0]', 1, NULL, NULL, '2026-01-22 08:57:50', 200),
(229, 292, 128, 7, '1', 1, NULL, NULL, '2026-01-22 08:58:09', 220),
(230, 292, 125, 9, '3', 0, NULL, NULL, '2026-01-22 08:58:17', 172),
(231, 292, 129, 6, '0', 0, NULL, NULL, '2026-01-22 08:58:31', 140),
(232, 292, 124, 8, '0', 0, NULL, NULL, '2026-01-22 08:58:43', 271),
(244, 208, 780, 5, '[1,3,0,2]', 1, NULL, NULL, '2026-01-23 09:59:29', 180),
(245, 208, 754, 2, 'Given: total = 480 , boys = 210, girls = ?.\ngirls = total - boys, girls = 480 - 210, girls = 270.\nRatio of Girls to Boys = 270 : 210\ndivide both side by 30\nfinal ratio = 9 : 7', 0, '{\"correct\":0,\"reason\":\"AI grading error: AI grading failed: [GoogleGenerativeAI Error]: Error fetching from https://generativelanguage.googleapis.com/v1beta/models/gemini-pro:generateContent: [404 Not Found] models/gemini-pro is not found for API version v1beta, or is not supported for generateContent. Call ListModels to see the list of available models and their supported methods.. Please contact administrator.\"}', NULL, '2026-01-23 10:02:14', 200),
(246, 208, 751, 4, 'Total students = 480\n\nGirls = \n3\n8\n×\n480\n=\n180\n8\n3\n	​\n\n×480=180\n\nBoys = Total − Girls\nBoys = \n480\n−\n180\n=\n300\n480−180=300\n\n✅ Number of girls = 180\n✅ Number of boys = 300', 0, '{\"correct\":0,\"reason\":\"AI grading error: Invalid DOK level: null. DOK level must be between 1 and 4 for Short Answer and Essay questions.. Please contact administrator.\"}', NULL, '2026-01-23 10:02:37', 200),
(247, 208, 753, 3, 'Area of a rectangle = length × breadth\n\nGiven:\nb = 20 m\nl = 28.5 m\n\nArea = \n28.5\n×\n20\n=\n570\n28.5×20=570\n\n✅ Area of the rectangle = 570 m²', 0, '{\"correct\":0,\"reason\":\"AI grading error: Invalid DOK level: null. DOK level must be between 1 and 4 for Short Answer and Essay questions.. Please contact administrator.\"}', NULL, '2026-01-23 10:03:31', 200),
(248, 208, 786, 1, '12', 0, '{\"correct\":0,\"reason\":\"AI grading error: AI grading failed: [GoogleGenerativeAI Error]: Error fetching from https://generativelanguage.googleapis.com/v1beta/models/gemini-pro:generateContent: [404 Not Found] models/gemini-pro is not found for API version v1beta, or is not supported for generateContent. Call ListModels to see the list of available models and their supported methods.. Please contact administrator.\"}', NULL, '2026-01-23 10:03:45', 180),
(249, 208, 748, 10, '[1,0]', 1, NULL, NULL, '2026-01-23 10:03:54', 200),
(250, 208, 764, 9, '[0,0]', 0, NULL, NULL, '2026-01-23 10:04:04', 180),
(251, 208, 756, 6, '[0,1,3]', 0, NULL, NULL, '2026-01-23 10:04:20', 295),
(252, 208, 767, 8, '1', 1, NULL, NULL, '2026-01-23 10:04:24', 180),
(253, 208, 749, 7, '[3,2,0,1]', 1, NULL, NULL, '2026-01-23 10:04:38', 204),
(263, 210, 751, 5, 'Total students = 480 Girls = 3 8 × 480 = 180 8 3​×480=180 Boys = Total − Girls Boys = 480 − 180 = 300 480−180=300 ✅ Number of girls = 180 ✅ Number of boys = 300', 0, '{\"correct\":0,\"reason\":\"The student\'s response correctly solves the problem but does not demonstrate the complex reasoning, strategic thinking, or multi-step problem-solving expected at DOK Level 3. It is a direct application of a formula.\"}', NULL, '2026-01-23 10:28:36', 200),
(262, 210, 786, 1, 'I dont Know', 0, '{\"correct\":0,\"reason\":\"The student\'s response \'I dont Know\' indicates a complete lack of understanding and does not demonstrate any skills, concepts, or application of information required for DOK Level 2.\"}', NULL, '2026-01-23 10:28:14', 180),
(261, 210, 754, 2, 'Total students = 480 Girls = 3 8 × 480 = 180 8 3​×480=180 Boys = Total − Girls Boys = 480 − 180 = 300 480−180=300 ✅ Number of girls = 180 ✅ Number of boys = 300', 0, '{\"correct\":0,\"reason\":\"The student calculated the number of girls and boys but did not provide the ratio of girls as requested. The response lacks the strategic thinking and multi-step problem-solving for DOK Level 3.\"}', NULL, '2026-01-23 10:28:04', 200),
(260, 210, 753, 3, 'Area of a rectangle = length × breadth Given: b = 20 m l = 28.5 m Area = 28.5 × 20 = 570 28.5×20=570 ✅ Area of the rectangle = 570 m²', 1, '{\"correct\":1,\"reason\":\"The student correctly recalled the formula for the area of a rectangle and applied it to find the solution. This demonstrates DOK Level 1 recall and simple procedure application.\"}', NULL, '2026-01-23 10:27:52', 200),
(259, 210, 752, 4, 'Area of a rectangle = length × breadth Given: b = 20 m l = 28.5 m Area = 28.5 × 20 = 570 28.5×20=570 ✅ Area of the rectangle = 570 m²', 0, '{\"correct\":0,\"reason\":\"AI grading error: Invalid DOK level: null. DOK level must be between 1 and 4 for Short Answer and Essay questions.. Please contact administrator.\"}', NULL, '2026-01-23 10:27:48', 221),
(285, 213, 128, 7, '3', 1, NULL, NULL, '2026-01-23 11:16:27', 220),
(286, 213, 126, 10, '3', 1, NULL, NULL, '2026-01-23 11:16:31', 196),
(287, 213, 129, 6, '1', 1, NULL, NULL, '2026-01-23 11:16:35', 140),
(288, 213, 753, 1, 'test', 0, '{\"correct\":0,\"reason\":\"The student\'s response \'test\' does not attempt to answer the question or demonstrate recall of any facts or procedures. It fails to meet the basic requirements of DOK Level 1.\"}', NULL, '2026-01-23 11:16:43', 200),
(289, 213, 751, 2, 'test', 0, '{\"correct\":0,\"reason\":\"The student\'s response \'test\' does not address the question or demonstrate any understanding of mathematical concepts, let alone the strategic thinking required for DOK Level 3.\"}', NULL, '2026-01-23 11:17:47', 200),
(290, 213, 749, 3, '[3,2,0,1]', 1, NULL, NULL, '2026-01-23 11:17:57', 204),
(291, 213, 748, 4, '[1,0]', 1, NULL, NULL, '2026-01-23 11:18:03', 200),
(292, 213, 125, 9, '0', 1, NULL, NULL, '2026-01-23 11:18:07', 172),
(293, 213, 747, 5, '[0,2]', 1, NULL, NULL, '2026-01-23 11:18:11', 204),
(294, 214, 753, 1, 'check', 0, '{\"correct\":0,\"reason\":\"The response \'check\' is not a valid answer and does not demonstrate recall of the area formula or its application, which is expected at DOK Level 1.\"}', NULL, '2026-01-23 11:23:47', 200),
(295, 214, 751, 2, 'test', 0, '{\"correct\":0,\"reason\":\"The student\'s response is \'test\', which is not a mathematical answer and does not demonstrate any understanding of the problem or the required DOK level 3 thinking.\"}', NULL, '2026-01-23 11:23:55', 200),
(296, 214, 128, 7, '3', 1, NULL, NULL, '2026-01-23 11:24:00', 220),
(297, 214, 125, 9, '0', 1, NULL, NULL, '2026-01-23 11:24:04', 172),
(298, 214, 126, 10, '3', 1, NULL, NULL, '2026-01-23 11:24:08', 196),
(299, 214, 749, 3, '[3,2,0,1]', 1, NULL, NULL, '2026-01-23 11:24:18', 204),
(300, 214, 748, 4, '[1,0]', 1, NULL, NULL, '2026-01-23 11:24:23', 200),
(301, 214, 124, 8, '1', 1, NULL, NULL, '2026-01-23 11:24:29', 271),
(302, 214, 747, 5, '[0,2]', 1, NULL, NULL, '2026-01-23 11:24:33', 204),
(303, 214, 129, 6, '1', 1, NULL, NULL, '2026-01-23 11:24:37', 140),
(304, 215, 753, 1, 'check', 0, '{\"correct\":0,\"reason\":\"The student\'s response \'check\' does not provide any numerical answer or calculation for the area of the rectangle, thus failing to meet the DOK Level 1 requirement of recalling and reproducing a simple procedure.\"}', NULL, '2026-01-23 11:33:21', 200),
(305, 215, 748, 4, '[1,0]', 1, NULL, NULL, '2026-01-23 11:34:30', 200),
(306, 215, 124, 8, '1', 1, NULL, NULL, '2026-01-23 11:34:35', 271),
(307, 215, 751, 2, 'test', 0, '{\"correct\":0,\"reason\":\"The student\'s response is \'test\', which is not a mathematical answer and does not demonstrate any level of understanding or problem-solving required for DOK Level 3 or any other DOK level.\"}', NULL, '2026-01-23 11:34:41', 200),
(308, 215, 126, 10, '3', 1, NULL, NULL, '2026-01-23 11:34:47', 196),
(309, 215, 749, 3, '[3,2,0,1]', 1, NULL, NULL, '2026-01-23 11:35:01', 204),
(310, 215, 747, 5, '[0,2]', 1, NULL, NULL, '2026-01-23 11:35:05', 204),
(311, 215, 125, 9, '0', 1, NULL, NULL, '2026-01-23 11:35:10', 172),
(312, 215, 128, 7, '3', 1, NULL, NULL, '2026-01-23 11:35:14', 220),
(313, 215, 129, 6, '1', 1, NULL, NULL, '2026-01-23 11:35:18', 140),
(314, 216, 751, 2, 'Total students = 480\n\nGirls = \n3\n8\n×\n480\n=\n180\n8\n3\n	​\n\n×480=180\n\nBoys = Total − Girls\nBoys = \n480\n−\n180\n=\n300\n480−180=300\n\n✅ Number of girls = 180\n✅ Number of boys = 300', 0, '{\"correct\":0,\"reason\":\"The student\'s response, while accurate, only demonstrates DOK Level 2. It lacks the complex reasoning, multi-step planning, and strategic thinking expected for DOK Level 3.\"}', NULL, '2026-01-23 11:45:23', 200),
(315, 216, 748, 4, '[1,0]', 1, NULL, NULL, '2026-01-23 11:45:28', 200),
(316, 216, 129, 6, '1', 1, NULL, NULL, '2026-01-23 11:45:31', 140),
(317, 216, 126, 10, '3', 1, NULL, NULL, '2026-01-23 11:45:35', 196),
(318, 216, 753, 1, 'Area of a rectangle = length × breadth\n\nGiven:\nb = 20 m\nl = 28.5 m\n\nArea = \n28.5\n×\n20\n=\n570\n28.5×20=570\n\n✅ Area of the rectangle = 570 m²', 1, '{\"correct\":1,\"reason\":\"The student correctly recalled the formula for the area of a rectangle and applied it directly to the given dimensions, demonstrating recall and a simple procedure as required by DOK Level 1.\"}', NULL, '2026-01-23 11:45:52', 200),
(319, 216, 125, 9, '0', 1, NULL, NULL, '2026-01-23 11:45:58', 172),
(320, 216, 749, 3, '[3,2,0,1]', 1, NULL, NULL, '2026-01-23 11:46:12', 204),
(321, 216, 747, 5, '[0,2]', 1, NULL, NULL, '2026-01-23 11:46:17', 204),
(322, 216, 128, 7, '3', 1, NULL, NULL, '2026-01-23 11:46:21', 220),
(323, 216, 124, 8, '1', 1, NULL, NULL, '2026-01-23 11:46:25', 271),
(324, 217, 748, 4, '[1,0]', 1, NULL, NULL, '2026-01-23 13:26:45', 200),
(325, 217, 751, 2, 'dccdd', 0, '{\"correct\":0,\"reason\":\"The student\'s response \'dccdd\' is not a mathematical answer and does not demonstrate any understanding or multi-step problem-solving required for DOK Level 3.\"}', NULL, '2026-01-23 13:26:50', 200),
(326, 217, 129, 6, '1', 1, NULL, NULL, '2026-01-23 13:26:53', 140),
(327, 217, 126, 10, '3', 1, NULL, NULL, '2026-01-23 13:26:57', 196),
(328, 217, 753, 1, 'cddcdc', 0, '{\"correct\":0,\"reason\":\"The student\'s response \'cddcdc\' is nonsensical and does not relate to finding the area of a rectangle. It fails to demonstrate any recall of facts or simple procedures required for DOK Level 1.\"}', NULL, '2026-01-23 13:27:04', 200),
(329, 217, 747, 5, '[0,2]', 1, NULL, NULL, '2026-01-23 13:27:08', 204),
(330, 217, 749, 3, '[3,2,0,1]', 1, NULL, NULL, '2026-01-23 13:27:17', 204),
(331, 217, 125, 9, '0', 1, NULL, NULL, '2026-01-23 13:27:23', 172),
(332, 217, 124, 8, '1', 1, NULL, NULL, '2026-01-23 13:27:26', 271),
(333, 217, 128, 7, '3', 1, NULL, NULL, '2026-01-23 13:27:31', 220);

-- --------------------------------------------------------

--
-- Stand-in structure for view `assessment_results`
-- (See below for the actual view)
--
DROP VIEW IF EXISTS `assessment_results`;
CREATE TABLE IF NOT EXISTS `assessment_results` (
`assessment_period` enum('BOY','EOY')
,`correct_answers` int
,`date_taken` timestamp
,`duration_minutes` int
,`first_name` varchar(100)
,`grade_name` varchar(100)
,`id` int
,`last_name` varchar(100)
,`rit_score` int
,`school_name` varchar(100)
,`student_id` int
,`subject_id` int
,`subject_name` varchar(100)
,`total_questions` int
,`username` varchar(50)
,`year` int
);

-- --------------------------------------------------------

--
-- Table structure for table `assignments`
--

DROP TABLE IF EXISTS `assignments`;
CREATE TABLE IF NOT EXISTS `assignments` (
  `id` int NOT NULL AUTO_INCREMENT,
  `name` varchar(255) COLLATE utf8mb4_general_ci NOT NULL COMMENT 'Assignment name/title',
  `description` text COLLATE utf8mb4_general_ci COMMENT 'Assignment description',
  `subject_id` int NOT NULL,
  `grade_id` int DEFAULT NULL COMMENT 'Target grade level (NULL = all grades)',
  `created_by` int NOT NULL COMMENT 'Admin user who created this assignment',
  `time_limit_minutes` int DEFAULT NULL COMMENT 'Time limit for this assignment (NULL = no limit)',
  `total_questions` int NOT NULL DEFAULT '0' COMMENT 'Total number of questions in this assignment',
  `is_active` tinyint(1) DEFAULT '1' COMMENT 'Whether this assignment is active and available',
  `is_published` tinyint(1) DEFAULT '0' COMMENT 'Whether this assignment is published and visible to students',
  `question_sequence` enum('fixed','random') COLLATE utf8mb4_general_ci DEFAULT 'fixed' COMMENT 'Question sequence: fixed or random',
  `option_sequence` enum('fixed','random') COLLATE utf8mb4_general_ci DEFAULT 'fixed' COMMENT 'Option sequence: fixed or random',
  `difficulty_level` int DEFAULT '225' COMMENT 'Difficulty level (RIT score)',
  `start_date` datetime DEFAULT NULL COMMENT 'Start date and time when assignment becomes available',
  `end_date` datetime DEFAULT NULL COMMENT 'End date and time when assignment becomes unavailable',
  `created_at` timestamp NULL DEFAULT CURRENT_TIMESTAMP,
  `updated_at` timestamp NULL DEFAULT CURRENT_TIMESTAMP ON UPDATE CURRENT_TIMESTAMP,
  PRIMARY KEY (`id`),
  KEY `idx_assignments_subject` (`subject_id`),
  KEY `idx_assignments_grade` (`grade_id`),
  KEY `idx_assignments_created_by` (`created_by`),
  KEY `idx_assignments_active` (`is_active`),
  KEY `idx_assignments_published` (`is_published`),
  KEY `idx_assignments_subject_grade` (`subject_id`,`grade_id`),
  KEY `idx_assignments_comprehensive` (`subject_id`,`grade_id`,`is_active`,`is_published`),
  KEY `idx_assignments_available` (`is_active`,`is_published`,`subject_id`,`grade_id`),
  KEY `idx_assignments_difficulty` (`difficulty_level`)
) ENGINE=MyISAM AUTO_INCREMENT=11 DEFAULT CHARSET=utf8mb4 COLLATE=utf8mb4_general_ci;

--
-- Dumping data for table `assignments`
--

INSERT INTO `assignments` (`id`, `name`, `description`, `subject_id`, `grade_id`, `created_by`, `time_limit_minutes`, `total_questions`, `is_active`, `is_published`, `question_sequence`, `option_sequence`, `difficulty_level`, `start_date`, `end_date`, `created_at`, `updated_at`) VALUES
(6, 'Standard Asssessment for all types of Questions', NULL, 6, 6, 1, 30, 10, 1, 1, 'random', 'random', 225, '2026-01-22 13:08:00', '2026-01-24 13:11:00', '2026-01-22 07:41:07', '2026-01-22 07:41:07'),
(8, 'Test Assessment', NULL, 6, 6, 1, 30, 10, 1, 1, 'random', 'random', 225, '2026-01-22 17:59:00', '2026-01-31 17:59:00', '2026-01-22 12:29:42', '2026-01-22 12:29:42'),
(9, 'test new Assessment', 'test new Assessment', 6, 6, 1, 30, 10, 1, 1, 'random', 'fixed', 225, '2026-01-23 15:28:00', '2026-01-24 15:28:00', '2026-01-23 09:58:56', '2026-01-23 09:58:56'),
(10, 'Check 123', NULL, 6, 6, 1, 30, 5, 1, 1, 'random', 'random', 225, '2026-01-23 15:42:00', '2026-01-30 15:42:00', '2026-01-23 10:12:52', '2026-01-23 10:12:52');

-- --------------------------------------------------------

--
-- Table structure for table `assignment_questions`
--

DROP TABLE IF EXISTS `assignment_questions`;
CREATE TABLE IF NOT EXISTS `assignment_questions` (
  `id` int NOT NULL AUTO_INCREMENT,
  `assignment_id` int NOT NULL,
  `question_id` int NOT NULL,
  `question_order` int NOT NULL COMMENT 'Order of question in the assignment (1, 2, 3, ...)',
  `points` decimal(5,2) DEFAULT '1.00' COMMENT 'Points awarded for correct answer',
  `created_at` timestamp NULL DEFAULT CURRENT_TIMESTAMP,
  PRIMARY KEY (`id`),
  UNIQUE KEY `unique_assignment_question_order` (`assignment_id`,`question_order`),
  KEY `idx_assignment_questions_assignment` (`assignment_id`),
  KEY `idx_assignment_questions_question` (`question_id`),
  KEY `idx_assignment_questions_order` (`assignment_id`,`question_order`)
) ENGINE=MyISAM AUTO_INCREMENT=81 DEFAULT CHARSET=utf8mb4 COLLATE=utf8mb4_general_ci;

--
-- Dumping data for table `assignment_questions`
--

INSERT INTO `assignment_questions` (`id`, `assignment_id`, `question_id`, `question_order`, `points`, `created_at`) VALUES
(45, 6, 127, 10, 1.00, '2026-01-22 07:41:07'),
(44, 6, 126, 9, 1.00, '2026-01-22 07:41:07'),
(43, 6, 125, 8, 1.00, '2026-01-22 07:41:07'),
(42, 6, 124, 7, 1.00, '2026-01-22 07:41:07'),
(41, 6, 128, 6, 1.00, '2026-01-22 07:41:07'),
(40, 6, 129, 5, 1.00, '2026-01-22 07:41:07'),
(39, 6, 749, 4, 1.00, '2026-01-22 07:41:07'),
(38, 6, 747, 3, 1.00, '2026-01-22 07:41:07'),
(37, 6, 748, 2, 1.00, '2026-01-22 07:41:07'),
(36, 6, 751, 1, 1.00, '2026-01-22 07:41:07'),
(56, 8, 753, 1, 1.00, '2026-01-22 12:29:42'),
(57, 8, 751, 2, 1.00, '2026-01-22 12:29:42'),
(58, 8, 749, 3, 1.00, '2026-01-22 12:29:42'),
(59, 8, 748, 4, 1.00, '2026-01-22 12:29:42'),
(60, 8, 747, 5, 1.00, '2026-01-22 12:29:42'),
(61, 8, 129, 6, 1.00, '2026-01-22 12:29:42'),
(62, 8, 128, 7, 1.00, '2026-01-22 12:29:42'),
(63, 8, 124, 8, 1.00, '2026-01-22 12:29:42'),
(64, 8, 125, 9, 1.00, '2026-01-22 12:29:42'),
(65, 8, 126, 10, 1.00, '2026-01-22 12:29:42'),
(75, 9, 748, 10, 1.00, '2026-01-23 09:58:56'),
(74, 9, 764, 9, 1.00, '2026-01-23 09:58:56'),
(73, 9, 767, 8, 1.00, '2026-01-23 09:58:56'),
(72, 9, 749, 7, 1.00, '2026-01-23 09:58:56'),
(71, 9, 756, 6, 1.00, '2026-01-23 09:58:56'),
(70, 9, 780, 5, 1.00, '2026-01-23 09:58:56'),
(69, 9, 751, 4, 1.00, '2026-01-23 09:58:56'),
(68, 9, 753, 3, 1.00, '2026-01-23 09:58:56'),
(67, 9, 754, 2, 1.00, '2026-01-23 09:58:56'),
(66, 9, 786, 1, 1.00, '2026-01-23 09:58:56'),
(80, 10, 751, 5, 1.00, '2026-01-23 10:12:52'),
(79, 10, 752, 4, 1.00, '2026-01-23 10:12:52'),
(78, 10, 753, 3, 1.00, '2026-01-23 10:12:52'),
(77, 10, 754, 2, 1.00, '2026-01-23 10:12:52'),
(76, 10, 786, 1, 1.00, '2026-01-23 10:12:52');

-- --------------------------------------------------------

--
-- Table structure for table `assignment_students`
--

DROP TABLE IF EXISTS `assignment_students`;
CREATE TABLE IF NOT EXISTS `assignment_students` (
  `id` int NOT NULL AUTO_INCREMENT,
  `assignment_id` int NOT NULL,
  `student_id` int NOT NULL,
  `assigned_by` int NOT NULL COMMENT 'Admin who assigned this to the student',
  `assigned_at` timestamp NULL DEFAULT CURRENT_TIMESTAMP,
  `due_date` timestamp NULL DEFAULT NULL COMMENT 'Optional due date for the assignment',
  `is_completed` tinyint(1) DEFAULT '0' COMMENT 'Whether student has completed this assignment',
  `completed_at` timestamp NULL DEFAULT NULL,
  PRIMARY KEY (`id`),
  UNIQUE KEY `unique_assignment_student` (`assignment_id`,`student_id`),
  KEY `idx_assignment_students_assignment` (`assignment_id`),
  KEY `idx_assignment_students_student` (`student_id`),
  KEY `idx_assignment_students_completed` (`is_completed`),
  KEY `idx_assignment_students_due_date` (`due_date`)
) ENGINE=MyISAM AUTO_INCREMENT=46 DEFAULT CHARSET=utf8mb4 COLLATE=utf8mb4_general_ci;

--
-- Dumping data for table `assignment_students`
--

INSERT INTO `assignment_students` (`id`, `assignment_id`, `student_id`, `assigned_by`, `assigned_at`, `due_date`, `is_completed`, `completed_at`) VALUES
(26, 6, 14, 1, '2026-01-22 07:41:07', '2026-01-24 07:41:00', 0, NULL),
(27, 6, 13, 1, '2026-01-22 07:41:07', '2026-01-24 07:41:00', 0, NULL),
(28, 6, 12, 1, '2026-01-22 07:41:07', '2026-01-24 07:41:00', 0, NULL),
(30, 6, 11, 1, '2026-01-22 07:41:07', '2026-01-24 07:41:00', 0, NULL),
(29, 6, 10, 1, '2026-01-22 07:41:07', '2026-01-24 07:41:00', 1, '2026-01-22 07:58:50'),
(40, 9, 11, 1, '2026-01-23 09:58:56', '2026-01-24 09:58:00', 0, NULL),
(39, 9, 10, 1, '2026-01-23 09:58:56', '2026-01-24 09:58:00', 1, '2026-01-23 10:04:38'),
(38, 9, 12, 1, '2026-01-23 09:58:56', '2026-01-24 09:58:00', 0, NULL),
(37, 9, 13, 1, '2026-01-23 09:58:56', '2026-01-24 09:58:00', 0, NULL),
(36, 9, 14, 1, '2026-01-23 09:58:56', '2026-01-24 09:58:00', 0, NULL),
(41, 10, 14, 1, '2026-01-23 10:12:52', '2026-01-30 10:12:00', 0, NULL),
(42, 10, 13, 1, '2026-01-23 10:12:52', '2026-01-30 10:12:00', 0, NULL),
(43, 10, 12, 1, '2026-01-23 10:12:52', '2026-01-30 10:12:00', 0, NULL),
(45, 10, 11, 1, '2026-01-23 10:12:52', '2026-01-30 10:12:00', 0, NULL),
(44, 10, 10, 1, '2026-01-23 10:12:52', '2026-01-30 10:12:00', 1, '2026-01-23 10:28:36');

-- --------------------------------------------------------

--
-- Table structure for table `competencies`
--

DROP TABLE IF EXISTS `competencies`;
CREATE TABLE IF NOT EXISTS `competencies` (
  `id` int NOT NULL AUTO_INCREMENT,
  `parent_id` int DEFAULT '0' COMMENT 'Parent competency ID (0 or NULL for top-level)',
  `code` varchar(20) CHARACTER SET utf8mb4 COLLATE utf8mb4_general_ci NOT NULL COMMENT 'Unique competency code (e.g., ENG001, LOG002)',
  `name` varchar(100) CHARACTER SET utf8mb4 COLLATE utf8mb4_general_ci NOT NULL COMMENT 'Competency name (e.g., Engagement in Class, Logical Reasoning)',
  `description` text CHARACTER SET utf8mb4 COLLATE utf8mb4_general_ci COMMENT 'General description of the competency',
  `strong_description` text COLLATE utf8mb4_general_ci COMMENT 'Feedback for students performing well (70+ score)',
  `neutral_description` text COLLATE utf8mb4_general_ci COMMENT 'Feedback for students performing average (50-70 score)',
  `growth_description` text COLLATE utf8mb4_general_ci COMMENT 'Feedback for students needing improvement (<50 score)',
  `strong_threshold` int DEFAULT NULL COMMENT 'Minimum score for strong performance',
  `neutral_threshold` int DEFAULT NULL COMMENT 'Minimum score for neutral performance',
  `is_active` tinyint(1) DEFAULT '1' COMMENT 'Whether this competency is active',
  `created_at` timestamp NULL DEFAULT CURRENT_TIMESTAMP,
  `updated_at` timestamp NULL DEFAULT CURRENT_TIMESTAMP ON UPDATE CURRENT_TIMESTAMP,
  PRIMARY KEY (`id`),
  UNIQUE KEY `competency_code_unique` (`code`),
  UNIQUE KEY `competency_name_unique` (`name`),
  KEY `idx_competencies_active` (`is_active`),
  KEY `idx_competencies_code` (`code`),
  KEY `idx_competencies_search` (`is_active`,`code`,`name`),
  KEY `idx_competencies_parent` (`parent_id`)
) ENGINE=MyISAM AUTO_INCREMENT=12 DEFAULT CHARSET=utf8mb4 COLLATE=utf8mb4_general_ci;

--
-- Dumping data for table `competencies`
--

INSERT INTO `competencies` (`id`, `parent_id`, `code`, `name`, `description`, `strong_description`, `neutral_description`, `growth_description`, `strong_threshold`, `neutral_threshold`, `is_active`, `created_at`, `updated_at`) VALUES
(1, 0, 'COMP1', 'Competency 1', 'Competency 1', 'Competency 1 Strong', 'Competency 1 Neutral', 'Competency 1 Growth Needed', 70, 50, 1, '2025-08-29 13:42:36', '2025-08-29 13:42:36'),
(2, 0, 'COMP2', 'Competency 2', 'Competency 2', 'Competency 2 Strong', 'Competency 2 Neutral', 'Competency 2 Growth Needed', 70, 50, 1, '2025-08-29 13:43:28', '2025-08-29 13:43:28'),
(3, 0, 'COMP3', 'Competency 3', 'Competency 3', 'Competency 3 Strong', 'Competency 3 Neutral', 'Competency 3 Growth Needed', 70, 50, 1, '2025-08-29 13:44:04', '2025-08-29 13:44:04'),
(4, 0, 'COMP4', 'Competency 4', 'Competency 4', 'Competency 4 Strong', 'Competency 4 Neutral', 'Competency 4 Growth Needed', 70, 50, 1, '2025-08-29 13:44:31', '2025-08-29 13:44:31'),
(5, 1, 'COMP1.1', 'Competency 1.1', 'Competency 1.1', NULL, NULL, NULL, NULL, NULL, 1, '2026-01-24 04:49:17', '2026-01-24 04:49:17'),
(6, 0, 'ENG1', 'English Language Fundamentals', 'Basic English language skills', NULL, NULL, NULL, NULL, NULL, 1, '2026-01-24 05:04:32', '2026-01-24 05:04:32'),
(7, 6, 'ENG1.1', 'Reading Comprehension', 'Understanding written text', NULL, NULL, NULL, NULL, NULL, 1, '2026-01-24 05:04:32', '2026-01-24 05:04:32'),
(8, 7, 'ENG1.1.a', 'Reading Fiction', 'Understanding fictional texts', NULL, NULL, NULL, NULL, NULL, 1, '2026-01-24 05:04:32', '2026-01-24 05:04:32'),
(9, 0, 'MATH1', 'Mathematics Fundamentals', 'Basic math skills', NULL, NULL, NULL, NULL, NULL, 1, '2026-01-24 05:04:32', '2026-01-24 05:04:32'),
(10, 9, 'MATH1.1', 'Algebra', 'Algebraic concepts', NULL, NULL, NULL, NULL, NULL, 1, '2026-01-24 05:04:32', '2026-01-24 05:04:32'),
(11, 0, 'LOG1', 'Logical Reasoning', 'Problem-solving skills', NULL, NULL, NULL, NULL, NULL, 1, '2026-01-24 05:04:32', '2026-01-24 05:04:32');

-- --------------------------------------------------------

--
-- Stand-in structure for view `competency_performance_overview`
-- (See below for the actual view)
--
DROP VIEW IF EXISTS `competency_performance_overview`;
CREATE TABLE IF NOT EXISTS `competency_performance_overview` (
`competency_code` varchar(20)
,`competency_id` int
,`competency_name` varchar(100)
,`date_calculated` timestamp
,`feedback_text` text
,`feedback_type` enum('strong','neutral','growth')
,`final_score` decimal(5,2)
,`first_name` varchar(100)
,`last_name` varchar(100)
,`questions_attempted` int
,`questions_correct` int
,`raw_score` decimal(5,2)
,`student_id` int
,`subject_id` int
,`subject_name` varchar(100)
,`username` varchar(50)
);

-- --------------------------------------------------------

--
-- Table structure for table `grades`
--

DROP TABLE IF EXISTS `grades`;
CREATE TABLE IF NOT EXISTS `grades` (
  `id` int NOT NULL AUTO_INCREMENT,
  `name` varchar(50) CHARACTER SET utf8mb4 COLLATE utf8mb4_general_ci NOT NULL,
  `display_name` varchar(100) CHARACTER SET utf8mb4 COLLATE utf8mb4_general_ci NOT NULL,
  `grade_level` int DEFAULT NULL COMMENT 'Grade level (1-12) or NULL for non-numeric grades like Pre-K, College, etc.',
  `description` text CHARACTER SET utf8mb4 COLLATE utf8mb4_general_ci,
  `is_active` tinyint(1) DEFAULT '1',
  `created_at` timestamp NULL DEFAULT CURRENT_TIMESTAMP,
  `updated_at` timestamp NULL DEFAULT CURRENT_TIMESTAMP ON UPDATE CURRENT_TIMESTAMP,
  PRIMARY KEY (`id`),
  UNIQUE KEY `grade_name_unique` (`name`),
  UNIQUE KEY `grade_level_unique` (`grade_level`)
) ENGINE=MyISAM AUTO_INCREMENT=14 DEFAULT CHARSET=utf8mb4 COLLATE=utf8mb4_general_ci;

--
-- Dumping data for table `grades`
--

INSERT INTO `grades` (`id`, `name`, `display_name`, `grade_level`, `description`, `is_active`, `created_at`, `updated_at`) VALUES
(1, 'grade-1', 'Grade 1', 1, 'First grade - Elementary school', 1, '2025-08-28 07:00:57', '2025-08-28 07:00:57'),
(2, 'grade-2', 'Grade 2', 2, 'Second grade - Elementary school', 1, '2025-08-28 07:00:57', '2025-08-28 07:00:57'),
(3, 'grade-3', 'Grade 3', NULL, 'Third grade - Elementary school', 1, '2025-08-28 07:00:57', '2025-08-28 07:42:46'),
(4, 'grade-4', 'Grade 4', 4, 'Fourth grade - Elementary school', 1, '2025-08-28 07:00:57', '2025-08-28 07:00:57'),
(5, 'grade-5', 'Grade 5', 5, 'Fifth grade - Elementary school', 1, '2025-08-28 07:00:57', '2025-08-28 07:00:57'),
(6, 'grade-6', 'Grade 6', 6, 'Sixth grade - Middle school', 1, '2025-08-28 07:00:57', '2025-08-28 07:00:57'),
(7, 'grade-7', 'Grade 7', 7, 'Seventh grade - Middle school', 1, '2025-08-28 07:00:57', '2025-08-28 07:00:57'),
(8, 'grade-8', 'Grade 8', 8, 'Eighth grade - Middle school', 1, '2025-08-28 07:00:57', '2025-08-28 07:00:57'),
(9, 'grade-9', 'Grade 9', 9, 'Ninth grade - High school', 1, '2025-08-28 07:00:57', '2025-08-28 07:00:57'),
(10, 'grade-10', 'Grade 10', 10, 'Tenth grade - High school', 1, '2025-08-28 07:00:57', '2025-08-28 07:00:57'),
(11, 'grade-11', 'Grade 11', 11, 'Eleventh grade - High school', 1, '2025-08-28 07:00:57', '2025-08-28 07:00:57'),
(12, 'grade-12', 'Grade 12', 12, 'Twelfth grade - High school', 1, '2025-08-28 07:00:57', '2025-08-28 07:00:57');

-- --------------------------------------------------------

--
-- Table structure for table `grade_subjects`
--

DROP TABLE IF EXISTS `grade_subjects`;
CREATE TABLE IF NOT EXISTS `grade_subjects` (
  `id` int NOT NULL AUTO_INCREMENT,
  `grade_id` int NOT NULL,
  `subject_id` int NOT NULL,
  `is_required` tinyint(1) DEFAULT '1',
  `created_at` timestamp NULL DEFAULT CURRENT_TIMESTAMP,
  `updated_at` timestamp NULL DEFAULT CURRENT_TIMESTAMP ON UPDATE CURRENT_TIMESTAMP,
  PRIMARY KEY (`id`),
  UNIQUE KEY `grade_subject_unique` (`grade_id`,`subject_id`),
  KEY `idx_grade_subjects_grade` (`grade_id`),
  KEY `idx_grade_subjects_subject` (`subject_id`)
) ENGINE=MyISAM AUTO_INCREMENT=37 DEFAULT CHARSET=utf8mb4 COLLATE=utf8mb4_general_ci;

--
-- Dumping data for table `grade_subjects`
--

INSERT INTO `grade_subjects` (`id`, `grade_id`, `subject_id`, `is_required`, `created_at`, `updated_at`) VALUES
(1, 1, 3, 1, '2025-08-28 07:02:32', '2025-08-28 07:02:32'),
(2, 1, 4, 1, '2025-08-28 07:02:32', '2025-08-28 07:02:32'),
(3, 1, 6, 1, '2025-08-28 07:02:32', '2025-08-28 07:02:32'),
(4, 2, 3, 1, '2025-08-28 07:02:32', '2025-08-28 07:02:32'),
(5, 2, 4, 1, '2025-08-28 07:02:32', '2025-08-28 07:02:32'),
(6, 2, 6, 1, '2025-08-28 07:02:32', '2025-08-28 07:02:32'),
(7, 3, 3, 1, '2025-08-28 07:02:32', '2025-08-28 07:02:32'),
(8, 3, 4, 1, '2025-08-28 07:02:32', '2025-08-28 07:02:32'),
(9, 3, 6, 1, '2025-08-28 07:02:32', '2025-08-28 07:02:32'),
(10, 4, 3, 1, '2025-08-28 07:02:32', '2025-08-28 07:02:32'),
(11, 4, 4, 1, '2025-08-28 07:02:32', '2025-08-28 07:02:32'),
(12, 4, 6, 1, '2025-08-28 07:02:32', '2025-08-28 07:02:32'),
(13, 5, 3, 1, '2025-08-28 07:02:32', '2025-08-28 07:02:32'),
(14, 5, 4, 1, '2025-08-28 07:02:32', '2025-08-28 07:02:32'),
(15, 5, 6, 1, '2025-08-28 07:02:32', '2025-08-28 07:02:32'),
(16, 6, 3, 1, '2025-08-28 07:02:32', '2025-08-28 07:02:32'),
(17, 6, 4, 1, '2025-08-28 07:02:32', '2025-08-28 07:02:32'),
(18, 6, 6, 1, '2025-08-28 07:02:32', '2025-08-28 07:02:32'),
(19, 7, 3, 1, '2025-08-28 07:02:32', '2025-08-28 07:02:32'),
(20, 7, 4, 1, '2025-08-28 07:02:32', '2025-08-28 07:02:32'),
(21, 7, 6, 1, '2025-08-28 07:02:32', '2025-08-28 07:02:32'),
(22, 8, 3, 1, '2025-08-28 07:02:32', '2025-08-28 07:02:32'),
(23, 8, 4, 1, '2025-08-28 07:02:32', '2025-08-28 07:02:32'),
(24, 8, 6, 1, '2025-08-28 07:02:32', '2025-08-28 07:02:32'),
(25, 9, 3, 1, '2025-08-28 07:02:32', '2025-08-28 07:02:32'),
(26, 9, 4, 1, '2025-08-28 07:02:32', '2025-08-28 07:02:32'),
(27, 9, 6, 1, '2025-08-28 07:02:32', '2025-08-28 07:02:32'),
(28, 10, 3, 1, '2025-08-28 07:02:32', '2025-08-28 07:02:32'),
(29, 10, 4, 1, '2025-08-28 07:02:32', '2025-08-28 07:02:32'),
(30, 10, 6, 1, '2025-08-28 07:02:32', '2025-08-28 07:02:32'),
(31, 11, 3, 1, '2025-08-28 07:02:32', '2025-08-28 07:02:32'),
(32, 11, 4, 1, '2025-08-28 07:02:32', '2025-08-28 07:02:32'),
(33, 11, 6, 1, '2025-08-28 07:02:32', '2025-08-28 07:02:32'),
(34, 12, 3, 1, '2025-08-28 07:02:32', '2025-08-28 07:02:32'),
(35, 12, 4, 1, '2025-08-28 07:02:32', '2025-08-28 07:02:32'),
(36, 12, 6, 1, '2025-08-28 07:02:32', '2025-08-28 07:02:32');

-- --------------------------------------------------------

--
-- Table structure for table `questions`
--

DROP TABLE IF EXISTS `questions`;
CREATE TABLE IF NOT EXISTS `questions` (
  `id` int NOT NULL AUTO_INCREMENT,
  `subject_id` int NOT NULL,
  `grade_id` int DEFAULT NULL,
  `question_text` text CHARACTER SET utf8mb4 COLLATE utf8mb4_general_ci NOT NULL,
  `question_type` enum('MCQ','TrueFalse','Matching','FillInBlank','ShortAnswer','Essay','MultipleSelect') COLLATE utf8mb4_general_ci NOT NULL DEFAULT 'MCQ',
  `options` json NOT NULL,
  `correct_option_index` int NOT NULL,
  `difficulty_level` int NOT NULL,
  `dok_level` tinyint DEFAULT NULL COMMENT 'Depth of Knowledge level (1-4): 1=Recall, 2=Skill/Concept, 3=Strategic Thinking, 4=Extended Thinking',
  `created_by` int DEFAULT NULL,
  `created_at` timestamp NULL DEFAULT CURRENT_TIMESTAMP,
  `updated_at` timestamp NULL DEFAULT CURRENT_TIMESTAMP ON UPDATE CURRENT_TIMESTAMP,
  `primary_competency_id` int DEFAULT NULL COMMENT 'Primary competency for this question (for backward compatibility)',
  `correct_answer` text COLLATE utf8mb4_general_ci COMMENT 'For non-MCQ types: stores correct answer(s) as JSON',
  `question_metadata` json DEFAULT NULL COMMENT 'Additional metadata for question types (e.g., matching pairs, fill-in options)',
  `standard` varchar(255) COLLATE utf8mb4_general_ci DEFAULT NULL COMMENT 'Standard identifier (e.g., NGSS, CGSA)',
  `content_focus` text COLLATE utf8mb4_general_ci COMMENT 'Content Focus description - parameters for DOK level used in AI grading',
  PRIMARY KEY (`id`),
  KEY `created_by` (`created_by`),
  KEY `idx_subject_difficulty` (`subject_id`,`difficulty_level`),
  KEY `idx_questions_grade` (`grade_id`),
  KEY `idx_questions_subject_grade` (`subject_id`,`grade_id`),
  KEY `idx_questions_grade_difficulty` (`grade_id`,`difficulty_level`),
  KEY `idx_questions_comprehensive` (`subject_id`,`grade_id`,`difficulty_level`),
  KEY `idx_questions_primary_competency` (`primary_competency_id`),
  KEY `idx_questions_type` (`question_type`),
  KEY `idx_questions_type_subject` (`question_type`,`subject_id`),
  KEY `idx_questions_type_grade` (`question_type`,`grade_id`),
  KEY `idx_questions_dok_level` (`dok_level`),
  KEY `idx_questions_subject_grade_dok` (`subject_id`,`grade_id`,`dok_level`),
  KEY `idx_questions_standard` (`standard`(250)),
  KEY `idx_questions_content_focus` (`content_focus`(250))
) ENGINE=MyISAM AUTO_INCREMENT=792 DEFAULT CHARSET=utf8mb4 COLLATE=utf8mb4_general_ci;

--
-- Dumping data for table `questions`
--

INSERT INTO `questions` (`id`, `subject_id`, `grade_id`, `question_text`, `question_type`, `options`, `correct_option_index`, `difficulty_level`, `dok_level`, `created_by`, `created_at`, `updated_at`, `primary_competency_id`, `correct_answer`, `question_metadata`, `standard`, `content_focus`) VALUES
(129, 6, 6, 'If a car travels 120 km in 2 hours, what is its speed in km/h?', 'MCQ', '[\"40\", \"50\", \"60\", \"70\"]', 2, 140, NULL, 1, '2025-08-30 09:11:11', '2025-08-30 09:11:11', NULL, NULL, NULL, NULL, NULL),
(128, 6, 6, 'What is the decimal equivalent of 3/8?', 'MCQ', '[\"0.25\", \"0.375\", \"0.5\", \"0.625\"]', 1, 220, NULL, 1, '2025-08-30 09:11:11', '2025-08-30 09:11:11', NULL, NULL, NULL, NULL, NULL),
(124, 6, 6, 'What is 25% of 80?', 'MCQ', '[\"15\", \"20\", \"25\", \"30\"]', 1, 271, NULL, 1, '2025-08-30 09:11:11', '2025-08-30 09:11:11', NULL, NULL, NULL, NULL, NULL),
(125, 6, 6, 'Solve for x: 3x + 7 = 22', 'MCQ', '[\"3\", \"5\", \"7\", \"9\"]', 1, 172, NULL, 1, '2025-08-30 09:11:11', '2025-08-30 09:11:11', NULL, NULL, NULL, NULL, NULL),
(126, 6, 6, 'What is the greatest common factor of 24 and 36?', 'MCQ', '[\"6\", \"8\", \"12\", \"18\"]', 2, 196, NULL, 1, '2025-08-30 09:11:11', '2025-08-30 09:11:11', NULL, NULL, NULL, NULL, NULL),
(127, 6, 6, 'If a triangle has angles measuring 45°, 45°, and 90°, what type of triangle is it?', 'MCQ', '[\"Equilateral\", \"Isosceles\", \"Right\", \"Acute\"]', 2, 163, NULL, 1, '2025-08-30 09:11:11', '2025-08-30 09:11:11', NULL, NULL, NULL, NULL, NULL),
(12, 4, 1, 'What does CPU stand for?', 'MCQ', '[\"Central Processing Unit\", \"Computer Personal Unit\", \"Central Process Unit\", \"Central Processor Unit\"]', 0, 150, NULL, 1, '2025-08-25 12:41:09', '2025-08-28 07:02:32', NULL, NULL, NULL, NULL, NULL),
(13, 4, 1, 'Which of the following is a volatile memory?', 'MCQ', '[\"ROM\", \"HDD\", \"RAM\", \"SSD\"]', 2, 220, NULL, 1, '2025-08-25 12:41:09', '2025-08-28 07:02:32', NULL, NULL, NULL, NULL, NULL),
(14, 4, 1, 'What is the main function of an Operating System?', 'MCQ', '[\"To manage hardware and software resources\", \"To provide a user interface\", \"To run applications\", \"All of the above\"]', 3, 280, NULL, 1, '2025-08-25 12:41:09', '2025-08-28 07:02:32', NULL, NULL, NULL, NULL, NULL),
(15, 4, 1, 'Which of the following is not an input device?', 'MCQ', '[\"Keyboard\", \"Mouse\", \"Monitor\", \"Scanner\"]', 2, 120, NULL, 1, '2025-08-25 12:41:09', '2025-08-28 07:02:32', NULL, NULL, NULL, NULL, NULL),
(16, 4, 1, 'What does \'URL\' stand for?', 'MCQ', '[\"Uniform Resource Locator\", \"Universal Resource Locator\", \"Uniform Resource Link\", \"Universal Resource Link\"]', 0, 180, NULL, 1, '2025-08-25 12:41:09', '2025-08-28 07:02:32', NULL, NULL, NULL, NULL, NULL),
(17, 4, 1, 'Which programming language is known as the language of the web?', 'MCQ', '[\"Python\", \"Java\", \"JavaScript\", \"C++\"]', 2, 250, NULL, 1, '2025-08-25 12:41:09', '2025-08-28 07:02:32', NULL, NULL, NULL, NULL, NULL),
(18, 4, 1, 'What does CPU stand for?', 'MCQ', '[\"Central Processing Unit\", \"Computer Personal Unit\", \"Central Process Unit\", \"Central Processor Unit\"]', 0, 150, NULL, 1, '2025-08-25 12:42:57', '2025-08-28 07:02:32', NULL, NULL, NULL, NULL, NULL),
(19, 4, 1, 'Which of the following is a volatile memory?', 'MCQ', '[\"ROM\", \"HDD\", \"RAM\", \"SSD\"]', 2, 220, NULL, 1, '2025-08-25 12:42:57', '2025-08-28 07:02:32', NULL, NULL, NULL, NULL, NULL),
(20, 4, 1, 'What is the main function of an Operating System?', 'MCQ', '[\"To manage hardware and software resources\", \"To provide a user interface\", \"To run applications\", \"All of the above\"]', 3, 280, NULL, 1, '2025-08-25 12:42:57', '2025-08-28 07:02:32', NULL, NULL, NULL, NULL, NULL),
(21, 4, 1, 'Which of the following is not an input device?', 'MCQ', '[\"Keyboard\", \"Mouse\", \"Monitor\", \"Scanner\"]', 2, 120, NULL, 1, '2025-08-25 12:42:57', '2025-08-28 07:02:32', NULL, NULL, NULL, NULL, NULL),
(22, 4, 1, 'What does \'URL\' stand for?', 'MCQ', '[\"Uniform Resource Locator\", \"Universal Resource Locator\", \"Uniform Resource Link\", \"Universal Resource Link\"]', 0, 180, NULL, 1, '2025-08-25 12:42:57', '2025-08-28 07:02:32', NULL, NULL, NULL, NULL, NULL),
(23, 4, 1, 'Which programming language is known as the language of the web?', 'MCQ', '[\"Python\", \"Java\", \"JavaScript\", \"C++\"]', 2, 250, NULL, 1, '2025-08-25 12:42:57', '2025-08-28 07:02:32', NULL, NULL, NULL, NULL, NULL),
(24, 4, 1, 'What is the binary equivalent of the decimal number 10?', 'MCQ', '[\"1010\", \"1100\", \"1001\", \"1110\"]', 0, 310, NULL, 1, '2025-08-25 12:42:57', '2025-08-28 07:02:32', NULL, NULL, NULL, NULL, NULL),
(25, 4, 1, 'Which of the following is a type of computer network?', 'MCQ', '[\"LAN\", \"WAN\", \"MAN\", \"All of the above\"]', 3, 190, NULL, 1, '2025-08-25 12:42:57', '2025-08-28 07:02:32', NULL, NULL, NULL, NULL, NULL),
(26, 4, 1, 'What does \'HTTP\' stand for?', 'MCQ', '[\"HyperText Transfer Protocol\", \"HyperText Transmission Protocol\", \"HyperText Transfer Page\", \"HyperText Transmission Page\"]', 0, 230, NULL, 1, '2025-08-25 12:42:57', '2025-08-28 07:02:32', NULL, NULL, NULL, NULL, NULL),
(27, 4, 1, 'Which company developed the first graphical user interface (GUI)?', 'MCQ', '[\"Microsoft\", \"Apple\", \"Xerox\", \"IBM\"]', 2, 340, NULL, 1, '2025-08-25 12:42:57', '2025-08-28 07:02:32', NULL, NULL, NULL, NULL, NULL),
(28, 4, 2, 'What is the file extension for a Python source file?', 'MCQ', '[\".py\", \".java\", \".js\", \".c\"]', 0, 110, NULL, 1, '2025-08-25 12:42:57', '2025-08-28 08:14:27', NULL, NULL, NULL, NULL, NULL),
(29, 4, 1, 'Which of the following is not a web browser?', 'MCQ', '[\"Chrome\", \"Firefox\", \"Safari\", \"Apache\"]', 3, 160, NULL, 1, '2025-08-25 12:42:57', '2025-08-28 07:02:32', NULL, NULL, NULL, NULL, NULL),
(30, 4, 1, 'What does \'SQL\' stand for?', 'MCQ', '[\"Structured Query Language\", \"Standard Query Language\", \"Simple Query Language\", \"System Query Language\"]', 0, 270, NULL, 1, '2025-08-25 12:42:57', '2025-08-28 07:02:32', NULL, NULL, NULL, NULL, NULL),
(31, 4, 1, 'What is the purpose of a firewall?', 'MCQ', '[\"To protect a network from unauthorized access\", \"To speed up internet connection\", \"To store data\", \"To create websites\"]', 0, 290, NULL, 1, '2025-08-25 12:42:57', '2025-08-28 07:02:32', NULL, NULL, NULL, NULL, NULL),
(32, 4, 1, 'Which of the following is a cloud computing service?', 'MCQ', '[\"Amazon Web Services (AWS)\", \"Microsoft Azure\", \"Google Cloud Platform (GCP)\", \"All of the above\"]', 3, 210, NULL, 1, '2025-08-25 12:42:57', '2025-08-28 07:02:32', NULL, NULL, NULL, NULL, NULL),
(33, 4, 1, 'What does \'IP\' stand for in IP address?', 'MCQ', '[\"Internet Protocol\", \"Internet Provider\", \"Internal Protocol\", \"Internal Provider\"]', 0, 140, NULL, 1, '2025-08-25 12:42:57', '2025-08-28 07:02:32', NULL, NULL, NULL, NULL, NULL),
(34, 4, 1, 'Which of the following is a version control system?', 'MCQ', '[\"Git\", \"Subversion\", \"Mercurial\", \"All of the above\"]', 3, 320, NULL, 1, '2025-08-25 12:42:57', '2025-08-28 07:02:32', NULL, NULL, NULL, NULL, NULL),
(35, 4, 1, 'What is the main component of a computer that executes instructions?', 'MCQ', '[\"CPU\", \"RAM\", \"Motherboard\", \"Hard Drive\"]', 0, 170, NULL, 1, '2025-08-25 12:42:57', '2025-08-28 07:02:32', NULL, NULL, NULL, NULL, NULL),
(36, 4, 1, 'Which data structure uses a Last-In, First-Out (LIFO) approach?', 'MCQ', '[\"Queue\", \"Stack\", \"Array\", \"Linked List\"]', 1, 300, NULL, 1, '2025-08-25 12:42:57', '2025-08-28 07:02:32', NULL, NULL, NULL, NULL, NULL),
(37, 4, 1, 'What does \'BIOS\' stand for?', 'MCQ', '[\"Basic Input/Output System\", \"Binary Input/Output System\", \"Basic Internal Operating System\", \"Binary Internal Operating System\"]', 0, 260, NULL, 1, '2025-08-25 12:42:57', '2025-08-28 07:02:32', NULL, NULL, NULL, NULL, NULL),
(38, 4, 1, 'Which of the following is a markup language?', 'MCQ', '[\"HTML\", \"CSS\", \"JavaScript\", \"Python\"]', 0, 130, NULL, 1, '2025-08-25 12:42:57', '2025-08-28 07:02:32', NULL, NULL, NULL, NULL, NULL),
(39, 4, 1, 'What is the function of a router in a network?', 'MCQ', '[\"To connect different networks together\", \"To amplify the signal\", \"To filter network traffic\", \"To store data\"]', 0, 240, NULL, 1, '2025-08-25 12:42:57', '2025-08-28 07:02:32', NULL, NULL, NULL, NULL, NULL),
(40, 4, 1, 'What is \'malware\'?', 'MCQ', '[\"Malicious software\", \"Hardware malfunction\", \"A type of computer network\", \"A programming language\"]', 0, 200, NULL, 1, '2025-08-25 12:42:57', '2025-08-28 07:02:32', NULL, NULL, NULL, NULL, NULL),
(41, 4, 1, 'What does \'SaaS\' stand for?', 'MCQ', '[\"Software as a Service\", \"System as a Service\", \"Software as a System\", \"System as a Software\"]', 0, 330, NULL, 1, '2025-08-25 12:42:57', '2025-08-28 07:02:32', NULL, NULL, NULL, NULL, NULL),
(42, 4, 1, 'Which of the following is a component of the CPU?', 'MCQ', '[\"ALU\", \"Control Unit\", \"Registers\", \"All of the above\"]', 3, 350, NULL, 1, '2025-08-25 12:42:57', '2025-08-28 07:02:32', NULL, NULL, NULL, NULL, NULL),
(43, 4, 1, 'What is the purpose of an algorithm?', 'MCQ', '[\"To solve a problem step-by-step\", \"To store data\", \"To display information\", \"To connect to the internet\"]', 0, 180, NULL, 1, '2025-08-25 12:42:57', '2025-08-28 07:02:32', NULL, NULL, NULL, NULL, NULL),
(44, 4, 1, 'Which of the following is a database management system?', 'MCQ', '[\"MySQL\", \"PostgreSQL\", \"MongoDB\", \"All of the above\"]', 3, 280, NULL, 1, '2025-08-25 12:42:57', '2025-08-28 07:02:32', NULL, NULL, NULL, NULL, NULL),
(45, 4, 1, 'What is the term for a set of rules that governs the communication between computers on a network?', 'MCQ', '[\"Protocol\", \"Algorithm\", \"Syntax\", \"Program\"]', 0, 220, NULL, 1, '2025-08-25 12:42:57', '2025-08-28 07:02:32', NULL, NULL, NULL, NULL, NULL),
(46, 4, 1, 'What does \'GUI\' stand for?', 'MCQ', '[\"Graphical User Interface\", \"General User Interface\", \"Graphical Utility Interface\", \"General Utility Interface\"]', 0, 150, NULL, 1, '2025-08-25 12:42:57', '2025-08-28 07:02:32', NULL, NULL, NULL, NULL, NULL),
(47, 4, 1, 'Which layer of the OSI model is responsible for routing?', 'MCQ', '[\"Network Layer\", \"Data Link Layer\", \"Transport Layer\", \"Physical Layer\"]', 0, 340, NULL, 1, '2025-08-25 12:42:57', '2025-08-28 07:02:32', NULL, NULL, NULL, NULL, NULL),
(48, 4, 1, 'What is the primary purpose of an index in a database?', 'MCQ', '[\"To speed up data retrieval\", \"To ensure data integrity\", \"To store backup data\", \"To create user accounts\"]', 0, 310, NULL, 1, '2025-08-25 12:42:57', '2025-08-28 07:02:32', NULL, NULL, NULL, NULL, NULL),
(49, 4, 1, 'Which of the following is an example of an open-source operating system?', 'MCQ', '[\"Linux\", \"Windows\", \"macOS\", \"iOS\"]', 0, 190, NULL, 1, '2025-08-25 12:42:57', '2025-08-28 07:02:32', NULL, NULL, NULL, NULL, NULL),
(50, 4, 1, 'What is the function of a compiler?', 'MCQ', '[\"To convert source code into machine code\", \"To debug code\", \"To run code\", \"To write code\"]', 0, 270, NULL, 1, '2025-08-25 12:42:57', '2025-08-28 07:02:32', NULL, NULL, NULL, NULL, NULL),
(51, 4, 1, 'What does \'DNS\' stand for?', 'MCQ', '[\"Domain Name System\", \"Digital Network System\", \"Domain Naming Service\", \"Digital Naming Service\"]', 0, 230, NULL, 1, '2025-08-25 12:42:57', '2025-08-28 07:02:32', NULL, NULL, NULL, NULL, NULL),
(52, 4, 1, 'What is the term for a small piece of data sent from a website and stored on the user\'s computer by the user\'s web browser?', 'MCQ', '[\"Cookie\", \"Cache\", \"Session\", \"Script\"]', 0, 250, NULL, 1, '2025-08-25 12:42:57', '2025-08-28 07:02:32', NULL, NULL, NULL, NULL, NULL),
(53, 4, 1, 'Which of the following is a characteristic of object-oriented programming?', 'MCQ', '[\"Inheritance\", \"Encapsulation\", \"Polymorphism\", \"All of the above\"]', 3, 320, NULL, 1, '2025-08-25 12:42:57', '2025-08-28 07:02:32', NULL, NULL, NULL, NULL, NULL),
(54, 4, 1, 'What is the purpose of the \'ping\' command?', 'MCQ', '[\"To test the reachability of a host on an IP network\", \"To download a file\", \"To send an email\", \"To create a directory\"]', 0, 200, NULL, 1, '2025-08-25 12:42:57', '2025-08-28 07:02:32', NULL, NULL, NULL, NULL, NULL),
(55, 4, 1, 'Which of the following is not a programming paradigm?', 'MCQ', '[\"Imperative\", \"Declarative\", \"Object-Oriented\", \"Algorithmic\"]', 3, 330, NULL, 1, '2025-08-25 12:42:57', '2025-08-28 07:02:32', NULL, NULL, NULL, NULL, NULL),
(56, 4, 1, 'What is the smallest unit of data in a computer?', 'MCQ', '[\"Bit\", \"Byte\", \"Nibble\", \"Word\"]', 0, 110, NULL, 1, '2025-08-25 12:42:57', '2025-08-29 07:04:59', NULL, NULL, NULL, NULL, NULL),
(57, 4, 1, 'Which of the following is a network topology?', 'MCQ', '[\"Star\", \"Bus\", \"Ring\", \"All of the above\"]', 3, 160, NULL, 1, '2025-08-25 12:42:57', '2025-08-28 07:02:32', NULL, NULL, NULL, NULL, NULL),
(58, 4, 1, 'What is the function of the \'motherboard\' in a computer?', 'MCQ', '[\"To connect all the components of the computer\", \"To process data\", \"To store data permanently\", \"To display output\"]', 0, 240, NULL, 1, '2025-08-25 12:42:57', '2025-08-28 07:02:32', NULL, NULL, NULL, NULL, NULL),
(59, 4, 1, 'What does \'API\' stand for?', 'MCQ', '[\"Application Programming Interface\", \"Application Program Interface\", \"Applied Programming Interface\", \"Applied Program Interface\"]', 0, 290, NULL, 1, '2025-08-25 12:42:57', '2025-08-28 07:02:32', NULL, NULL, NULL, NULL, NULL),
(60, 4, 1, 'What is the purpose of an \'if\' statement in programming?', 'MCQ', '[\"To execute a block of code only if a certain condition is true\", \"To loop through a block of code\", \"To define a function\", \"To store a value\"]', 0, 170, NULL, 1, '2025-08-25 12:42:57', '2025-08-28 07:02:32', NULL, NULL, NULL, NULL, NULL),
(61, 4, 1, 'Which data structure is used to implement a recursive function call?', 'MCQ', '[\"Stack\", \"Queue\", \"Tree\", \"Graph\"]', 0, 350, NULL, 1, '2025-08-25 12:42:57', '2025-08-28 07:02:32', NULL, NULL, NULL, NULL, NULL),
(62, 4, 1, 'What is the process of finding and fixing errors in a program called?', 'MCQ', '[\"Debugging\", \"Compiling\", \"Running\", \"Testing\"]', 0, 140, NULL, 1, '2025-08-25 12:42:57', '2025-08-28 07:02:32', NULL, NULL, NULL, NULL, NULL),
(63, 4, 1, 'Which of the following is a way to represent a color in web design?', 'MCQ', '[\"Hex code\", \"RGB value\", \"Color name\", \"All of the above\"]', 3, 210, NULL, 1, '2025-08-25 12:42:57', '2025-08-28 07:02:32', NULL, NULL, NULL, NULL, NULL),
(64, 4, 1, 'What is \'phishing\'?', 'MCQ', '[\"A fraudulent attempt to obtain sensitive information\", \"A type of computer virus\", \"A method of data encryption\", \"A network protocol\"]', 0, 260, NULL, 1, '2025-08-25 12:42:57', '2025-08-28 07:02:32', NULL, NULL, NULL, NULL, NULL),
(65, 4, 1, 'What is the difference between \'==\' and \'===\' in JavaScript?', 'MCQ', '[\"\'==\' performs type coercion, while \'===\' does not\", \"\'===\' performs type coercion, while \'==\' does not\", \"There is no difference\", \"They are used for different data types\"]', 0, 300, NULL, 1, '2025-08-25 12:42:57', '2025-08-28 07:02:32', NULL, NULL, NULL, NULL, NULL),
(66, 4, 1, 'What does \'CSS\' stand for?', 'MCQ', '[\"Cascading Style Sheets\", \"Creative Style Sheets\", \"Computer Style Sheets\", \"Colorful Style Sheets\"]', 0, 120, NULL, 1, '2025-08-25 12:42:57', '2025-08-28 07:02:32', NULL, NULL, NULL, NULL, NULL),
(67, 4, 1, 'What is the purpose of a \'for\' loop in programming?', 'MCQ', '[\"To iterate over a sequence of elements\", \"To make a decision\", \"To define a reusable block of code\", \"To handle errors\"]', 0, 180, NULL, 1, '2025-08-25 12:42:57', '2025-08-28 07:02:32', NULL, NULL, NULL, NULL, NULL),
(68, 4, 1, 'Which of the following is an example of a compiled programming language?', 'MCQ', '[\"C++\", \"Python\", \"JavaScript\", \"Ruby\"]', 0, 280, NULL, 1, '2025-08-25 12:42:57', '2025-08-28 07:02:32', NULL, NULL, NULL, NULL, NULL),
(69, 4, 1, 'What is the function of a DHCP server?', 'MCQ', '[\"To automatically assign IP addresses to devices on a network\", \"To resolve domain names to IP addresses\", \"To store and serve web pages\", \"To filter network traffic\"]', 0, 310, NULL, 1, '2025-08-25 12:42:57', '2025-08-28 07:02:32', NULL, NULL, NULL, NULL, NULL),
(70, 4, 1, 'What is the term for a program that replicates itself and spreads to other computers?', 'MCQ', '[\"Worm\", \"Virus\", \"Trojan horse\", \"Spyware\"]', 0, 230, NULL, 1, '2025-08-25 12:42:57', '2025-08-28 07:02:32', NULL, NULL, NULL, NULL, NULL),
(71, 4, 1, 'What is the purpose of a \'function\' in programming?', 'MCQ', '[\"To group a set of statements to perform a specific task\", \"To store a collection of data\", \"To control the flow of execution\", \"To define a new data type\"]', 0, 150, NULL, 1, '2025-08-25 12:42:57', '2025-08-28 07:02:32', NULL, NULL, NULL, NULL, NULL),
(72, 4, 1, 'Which of the following is not a data type in JavaScript?', 'MCQ', '[\"Character\", \"String\", \"Number\", \"Boolean\"]', 0, 250, NULL, 1, '2025-08-25 12:42:57', '2025-08-28 07:02:32', NULL, NULL, NULL, NULL, NULL),
(73, 4, 1, 'What does \'LAN\' stand for?', 'MCQ', '[\"Local Area Network\", \"Large Area Network\", \"Logical Area Network\", \"Linked Area Network\"]', 0, 130, NULL, 1, '2025-08-25 12:42:57', '2025-08-28 07:02:32', NULL, NULL, NULL, NULL, NULL),
(74, 4, 1, 'What is the difference between a \'class\' and an \'object\' in object-oriented programming?', 'MCQ', '[\"A class is a blueprint, while an object is an instance of a class\", \"An object is a blueprint, while a class is an instance of an object\", \"They are the same thing\", \"A class is a function, while an object is a variable\"]', 0, 340, NULL, 1, '2025-08-25 12:42:57', '2025-08-28 07:02:32', NULL, NULL, NULL, NULL, NULL),
(75, 4, 1, 'What is the command to list files in a directory in a Unix-like operating system?', 'MCQ', '[\"ls\", \"dir\", \"list\", \"show\"]', 0, 190, NULL, 1, '2025-08-25 12:42:57', '2025-08-28 07:02:32', NULL, NULL, NULL, NULL, NULL),
(76, 4, 1, 'What is the purpose of the \'alt\' attribute in an HTML \'img\' tag?', 'MCQ', '[\"To provide alternative text for an image if it cannot be displayed\", \"To set the alignment of the image\", \"To define the source of the image\", \"To specify the width and height of the image\"]', 0, 220, NULL, 1, '2025-08-25 12:42:57', '2025-08-28 07:02:32', NULL, NULL, NULL, NULL, NULL),
(77, 4, 1, 'What is \'big data\'?', 'MCQ', '[\"Extremely large data sets that may be analyzed computationally to reveal patterns, trends, and associations\", \"A type of database\", \"A programming language\", \"A hardware component\"]', 0, 270, NULL, 1, '2025-08-25 12:42:57', '2025-08-28 07:02:32', NULL, NULL, NULL, NULL, NULL),
(78, 4, 1, 'What is the term for a visual representation of a program\'s logic?', 'MCQ', '[\"Flowchart\", \"Pseudocode\", \"Algorithm\", \"Diagram\"]', 0, 160, NULL, 1, '2025-08-25 12:42:57', '2025-08-28 07:02:32', NULL, NULL, NULL, NULL, NULL),
(79, 4, 1, 'Which of the following is a type of software testing?', 'MCQ', '[\"Unit testing\", \"Integration testing\", \"System testing\", \"All of the above\"]', 3, 290, NULL, 1, '2025-08-25 12:42:57', '2025-08-28 07:02:32', NULL, NULL, NULL, NULL, NULL),
(80, 4, 1, 'What is the function of a \'switch\' statement in programming?', 'MCQ', '[\"To select one of many code blocks to be executed\", \"To create a loop\", \"To define a variable\", \"To handle an error\"]', 0, 200, NULL, 1, '2025-08-25 12:42:57', '2025-08-28 07:02:32', NULL, NULL, NULL, NULL, NULL),
(81, 4, 1, 'What is \'machine learning\'?', 'MCQ', '[\"A field of artificial intelligence that uses statistical techniques to give computer systems the ability to \'learn\' from data\", \"A type of computer hardware\", \"A network protocol\", \"A graphical user interface\"]', 0, 320, NULL, 1, '2025-08-25 12:42:57', '2025-08-28 07:02:32', NULL, NULL, NULL, NULL, NULL),
(82, 4, 1, 'What is the purpose of the \'git clone\' command?', 'MCQ', '[\"To create a copy of a remote repository on your local machine\", \"To create a new branch\", \"To commit changes to a repository\", \"To push changes to a remote repository\"]', 0, 260, NULL, 1, '2025-08-25 12:42:57', '2025-08-28 07:02:32', NULL, NULL, NULL, NULL, NULL),
(83, 4, 1, 'What does \'IDE\' stand for?', 'MCQ', '[\"Integrated Development Environment\", \"Internal Development Environment\", \"Integrated Design Environment\", \"Internal Design Environment\"]', 0, 240, NULL, 1, '2025-08-25 12:42:57', '2025-08-28 07:02:32', NULL, NULL, NULL, NULL, NULL),
(84, 4, 1, 'What is \'recursion\'?', 'MCQ', '[\"A function calling itself\", \"A loop that never ends\", \"A type of data structure\", \"A sorting algorithm\"]', 0, 330, NULL, 1, '2025-08-25 12:42:57', '2025-08-28 07:02:32', NULL, NULL, NULL, NULL, NULL),
(85, 4, 1, 'Which of the following is a web framework for Python?', 'MCQ', '[\"Django\", \"Flask\", \"Pyramid\", \"All of the above\"]', 3, 300, NULL, 1, '2025-08-25 12:42:57', '2025-08-28 07:02:32', NULL, NULL, NULL, NULL, NULL),
(86, 4, 1, 'What is the \'cloud\' in cloud computing?', 'MCQ', '[\"A network of remote servers hosted on the Internet to store, manage, and process data\", \"A type of personal computer\", \"A physical storage device\", \"A software application\"]', 0, 170, NULL, 1, '2025-08-25 12:42:57', '2025-08-28 07:02:32', NULL, NULL, NULL, NULL, NULL),
(87, 4, 1, 'What is the purpose of a \'try-catch\' block in programming?', 'MCQ', '[\"To handle exceptions or errors that may occur in the code\", \"To create a loop\", \"To define a function\", \"To declare a variable\"]', 0, 280, NULL, 1, '2025-08-25 12:42:57', '2025-08-28 07:02:32', NULL, NULL, NULL, NULL, NULL),
(88, 4, 1, 'What is the difference between \'HTTP\' and \'HTTPS\'?', 'MCQ', '[\"HTTPS is a secure version of HTTP\", \"HTTP is a secure version of HTTPS\", \"There is no difference\", \"They are used for different types of websites\"]', 0, 210, NULL, 1, '2025-08-25 12:42:57', '2025-08-28 07:02:32', NULL, NULL, NULL, NULL, NULL),
(89, 4, 1, 'What is the term for a unique identifier for a row in a database table?', 'MCQ', '[\"Primary Key\", \"Foreign Key\", \"Index\", \"Field\"]', 0, 250, NULL, 1, '2025-08-25 12:42:57', '2025-08-28 07:02:32', NULL, NULL, NULL, NULL, NULL),
(90, 4, 1, 'Which of the following is a mobile operating system?', 'MCQ', '[\"Android\", \"iOS\", \"Both A and B\", \"None of the above\"]', 2, 110, NULL, 1, '2025-08-25 12:42:57', '2025-08-28 07:02:32', NULL, NULL, NULL, NULL, NULL),
(91, 4, 1, 'What is \'open source\' software?', 'MCQ', '[\"Software with source code that anyone can inspect, modify, and enhance\", \"Software that is free to use\", \"Software that is available online\", \"Software that is easy to use\"]', 0, 180, NULL, 1, '2025-08-25 12:42:57', '2025-08-28 07:02:32', NULL, NULL, NULL, NULL, NULL),
(92, 4, 1, 'What is the purpose of a \'constructor\' in object-oriented programming?', 'MCQ', '[\"To initialize the state of an object when it is created\", \"To destroy an object when it is no longer needed\", \"To define the methods of a class\", \"To create a copy of an object\"]', 0, 350, NULL, 1, '2025-08-25 12:42:57', '2025-08-28 07:02:32', NULL, NULL, NULL, NULL, NULL),
(93, 4, 1, 'Which of the following is a type of computer memory?', 'MCQ', '[\"Cache\", \"RAM\", \"ROM\", \"All of the above\"]', 3, 140, NULL, 1, '2025-08-25 12:42:57', '2025-08-28 07:02:32', NULL, NULL, NULL, NULL, NULL),
(94, 4, 1, 'What is the command to create a new directory in a Unix-like operating system?', 'MCQ', '[\"mkdir\", \"newdir\", \"createdir\", \"md\"]', 0, 190, NULL, 1, '2025-08-25 12:42:57', '2025-08-28 07:02:32', NULL, NULL, NULL, NULL, NULL),
(95, 4, 1, 'What is the purpose of an \'array\' in programming?', 'MCQ', '[\"To store a collection of elements of the same data type\", \"To perform mathematical calculations\", \"To define the structure of a program\", \"To handle user input\"]', 0, 160, NULL, 1, '2025-08-25 12:42:57', '2025-08-28 07:02:32', NULL, NULL, NULL, NULL, NULL),
(96, 4, 1, 'What is the \'Internet of Things\' (IoT)?', 'MCQ', '[\"A network of physical devices, vehicles, home appliances and other items embedded with electronics, software, sensors, actuators, and connectivity which enables these objects to connect and exchange data\", \"A new version of the internet\", \"A type of social media platform\", \"A virtual reality technology\"]', 0, 320, NULL, 1, '2025-08-25 12:42:57', '2025-08-28 07:02:32', NULL, NULL, NULL, NULL, NULL),
(97, 4, 1, 'What is the term for a software program that is designed to damage or disrupt a computer system?', 'MCQ', '[\"Virus\", \"Firewall\", \"Antivirus\", \"Operating System\"]', 0, 200, NULL, 1, '2025-08-25 12:42:57', '2025-08-28 07:02:32', NULL, NULL, NULL, NULL, NULL),
(98, 4, 1, 'Which of the following is a front-end JavaScript framework?', 'MCQ', '[\"React\", \"Angular\", \"Vue.js\", \"All of the above\"]', 3, 310, NULL, 1, '2025-08-25 12:42:57', '2025-08-28 07:02:32', NULL, NULL, NULL, NULL, NULL),
(99, 4, 1, 'What is the purpose of a \'variable\' in programming?', 'MCQ', '[\"To store a value that can be changed\", \"To perform a specific action\", \"To define a constant value\", \"To organize code\"]', 0, 120, NULL, 1, '2025-08-25 12:42:57', '2025-08-28 07:02:32', NULL, NULL, NULL, NULL, NULL),
(100, 4, 1, 'What is the difference between \'let\' and \'const\' in JavaScript?', 'MCQ', '[\"\'let\' allows you to reassign the variable, while \'const\' does not\", \"\'const\' allows you to reassign the variable, while \'let\' does not\", \"There is no difference\", \"They are used for different scopes\"]', 0, 270, NULL, 1, '2025-08-25 12:42:57', '2025-08-28 07:02:32', NULL, NULL, NULL, NULL, NULL),
(101, 4, 1, 'What is the term for the process of converting data into a format that cannot be easily understood by unauthorized parties?', 'MCQ', '[\"Encryption\", \"Decryption\", \"Compression\", \"Decompression\"]', 0, 230, NULL, 1, '2025-08-25 12:42:57', '2025-08-28 07:02:32', NULL, NULL, NULL, NULL, NULL),
(102, 4, 1, 'Which of the following is a sorting algorithm?', 'MCQ', '[\"Bubble Sort\", \"Merge Sort\", \"Quick Sort\", \"All of the above\"]', 3, 290, NULL, 1, '2025-08-25 12:42:57', '2025-08-28 07:02:32', NULL, NULL, NULL, NULL, NULL),
(103, 4, 1, 'What is the function of the \'this\' keyword in JavaScript?', 'MCQ', '[\"It refers to the object that is executing the current function\", \"It refers to the global object\", \"It refers to the parent object\", \"It is a placeholder for a value\"]', 0, 340, NULL, 1, '2025-08-25 12:42:57', '2025-08-28 07:02:32', NULL, NULL, NULL, NULL, NULL),
(104, 4, 1, 'What is \'agile\' software development?', 'MCQ', '[\"An iterative and incremental approach to software development\", \"A linear and sequential approach to software development\", \"A methodology that focuses on extensive documentation\", \"A process that involves minimal customer feedback\"]', 0, 330, NULL, 1, '2025-08-25 12:42:57', '2025-08-28 07:02:32', NULL, NULL, NULL, NULL, NULL),
(105, 4, 1, 'What does \'WAN\' stand for?', 'MCQ', '[\"Wide Area Network\", \"Wireless Area Network\", \"Wired Area Network\", \"World Area Network\"]', 0, 150, NULL, 1, '2025-08-25 12:42:57', '2025-08-28 07:02:32', NULL, NULL, NULL, NULL, NULL),
(106, 4, 1, 'What is the purpose of a \'cookie\' on a website?', 'MCQ', '[\"To store user information on the user\'s computer\", \"To display advertisements\", \"To play videos\", \"To create animations\"]', 0, 220, NULL, 1, '2025-08-25 12:42:57', '2025-08-28 07:02:32', NULL, NULL, NULL, NULL, NULL),
(107, 4, 1, 'Which of the following is a NoSQL database?', 'MCQ', '[\"MongoDB\", \"Cassandra\", \"Redis\", \"All of the above\"]', 3, 300, NULL, 1, '2025-08-25 12:42:57', '2025-08-28 07:02:32', NULL, NULL, NULL, NULL, NULL),
(108, 4, 1, 'What is the \'DOM\' in web development?', 'MCQ', '[\"Document Object Model\", \"Data Object Model\", \"Design Object Model\", \"Display Object Model\"]', 0, 260, NULL, 1, '2025-08-25 12:42:57', '2025-08-28 07:02:32', NULL, NULL, NULL, NULL, NULL),
(109, 4, 1, 'What is the command to display the current working directory in a Unix-like operating system?', 'MCQ', '[\"pwd\", \"cwd\", \"dir\", \"path\"]', 0, 180, NULL, 1, '2025-08-25 12:42:57', '2025-08-28 07:02:32', NULL, NULL, NULL, NULL, NULL),
(110, 4, 1, 'What is \'pair programming\'?', 'MCQ', '[\"An agile software development technique in which two programmers work together at one workstation\", \"A method of programming with a partner\", \"A way to debug code with another person\", \"A process of reviewing code written by a colleague\"]', 0, 240, NULL, 1, '2025-08-25 12:42:57', '2025-08-28 07:02:32', NULL, NULL, NULL, NULL, NULL),
(111, 4, 1, 'Which of the following is a back-end programming language?', 'MCQ', '[\"Node.js\", \"PHP\", \"Ruby on Rails\", \"All of the above\"]', 3, 280, NULL, 1, '2025-08-25 12:42:57', '2025-08-28 07:02:32', NULL, NULL, NULL, NULL, NULL),
(112, 4, 1, 'What is the purpose of a \'foreign key\' in a database?', 'MCQ', '[\"To link two tables together\", \"To uniquely identify a record in a table\", \"To speed up data retrieval\", \"To enforce data integrity\"]', 0, 310, NULL, 1, '2025-08-25 12:42:57', '2025-08-28 07:02:32', NULL, NULL, NULL, NULL, NULL),
(113, 4, 1, 'What is \'responsive web design\'?', 'MCQ', '[\"A web design approach that makes web pages render well on a variety of devices and window or screen sizes\", \"A web design that responds quickly to user input\", \"A web design that uses a lot of animations and transitions\", \"A web design that is easy to navigate\"]', 0, 250, NULL, 1, '2025-08-25 12:42:57', '2025-08-28 07:02:32', NULL, NULL, NULL, NULL, NULL),
(114, 4, 1, 'What is the term for a collection of related web pages?', 'MCQ', '[\"Website\", \"Web server\", \"Web browser\", \"Web application\"]', 0, 110, NULL, 1, '2025-08-25 12:42:57', '2025-08-28 07:02:32', NULL, NULL, NULL, NULL, NULL),
(115, 4, 1, 'What is the purpose of a \'version control system\'?', 'MCQ', '[\"To track changes to files over time\", \"To store different versions of a software application\", \"To collaborate with other developers on a project\", \"All of the above\"]', 3, 270, NULL, 1, '2025-08-25 12:42:57', '2025-08-28 07:02:32', NULL, NULL, NULL, NULL, NULL),
(116, 4, 1, 'What is the difference between \'null\' and \'undefined\' in JavaScript?', 'MCQ', '[\"\'null\' is an assigned value, while \'undefined\' means a variable has been declared but has not yet been assigned a value\", \"\'undefined\' is an assigned value, while \'null\' means a variable has been declared but has not yet been assigned a value\", \"They are the same\", \"They are used for different data types\"]', 0, 350, NULL, 1, '2025-08-25 12:42:57', '2025-08-28 07:02:32', NULL, NULL, NULL, NULL, NULL),
(117, 4, 1, 'What is \'cybersecurity\'?', 'MCQ', '[\"The practice of protecting systems, networks, and programs from digital attacks\", \"A type of computer software\", \"A career in the tech industry\", \"A method of data storage\"]', 0, 170, NULL, 1, '2025-08-25 12:42:57', '2025-08-28 07:02:32', NULL, NULL, NULL, NULL, NULL),
(118, 4, 1, 'What is the purpose of a \'break\' statement in a loop?', 'MCQ', '[\"To terminate the loop\", \"To skip the current iteration and continue with the next one\", \"To pause the execution of the loop\", \"To restart the loop\"]', 0, 190, NULL, 1, '2025-08-25 12:42:57', '2025-08-28 07:02:32', NULL, NULL, NULL, NULL, NULL),
(123, 6, 6, 'If a rectangle has length 8 cm and width 6 cm, what is its area?', 'MCQ', '[\"14 cm²\", \"48 cm²\", \"28 cm²\", \"56 cm²\"]', 1, 211, NULL, 1, '2025-08-30 09:11:11', '2025-08-30 09:11:11', NULL, NULL, NULL, NULL, NULL),
(122, 6, 6, 'What is the value of 3² × 4 + 7?', 'MCQ', '[\"43\", \"55\", \"67\", \"79\"]', 0, 282, NULL, 1, '2025-08-30 09:11:11', '2025-08-30 09:11:11', NULL, NULL, NULL, NULL, NULL),
(130, 6, 6, 'What is the perimeter of a square with side length 9 cm?', 'MCQ', '[\"18 cm\", \"27 cm\", \"36 cm\", \"81 cm\"]', 2, 304, NULL, 1, '2025-08-30 09:11:11', '2025-08-30 09:11:11', NULL, NULL, NULL, NULL, NULL),
(131, 6, 6, 'Simplify: 2(3x + 4) - 5', 'MCQ', '[\"6x + 3\", \"6x + 8\", \"6x - 1\", \"6x + 1\"]', 0, 203, NULL, 1, '2025-08-30 09:11:11', '2025-08-30 09:11:11', NULL, NULL, NULL, NULL, NULL),
(132, 6, 6, 'What is the least common multiple of 6 and 8?', 'MCQ', '[\"12\", \"18\", \"24\", \"48\"]', 2, 114, NULL, 1, '2025-08-30 09:11:11', '2025-08-30 09:11:11', NULL, NULL, NULL, NULL, NULL),
(133, 6, 6, 'If a circle has radius 5 cm, what is its circumference? (Use π = 3.14)', 'MCQ', '[\"15.7 cm\", \"31.4 cm\", \"47.1 cm\", \"78.5 cm\"]', 1, 268, NULL, 1, '2025-08-30 09:11:11', '2025-08-30 09:11:11', NULL, NULL, NULL, NULL, NULL),
(134, 6, 6, 'What is 0.6 as a fraction in simplest form?', 'MCQ', '[\"5-Mar\", \"10-Jun\", \"3-Feb\", \"2-Jan\"]', 0, 117, NULL, 1, '2025-08-30 09:11:11', '2025-08-30 09:11:11', NULL, NULL, NULL, NULL, NULL),
(135, 6, 6, 'If 4 notebooks cost $12, how much do 7 notebooks cost?', 'MCQ', '[\"$18\", \"$21\", \"$24\", \"$28\"]', 1, 212, NULL, 1, '2025-08-30 09:11:11', '2025-08-30 09:11:11', NULL, NULL, NULL, NULL, NULL),
(136, 6, 6, 'What is the value of 2³ × 3²?', 'MCQ', '[\"18\", \"36\", \"72\", \"108\"]', 2, 250, NULL, 1, '2025-08-30 09:11:11', '2025-08-30 09:11:11', NULL, NULL, NULL, NULL, NULL),
(137, 6, 6, 'If a number is increased by 20% and becomes 60, what was the original number?', 'MCQ', '[\"45\", \"48\", \"50\", \"52\"]', 2, 340, NULL, 1, '2025-08-30 09:11:11', '2025-08-30 09:11:11', NULL, NULL, NULL, NULL, NULL),
(138, 6, 6, 'What is the area of a triangle with base 10 cm and height 8 cm?', 'MCQ', '[\"18 cm²\", \"40 cm²\", \"80 cm²\", \"160 cm²\"]', 1, 155, NULL, 1, '2025-08-30 09:11:11', '2025-08-30 09:11:11', NULL, NULL, NULL, NULL, NULL),
(139, 6, 6, 'Solve for y: 2y - 5 = 11', 'MCQ', '[\"3\", \"6\", \"8\", \"13\"]', 2, 303, NULL, 1, '2025-08-30 09:11:11', '2025-08-30 09:11:11', NULL, NULL, NULL, NULL, NULL),
(140, 6, 6, 'What is the prime factorization of 48?', 'MCQ', '[\"2 × 2 × 2 × 2 × 3\", \"2 × 2 × 3 × 4\", \"2 × 3 × 8\", \"3 × 4 × 4\"]', 0, 238, NULL, 1, '2025-08-30 09:11:11', '2025-08-30 09:11:11', NULL, NULL, NULL, NULL, NULL),
(141, 6, 6, 'If a cube has edge length 4 cm, what is its volume?', 'MCQ', '[\"16 cm³\", \"32 cm³\", \"64 cm³\", \"128 cm³\"]', 2, 121, NULL, 1, '2025-08-30 09:11:11', '2025-08-30 09:11:11', NULL, NULL, NULL, NULL, NULL),
(142, 6, 6, 'What is 7/12 as a decimal rounded to 2 decimal places?', 'MCQ', '[\"0.58\", \"0.59\", \"0.6\", \"0.61\"]', 0, 317, NULL, 1, '2025-08-30 09:11:11', '2025-08-30 09:11:11', NULL, NULL, NULL, NULL, NULL),
(143, 6, 6, 'If 3 workers can complete a job in 8 days, how many days will 6 workers take?', 'MCQ', '[\"2\", \"3\", \"4\", \"6\"]', 2, 120, NULL, 1, '2025-08-30 09:11:11', '2025-08-30 09:11:11', NULL, NULL, NULL, NULL, NULL),
(144, 6, 6, 'What is the value of 5² + 3³?', 'MCQ', '[\"16\", \"34\", \"52\", \"125\"]', 1, 260, NULL, 1, '2025-08-30 09:11:11', '2025-08-30 09:11:11', NULL, NULL, NULL, NULL, NULL),
(145, 6, 6, 'If a rectangle has perimeter 24 cm and length 8 cm, what is its width?', 'MCQ', '[\"2 cm\", \"4 cm\", \"6 cm\", \"8 cm\"]', 1, 287, NULL, 1, '2025-08-30 09:11:11', '2025-08-30 09:11:11', NULL, NULL, NULL, NULL, NULL),
(146, 6, 6, 'What is the reciprocal of 3/4?', 'MCQ', '[\"4-Mar\", \"3-Apr\", \"3-Jan\", \"4-Jan\"]', 1, 216, NULL, 1, '2025-08-30 09:11:11', '2025-08-30 09:11:11', NULL, NULL, NULL, NULL, NULL),
(147, 6, 6, 'If a train travels 180 km in 3 hours, what is its average speed?', 'MCQ', '[\"45 km/h\", \"50 km/h\", \"60 km/h\", \"90 km/h\"]', 2, 163, NULL, 1, '2025-08-30 09:11:11', '2025-08-30 09:11:11', NULL, NULL, NULL, NULL, NULL),
(148, 6, 6, 'What is the value of 4! (4 factorial)?', 'MCQ', '[\"8\", \"12\", \"16\", \"24\"]', 3, 225, NULL, 1, '2025-08-30 09:11:11', '2025-08-30 09:11:11', NULL, NULL, NULL, NULL, NULL),
(149, 6, 6, 'If a triangle has sides 5 cm, 12 cm, and 13 cm, what type of triangle is it?', 'MCQ', '[\"Acute\", \"Right\", \"Obtuse\", \"Equilateral\"]', 1, 349, NULL, 1, '2025-08-30 09:11:11', '2025-08-30 09:11:11', NULL, NULL, NULL, NULL, NULL),
(150, 6, 6, 'What is 0.125 as a fraction?', 'MCQ', '[\"8-Jan\", \"6-Jan\", \"4-Jan\", \"2-Jan\"]', 0, 269, NULL, 1, '2025-08-30 09:11:11', '2025-08-30 09:11:11', NULL, NULL, NULL, NULL, NULL),
(151, 6, 6, 'If a shirt costs $25 and is discounted by 20%, what is the final price?', 'MCQ', '[\"$15\", \"$18\", \"$20\", \"$23\"]', 2, 296, NULL, 1, '2025-08-30 09:11:11', '2025-08-30 09:11:11', NULL, NULL, NULL, NULL, NULL),
(152, 6, 6, 'What is the value of 2⁴ × 3?', 'MCQ', '[\"24\", \"32\", \"48\", \"96\"]', 2, 333, NULL, 1, '2025-08-30 09:11:11', '2025-08-30 09:11:11', NULL, NULL, NULL, NULL, NULL),
(153, 6, 6, 'If a number is increased by 25% and becomes 75, what was the original number?', 'MCQ', '[\"50\", \"55\", \"60\", \"65\"]', 2, 339, NULL, 1, '2025-08-30 09:11:11', '2025-08-30 09:11:11', NULL, NULL, NULL, NULL, NULL),
(154, 6, 6, 'What is the perimeter of a rectangle with length 12 cm and width 8 cm?', 'MCQ', '[\"20 cm\", \"40 cm\", \"80 cm\", \"96 cm\"]', 1, 178, NULL, 1, '2025-08-30 09:11:11', '2025-08-30 09:11:11', NULL, NULL, NULL, NULL, NULL),
(155, 6, 6, 'Solve for x: 5x - 8 = 17', 'MCQ', '[\"3\", \"5\", \"7\", \"9\"]', 1, 164, NULL, 1, '2025-08-30 09:11:11', '2025-08-30 09:11:11', NULL, NULL, NULL, NULL, NULL),
(156, 6, 6, 'What is the least common multiple of 9 and 12?', 'MCQ', '[\"18\", \"27\", \"36\", \"108\"]', 2, 167, NULL, 1, '2025-08-30 09:11:11', '2025-08-30 09:11:11', NULL, NULL, NULL, NULL, NULL),
(157, 6, 6, 'If a cylinder has radius 3 cm and height 10 cm, what is its volume? (Use π = 3.14)', 'MCQ', '[\"28.26 cm³\", \"94.2 cm³\", \"282.6 cm³\", \"942 cm³\"]', 2, 214, NULL, 1, '2025-08-30 09:11:11', '2025-08-30 09:11:11', NULL, NULL, NULL, NULL, NULL),
(158, 6, 6, 'What is 2/3 as a decimal rounded to 2 decimal places?', 'MCQ', '[\"0.66\", \"0.67\", \"0.68\", \"0.69\"]', 0, 300, NULL, 1, '2025-08-30 09:11:11', '2025-08-30 09:11:11', NULL, NULL, NULL, NULL, NULL),
(159, 6, 6, 'If 6 painters can paint a house in 4 days, how many days will 8 painters take?', 'MCQ', '[\"2\", \"3\", \"4\", \"6\"]', 1, 238, NULL, 1, '2025-08-30 09:11:11', '2025-08-30 09:11:11', NULL, NULL, NULL, NULL, NULL),
(160, 6, 6, 'What is the value of 4² × 2³?', 'MCQ', '[\"32\", \"64\", \"128\", \"256\"]', 1, 340, NULL, 1, '2025-08-30 09:11:11', '2025-08-30 09:11:11', NULL, NULL, NULL, NULL, NULL),
(161, 6, 6, 'If a triangle has base 15 cm and height 12 cm, what is its area?', 'MCQ', '[\"45 cm²\", \"90 cm²\", \"180 cm²\", \"360 cm²\"]', 1, 304, NULL, 1, '2025-08-30 09:11:11', '2025-08-30 09:11:11', NULL, NULL, NULL, NULL, NULL),
(162, 6, 6, 'What is the reciprocal of 1/3?', 'MCQ', '[\"3-Jan\", \"3-Feb\", \"3\", \"1\"]', 1, 126, NULL, 1, '2025-08-30 09:11:11', '2025-08-30 09:11:11', NULL, NULL, NULL, NULL, NULL),
(163, 6, 6, 'If a train travels 240 km in 4 hours, what is its speed in km/h?', 'MCQ', '[\"40 km/h\", \"50 km/h\", \"60 km/h\", \"80 km/h\"]', 2, 246, NULL, 1, '2025-08-30 09:11:11', '2025-08-30 09:11:11', NULL, NULL, NULL, NULL, NULL),
(164, 6, 6, 'What is the value of 5! ÷ 3!?', 'MCQ', '[\"10\", \"20\", \"40\", \"120\"]', 1, 287, NULL, 1, '2025-08-30 09:11:11', '2025-08-30 09:11:11', NULL, NULL, NULL, NULL, NULL),
(165, 6, 6, 'If a triangle has sides 6 cm, 8 cm, and 10 cm, what type of triangle is it?', 'MCQ', '[\"Acute\", \"Right\", \"Obtuse\", \"Equilateral\"]', 1, 256, NULL, 1, '2025-08-30 09:11:11', '2025-08-30 09:11:11', NULL, NULL, NULL, NULL, NULL),
(166, 6, 6, 'What is 0.4 as a fraction in simplest form?', 'MCQ', '[\"5-Feb\", \"10-Apr\", \"4-Jan\", \"2-Jan\"]', 0, 187, NULL, 1, '2025-08-30 09:11:11', '2025-08-30 09:11:11', NULL, NULL, NULL, NULL, NULL),
(167, 6, 6, 'If a laptop costs $800 and is discounted by 15%, what is the final price?', 'MCQ', '[\"$680\", \"$720\", \"$760\", \"$800\"]', 0, 268, NULL, 1, '2025-08-30 09:11:11', '2025-08-30 09:11:11', NULL, NULL, NULL, NULL, NULL),
(168, 6, 6, 'What is the value of 3⁴ ÷ 3²?', 'MCQ', '[\"3\", \"9\", \"27\", \"81\"]', 1, 331, NULL, 1, '2025-08-30 09:11:11', '2025-08-30 09:11:11', NULL, NULL, NULL, NULL, NULL),
(169, 6, 6, 'If a number is decreased by 20% and becomes 80, what was the original number?', 'MCQ', '[\"90\", \"95\", \"100\", \"105\"]', 2, 325, NULL, 1, '2025-08-30 09:11:11', '2025-08-30 09:11:11', NULL, NULL, NULL, NULL, NULL),
(170, 6, 6, 'What is the area of a square with side length 11 cm?', 'MCQ', '[\"22 cm²\", \"44 cm²\", \"121 cm²\", \"484 cm²\"]', 2, 139, NULL, 1, '2025-08-30 09:11:11', '2025-08-30 09:11:11', NULL, NULL, NULL, NULL, NULL),
(171, 6, 6, 'Solve for y: 6y + 4 = 28', 'MCQ', '[\"2\", \"3\", \"4\", \"5\"]', 2, 279, NULL, 1, '2025-08-30 09:11:11', '2025-08-30 09:11:11', NULL, NULL, NULL, NULL, NULL),
(172, 6, 6, 'What is the greatest common factor of 32 and 48?', 'MCQ', '[\"8\", \"12\", \"16\", \"24\"]', 2, 246, NULL, 1, '2025-08-30 09:11:11', '2025-08-30 09:11:11', NULL, NULL, NULL, NULL, NULL),
(173, 6, 6, 'If a cube has edge length 5 cm, what is its surface area?', 'MCQ', '[\"25 cm²\", \"75 cm²\", \"125 cm²\", \"150 cm²\"]', 3, 244, NULL, 1, '2025-08-30 09:11:11', '2025-08-30 09:11:11', NULL, NULL, NULL, NULL, NULL),
(174, 6, 6, 'What is 3/5 as a decimal?', 'MCQ', '[\"0.4\", \"0.5\", \"0.6\", \"0.7\"]', 2, 146, NULL, 1, '2025-08-30 09:11:11', '2025-08-30 09:11:11', NULL, NULL, NULL, NULL, NULL),
(175, 6, 6, 'If 4 workers can build a wall in 6 days, how many days will 3 workers take?', 'MCQ', '[\"4\", \"6\", \"8\", \"12\"]', 2, 240, NULL, 1, '2025-08-30 09:11:11', '2025-08-30 09:11:11', NULL, NULL, NULL, NULL, NULL),
(176, 6, 6, 'What is the value of 2⁶ × 3?', 'MCQ', '[\"96\", \"192\", \"384\", \"768\"]', 1, 313, NULL, 1, '2025-08-30 09:11:11', '2025-08-30 09:11:11', NULL, NULL, NULL, NULL, NULL),
(177, 6, 6, 'If a rectangle has area 60 cm² and width 5 cm, what is its length?', 'MCQ', '[\"10 cm\", \"12 cm\", \"15 cm\", \"20 cm\"]', 1, 109, NULL, 1, '2025-08-30 09:11:11', '2025-08-30 09:11:11', NULL, NULL, NULL, NULL, NULL),
(178, 6, 6, 'What is the reciprocal of 4/7?', 'MCQ', '[\"7-Apr\", \"4-Jul\", \"4-Jan\", \"7-Jan\"]', 1, 100, NULL, 1, '2025-08-30 09:11:11', '2025-08-30 09:11:11', NULL, NULL, NULL, NULL, NULL),
(179, 6, 6, 'If a car travels 90 km in 1.5 hours, what is its speed?', 'MCQ', '[\"45 km/h\", \"50 km/h\", \"60 km/h\", \"90 km/h\"]', 2, 337, NULL, 1, '2025-08-30 09:11:11', '2025-08-30 09:11:11', NULL, NULL, NULL, NULL, NULL),
(180, 6, 6, 'What is the value of 7! ÷ 5!?', 'MCQ', '[\"21\", \"42\", \"84\", \"252\"]', 1, 134, NULL, 1, '2025-08-30 09:11:11', '2025-08-30 09:11:11', NULL, NULL, NULL, NULL, NULL),
(181, 6, 6, 'If a triangle has angles measuring 40°, 50°, and 90°, what type of triangle is it?', 'MCQ', '[\"Acute\", \"Right\", \"Obtuse\", \"Equilateral\"]', 1, 209, NULL, 1, '2025-08-30 09:11:11', '2025-08-30 09:11:11', NULL, NULL, NULL, NULL, NULL),
(182, 6, 6, 'What is 0.8 as a fraction in simplest form?', 'MCQ', '[\"5-Apr\", \"10-Aug\", \"3-Feb\", \"2-Jan\"]', 0, 330, NULL, 1, '2025-08-30 09:11:11', '2025-08-30 09:11:11', NULL, NULL, NULL, NULL, NULL),
(183, 6, 6, 'If a phone costs $500 and the tax rate is 10%, what is the total cost?', 'MCQ', '[\"$500\", \"$550\", \"$600\", \"$650\"]', 1, 184, NULL, 1, '2025-08-30 09:11:11', '2025-08-30 09:11:11', NULL, NULL, NULL, NULL, NULL),
(184, 6, 6, 'What is the value of 4³ ÷ 4?', 'MCQ', '[\"4\", \"8\", \"16\", \"64\"]', 2, 271, NULL, 1, '2025-08-30 09:11:11', '2025-08-30 09:11:11', NULL, NULL, NULL, NULL, NULL),
(185, 6, 6, 'If a number is increased by 30% and becomes 130, what was the original number?', 'MCQ', '[\"90\", \"100\", \"110\", \"120\"]', 1, 206, NULL, 1, '2025-08-30 09:11:11', '2025-08-30 09:11:11', NULL, NULL, NULL, NULL, NULL),
(186, 6, 6, 'What is the perimeter of a triangle with sides 7 cm, 9 cm, and 12 cm?', 'MCQ', '[\"21 cm\", \"28 cm\", \"35 cm\", \"42 cm\"]', 1, 133, NULL, 1, '2025-08-30 09:11:11', '2025-08-30 09:11:11', NULL, NULL, NULL, NULL, NULL),
(187, 6, 6, 'Solve for x: 7x - 3 = 25', 'MCQ', '[\"2\", \"3\", \"4\", \"5\"]', 2, 307, NULL, 1, '2025-08-30 09:11:11', '2025-08-30 09:11:11', NULL, NULL, NULL, NULL, NULL),
(188, 6, 6, 'What is the least common multiple of 8 and 10?', 'MCQ', '[\"20\", \"30\", \"40\", \"80\"]', 2, 319, NULL, 1, '2025-08-30 09:11:11', '2025-08-30 09:11:11', NULL, NULL, NULL, NULL, NULL),
(189, 6, 6, 'If a sphere has radius 4 cm, what is its volume? (Use π = 3.14)', 'MCQ', '[\"67.02 cm³\", \"200.96 cm³\", \"268.08 cm³\", \"804.24 cm³\"]', 2, 123, NULL, 1, '2025-08-30 09:11:11', '2025-08-30 09:11:11', NULL, NULL, NULL, NULL, NULL),
(190, 6, 6, 'What is 4/7 as a decimal rounded to 2 decimal places?', 'MCQ', '[\"0.57\", \"0.58\", \"0.59\", \"0.6\"]', 0, 126, NULL, 1, '2025-08-30 09:11:11', '2025-08-30 09:11:11', NULL, NULL, NULL, NULL, NULL),
(191, 6, 6, 'If 5 machines can produce 200 items in 3 hours, how many items can 3 machines produce in 2 hours?', 'MCQ', '[\"60\", \"80\", \"120\", \"200\"]', 1, 157, NULL, 1, '2025-08-30 09:11:11', '2025-08-30 09:11:11', NULL, NULL, NULL, NULL, NULL),
(192, 6, 6, 'What is the value of 5³ × 2²?', 'MCQ', '[\"100\", \"200\", \"500\", \"1000\"]', 2, 247, NULL, 1, '2025-08-30 09:11:11', '2025-08-30 09:11:11', NULL, NULL, NULL, NULL, NULL),
(193, 6, 6, 'If a parallelogram has base 10 cm and height 8 cm, what is its area?', 'MCQ', '[\"18 cm²\", \"40 cm²\", \"80 cm²\", \"160 cm²\"]', 2, 138, NULL, 1, '2025-08-30 09:11:11', '2025-08-30 09:11:11', NULL, NULL, NULL, NULL, NULL),
(194, 6, 6, 'What is the reciprocal of 5/6?', 'MCQ', '[\"6-May\", \"5-Jun\", \"5-Jan\", \"6-Jan\"]', 1, 243, NULL, 1, '2025-08-30 09:11:11', '2025-08-30 09:11:11', NULL, NULL, NULL, NULL, NULL),
(195, 6, 6, 'If a bus travels 180 km in 3 hours, what is its average speed?', 'MCQ', '[\"45 km/h\", \"50 km/h\", \"60 km/h\", \"90 km/h\"]', 2, 191, NULL, 1, '2025-08-30 09:11:11', '2025-08-30 09:11:11', NULL, NULL, NULL, NULL, NULL),
(196, 6, 6, 'What is the value of 8! ÷ 6!?', 'MCQ', '[\"28\", \"56\", \"112\", \"336\"]', 1, 347, NULL, 1, '2025-08-30 09:11:11', '2025-08-30 09:11:11', NULL, NULL, NULL, NULL, NULL),
(197, 6, 6, 'If a triangle has sides 9 cm, 12 cm, and 15 cm, what type of triangle is it?', 'MCQ', '[\"Acute\", \"Right\", \"Obtuse\", \"Equilateral\"]', 1, 323, NULL, 1, '2025-08-30 09:11:11', '2025-08-30 09:11:11', NULL, NULL, NULL, NULL, NULL),
(198, 6, 6, 'What is 0.6 as a fraction in simplest form?', 'MCQ', '[\"5-Mar\", \"10-Jun\", \"3-Feb\", \"2-Jan\"]', 0, 283, NULL, 1, '2025-08-30 09:11:11', '2025-08-30 09:11:11', NULL, NULL, NULL, NULL, NULL),
(199, 6, 6, 'If a computer costs $1200 and is discounted by 25%, what is the final price?', 'MCQ', '[\"$800\", \"$900\", \"$1,000\", \"$1,100\"]', 1, 250, NULL, 1, '2025-08-30 09:11:11', '2025-08-30 09:11:11', NULL, NULL, NULL, NULL, NULL),
(200, 6, 6, 'What is the value of 6² × 2³?', 'MCQ', '[\"72\", \"144\", \"288\", \"576\"]', 1, 346, NULL, 1, '2025-08-30 09:11:11', '2025-08-30 09:11:11', NULL, NULL, NULL, NULL, NULL),
(201, 6, 6, 'If a number is decreased by 25% and becomes 75, what was the original number?', 'MCQ', '[\"90\", \"95\", \"100\", \"105\"]', 2, 183, NULL, 1, '2025-08-30 09:11:11', '2025-08-30 09:11:11', NULL, NULL, NULL, NULL, NULL),
(202, 6, 6, 'What is the area of a circle with diameter 10 cm? (Use π = 3.14)', 'MCQ', '[\"31.4 cm²\", \"62.8 cm²\", \"78.5 cm²\", \"157 cm²\"]', 2, 241, NULL, 1, '2025-08-30 09:11:11', '2025-08-30 09:11:11', NULL, NULL, NULL, NULL, NULL),
(203, 6, 6, 'Solve for z: 8z + 5 = 37', 'MCQ', '[\"3\", \"4\", \"5\", \"6\"]', 1, 191, NULL, 1, '2025-08-30 09:11:11', '2025-08-30 09:11:11', NULL, NULL, NULL, NULL, NULL),
(204, 6, 6, 'What is the greatest common factor of 42 and 56?', 'MCQ', '[\"7\", \"14\", \"21\", \"28\"]', 1, 200, NULL, 1, '2025-08-30 09:11:11', '2025-08-30 09:11:11', NULL, NULL, NULL, NULL, NULL),
(205, 6, 6, 'If a rectangular prism has dimensions 6 cm × 8 cm × 10 cm, what is its volume?', 'MCQ', '[\"48 cm³\", \"240 cm³\", \"480 cm³\", \"960 cm³\"]', 2, 286, NULL, 1, '2025-08-30 09:11:11', '2025-08-30 09:11:11', NULL, NULL, NULL, NULL, NULL),
(206, 6, 6, 'What is 5/8 as a decimal?', 'MCQ', '[\"0.625\", \"0.65\", \"0.7\", \"0.75\"]', 0, 234, NULL, 1, '2025-08-30 09:11:11', '2025-08-30 09:11:11', NULL, NULL, NULL, NULL, NULL),
(207, 6, 6, 'If 6 workers can complete a project in 5 days, how many days will 10 workers take?', 'MCQ', '[\"2\", \"3\", \"4\", \"5\"]', 1, 170, NULL, 1, '2025-08-30 09:11:11', '2025-08-30 09:11:11', NULL, NULL, NULL, NULL, NULL),
(208, 6, 6, 'What is the value of 3⁵ ÷ 3³?', 'MCQ', '[\"3\", \"9\", \"27\", \"81\"]', 1, 307, NULL, 1, '2025-08-30 09:11:11', '2025-08-30 09:11:11', NULL, NULL, NULL, NULL, NULL),
(209, 6, 6, 'If a trapezoid has bases 6 cm and 10 cm, and height 8 cm, what is its area?', 'MCQ', '[\"32 cm²\", \"64 cm²\", \"128 cm²\", \"256 cm²\"]', 1, 270, NULL, 1, '2025-08-30 09:11:11', '2025-08-30 09:11:11', NULL, NULL, NULL, NULL, NULL),
(210, 6, 6, 'What is the reciprocal of 3/8?', 'MCQ', '[\"8-Mar\", \"3-Aug\", \"3-Jan\", \"8-Jan\"]', 1, 282, NULL, 1, '2025-08-30 09:11:11', '2025-08-30 09:11:11', NULL, NULL, NULL, NULL, NULL),
(211, 6, 6, 'If a plane travels 600 km in 2 hours, what is its speed?', 'MCQ', '[\"200 km/h\", \"250 km/h\", \"300 km/h\", \"400 km/h\"]', 2, 274, NULL, 1, '2025-08-30 09:11:11', '2025-08-30 09:11:11', NULL, NULL, NULL, NULL, NULL),
(212, 6, 6, 'What is the value of 9! ÷ 7!?', 'MCQ', '[\"36\", \"72\", \"144\", \"432\"]', 1, 198, NULL, 1, '2025-08-30 09:11:11', '2025-08-30 09:11:11', NULL, NULL, NULL, NULL, NULL),
(213, 6, 6, 'If a triangle has angles measuring 35°, 55°, and 90°, what type of triangle is it?', 'MCQ', '[\"Acute\", \"Right\", \"Obtuse\", \"Equilateral\"]', 1, 321, NULL, 1, '2025-08-30 09:11:11', '2025-08-30 09:11:11', NULL, NULL, NULL, NULL, NULL),
(214, 6, 6, 'What is 0.9 as a fraction in simplest form?', 'MCQ', '[\"10-Sep\", \"4-Mar\", \"3-Feb\", \"2-Jan\"]', 0, 200, NULL, 1, '2025-08-30 09:11:11', '2025-08-30 09:11:11', NULL, NULL, NULL, NULL, NULL);
INSERT INTO `questions` (`id`, `subject_id`, `grade_id`, `question_text`, `question_type`, `options`, `correct_option_index`, `difficulty_level`, `dok_level`, `created_by`, `created_at`, `updated_at`, `primary_competency_id`, `correct_answer`, `question_metadata`, `standard`, `content_focus`) VALUES
(215, 6, 6, 'If a camera costs $400 and the tax rate is 12%, what is the total cost?', 'MCQ', '[\"$440\", \"$448\", \"$460\", \"$480\"]', 1, 183, NULL, 1, '2025-08-30 09:11:11', '2025-08-30 09:11:11', NULL, NULL, NULL, NULL, NULL),
(216, 6, 6, 'What is the value of 7² × 2⁴?', 'MCQ', '[\"196\", \"392\", \"784\", \"1568\"]', 1, 240, NULL, 1, '2025-08-30 09:11:11', '2025-08-30 09:11:11', NULL, NULL, NULL, NULL, NULL),
(217, 6, 6, 'If a number is increased by 40% and becomes 140, what was the original number?', 'MCQ', '[\"90\", \"100\", \"110\", \"120\"]', 1, 284, NULL, 1, '2025-08-30 09:11:11', '2025-08-30 09:11:11', NULL, NULL, NULL, NULL, NULL),
(218, 6, 6, 'What is the perimeter of a regular hexagon with side length 5 cm?', 'MCQ', '[\"25 cm\", \"30 cm\", \"35 cm\", \"40 cm\"]', 1, 120, NULL, 1, '2025-08-30 09:11:11', '2025-08-30 09:11:11', NULL, NULL, NULL, NULL, NULL),
(219, 6, 6, 'Solve for x: 9x - 7 = 38', 'MCQ', '[\"3\", \"4\", \"5\", \"6\"]', 2, 189, NULL, 1, '2025-08-30 09:11:11', '2025-08-30 09:11:11', NULL, NULL, NULL, NULL, NULL),
(220, 6, 6, 'What is the least common multiple of 12 and 15?', 'MCQ', '[\"30\", \"45\", \"60\", \"180\"]', 2, 201, NULL, 1, '2025-08-30 09:11:11', '2025-08-30 09:11:11', NULL, NULL, NULL, NULL, NULL),
(221, 6, 6, 'If a cone has radius 3 cm and height 12 cm, what is its volume? (Use π = 3.14)', 'MCQ', '[\"28.26 cm³\", \"113.04 cm³\", \"339.12 cm³\", \"452.16 cm³\"]', 1, 207, NULL, 1, '2025-08-30 09:11:11', '2025-08-30 09:11:11', NULL, NULL, NULL, NULL, NULL),
(222, 6, 6, 'What is 6/11 as a decimal rounded to 2 decimal places?', 'MCQ', '[\"0.54\", \"0.55\", \"0.56\", \"0.57\"]', 0, 320, NULL, 1, '2025-08-30 09:11:11', '2025-08-30 09:11:11', NULL, NULL, NULL, NULL, NULL),
(223, 6, 6, 'If 8 machines can produce 400 items in 4 hours, how many items can 5 machines produce in 2 hours?', 'MCQ', '[\"100\", \"125\", \"150\", \"200\"]', 1, 223, NULL, 1, '2025-08-30 09:11:11', '2025-08-30 09:11:11', NULL, NULL, NULL, NULL, NULL),
(224, 6, 6, 'What is the value of 4⁴ ÷ 4²?', 'MCQ', '[\"4\", \"8\", \"16\", \"64\"]', 2, 250, NULL, 1, '2025-08-30 09:11:11', '2025-08-30 09:11:11', NULL, NULL, NULL, NULL, NULL),
(225, 6, 6, 'If a rhombus has diagonals 8 cm and 12 cm, what is its area?', 'MCQ', '[\"24 cm²\", \"48 cm²\", \"96 cm²\", \"192 cm²\"]', 1, 259, NULL, 1, '2025-08-30 09:11:11', '2025-08-30 09:11:11', NULL, NULL, NULL, NULL, NULL),
(226, 6, 6, 'What is the reciprocal of 7/9?', 'MCQ', '[\"9-Jul\", \"7-Sep\", \"7-Jan\", \"9-Jan\"]', 1, 263, NULL, 1, '2025-08-30 09:11:11', '2025-08-30 09:11:11', NULL, NULL, NULL, NULL, NULL),
(227, 6, 6, 'If a ship travels 300 km in 5 hours, what is its speed?', 'MCQ', '[\"40 km/h\", \"50 km/h\", \"60 km/h\", \"75 km/h\"]', 2, 117, NULL, 1, '2025-08-30 09:11:11', '2025-08-30 09:11:11', NULL, NULL, NULL, NULL, NULL),
(228, 6, 6, 'What is the value of 10! ÷ 8!?', 'MCQ', '[\"45\", \"90\", \"180\", \"720\"]', 1, 272, NULL, 1, '2025-08-30 09:11:11', '2025-08-30 09:11:11', NULL, NULL, NULL, NULL, NULL),
(229, 6, 6, 'If a triangle has sides 7 cm, 24 cm, and 25 cm, what type of triangle is it?', 'MCQ', '[\"Acute\", \"Right\", \"Obtuse\", \"Equilateral\"]', 1, 345, NULL, 1, '2025-08-30 09:11:11', '2025-08-30 09:11:11', NULL, NULL, NULL, NULL, NULL),
(230, 6, 6, 'What is 0.7 as a fraction in simplest form?', 'MCQ', '[\"10-Jul\", \"4-Mar\", \"3-Feb\", \"2-Jan\"]', 0, 292, NULL, 1, '2025-08-30 09:11:11', '2025-08-30 09:11:11', NULL, NULL, NULL, NULL, NULL),
(231, 6, 6, 'If a tablet costs $300 and is discounted by 20%, what is the final price?', 'MCQ', '[\"$240\", \"$260\", \"$280\", \"$300\"]', 0, 226, NULL, 1, '2025-08-30 09:11:11', '2025-08-30 09:11:11', NULL, NULL, NULL, NULL, NULL),
(232, 6, 6, 'What is the value of 8³ × 2²?', 'MCQ', '[\"256\", \"512\", \"1024\", \"2048\"]', 1, 238, NULL, 1, '2025-08-30 09:11:11', '2025-08-30 09:11:11', NULL, NULL, NULL, NULL, NULL),
(233, 6, 6, 'If a number is decreased by 30% and becomes 70, what was the original number?', 'MCQ', '[\"90\", \"95\", \"100\", \"105\"]', 2, 172, NULL, 1, '2025-08-30 09:11:11', '2025-08-30 09:11:11', NULL, NULL, NULL, NULL, NULL),
(234, 6, 6, 'What is the area of a triangle with sides 13 cm, 14 cm, and 15 cm?', 'MCQ', '[\"84 cm²\", \"91 cm²\", \"98 cm²\", \"105 cm²\"]', 0, 181, NULL, 1, '2025-08-30 09:11:11', '2025-08-30 09:11:11', NULL, NULL, NULL, NULL, NULL),
(235, 6, 11, 'Solve the quadratic equation: x² - 5x + 6 = 0', 'MCQ', '[\"x = 2, x = 3\", \"x = -2, x = -3\", \"x = 1, x = 6\", \"x = -1, x = -6\"]', 0, 245, NULL, 1, '2025-08-30 10:32:55', '2025-08-30 10:32:55', NULL, NULL, NULL, NULL, NULL),
(236, 6, 11, 'Find the derivative of f(x) = 3x² + 2x - 1', 'MCQ', '[\"6x + 2\", \"3x + 2\", \"6x² + 2\", \"3x² + 2\"]', 0, 278, NULL, 1, '2025-08-30 10:32:55', '2025-08-30 10:32:55', NULL, NULL, NULL, NULL, NULL),
(237, 6, 11, 'What is the value of log₂(8)?', 'MCQ', '[\"2\", \"3\", \"4\", \"8\"]', 1, 156, NULL, 1, '2025-08-30 10:32:55', '2025-08-30 10:32:55', NULL, NULL, NULL, NULL, NULL),
(238, 6, 11, 'Solve the system of equations: 2x + y = 5 and x - y = 1', 'MCQ', '[\"x = 2, y = 1\", \"x = 1, y = 2\", \"x = 3, y = -1\", \"x = -1, y = 3\"]', 0, 234, NULL, 1, '2025-08-30 10:32:55', '2025-08-30 10:32:55', NULL, NULL, NULL, NULL, NULL),
(239, 6, 11, 'Find the slope of the line passing through points (2,3) and (4,7)', 'MCQ', '[\"1\", \"2\", \"3\", \"4\"]', 1, 198, NULL, 1, '2025-08-30 10:32:55', '2025-08-30 10:32:55', NULL, NULL, NULL, NULL, NULL),
(240, 6, 11, 'What is the value of sin(30°)?', 'MCQ', '[\"1/2\", \"√3/2\", \"1\", \"0\"]', 0, 145, NULL, 1, '2025-08-30 10:32:55', '2025-08-30 10:32:55', NULL, NULL, NULL, NULL, NULL),
(241, 6, 11, 'Solve for x: 2^(x+1) = 8', 'MCQ', '[\"1\", \"2\", \"3\", \"4\"]', 1, 267, NULL, 1, '2025-08-30 10:32:55', '2025-08-30 10:32:55', NULL, NULL, NULL, NULL, NULL),
(242, 6, 11, 'Find the area under the curve y = x² from x = 0 to x = 2', 'MCQ', '[\"2/3\", \"4/3\", \"8/3\", \"16/3\"]', 2, 312, NULL, 1, '2025-08-30 10:32:55', '2025-08-30 10:32:55', NULL, NULL, NULL, NULL, NULL),
(243, 6, 11, 'What is the value of cos(60°)?', 'MCQ', '[\"1/2\", \"√3/2\", \"1\", \"0\"]', 0, 142, NULL, 1, '2025-08-30 10:32:55', '2025-08-30 10:32:55', NULL, NULL, NULL, NULL, NULL),
(244, 6, 11, 'Solve the inequality: 3x - 2 > 7', 'MCQ', '[\"x > 3\", \"x > 2\", \"x > 1\", \"x > 0\"]', 0, 223, NULL, 1, '2025-08-30 10:32:55', '2025-08-30 10:32:55', NULL, NULL, NULL, NULL, NULL),
(245, 6, 11, 'Find the vertex of the parabola y = x² - 4x + 3', 'MCQ', '[\"(2, -1)\", \"(-2, 1)\", \"(2, 1)\", \"(-2, -1)\"]', 0, 256, NULL, 1, '2025-08-30 10:32:55', '2025-08-30 10:32:55', NULL, NULL, NULL, NULL, NULL),
(246, 6, 11, 'What is the value of tan(45°)?', 'MCQ', '[\"0\", \"1\", \"√2\", \"∞\"]', 1, 138, NULL, 1, '2025-08-30 10:32:55', '2025-08-30 10:32:55', NULL, NULL, NULL, NULL, NULL),
(247, 6, 11, 'Solve for x: ln(x) = 2', 'MCQ', '[\"e\", \"e²\", \"2e\", \"2\"]', 1, 289, NULL, 1, '2025-08-30 10:32:55', '2025-08-30 10:32:55', NULL, NULL, NULL, NULL, NULL),
(248, 6, 11, 'Find the domain of f(x) = √(x - 2)', 'MCQ', '[\"x ≥ 2\", \"x > 2\", \"x ≤ 2\", \"x < 2\"]', 0, 201, NULL, 1, '2025-08-30 10:32:55', '2025-08-30 10:32:55', NULL, NULL, NULL, NULL, NULL),
(249, 6, 11, 'What is the value of log₁₀(100)?', 'MCQ', '[\"1\", \"2\", \"10\", \"100\"]', 1, 133, NULL, 1, '2025-08-30 10:32:55', '2025-08-30 10:32:55', NULL, NULL, NULL, NULL, NULL),
(250, 6, 11, 'Solve the equation: |x - 3| = 5', 'MCQ', '[\"x = 8, x = -2\", \"x = 8, x = 2\", \"x = -8, x = -2\", \"x = -8, x = 2\"]', 0, 275, NULL, 1, '2025-08-30 10:32:55', '2025-08-30 10:32:55', NULL, NULL, NULL, NULL, NULL),
(251, 6, 11, 'Find the range of f(x) = x² + 1', 'MCQ', '[\"y ≥ 1\", \"y > 1\", \"y ≤ 1\", \"y < 1\"]', 0, 248, NULL, 1, '2025-08-30 10:32:55', '2025-08-30 10:32:55', NULL, NULL, NULL, NULL, NULL),
(252, 6, 11, 'What is the value of sin(90°)?', 'MCQ', '[\"0\", \"1\", \"√2\", \"∞\"]', 1, 140, NULL, 1, '2025-08-30 10:32:55', '2025-08-30 10:32:55', NULL, NULL, NULL, NULL, NULL),
(253, 6, 11, 'Solve for x: e^x = 5', 'MCQ', '[\"ln(5)\", \"5\", \"e⁵\", \"5e\"]', 0, 296, NULL, 1, '2025-08-30 10:32:55', '2025-08-30 10:32:55', NULL, NULL, NULL, NULL, NULL),
(254, 6, 11, 'Find the inverse of f(x) = 2x + 3', 'MCQ', '[\"f⁻¹(x) = (x - 3)/2\", \"f⁻¹(x) = (x + 3)/2\", \"f⁻¹(x) = 2x - 3\", \"f⁻¹(x) = -2x + 3\"]', 0, 284, NULL, 1, '2025-08-30 10:32:55', '2025-08-30 10:32:55', NULL, NULL, NULL, NULL, NULL),
(255, 6, 11, 'What is the value of cos(0°)?', 'MCQ', '[\"0\", \"1\", \"√2\", \"∞\"]', 1, 135, NULL, 1, '2025-08-30 10:32:55', '2025-08-30 10:32:55', NULL, NULL, NULL, NULL, NULL),
(256, 6, 11, 'Solve the quadratic equation: x² + 4x + 4 = 0', 'MCQ', '[\"x = -2\", \"x = 2\", \"x = -2, x = 2\", \"No real solutions\"]', 0, 231, NULL, 1, '2025-08-30 10:32:55', '2025-08-30 10:32:55', NULL, NULL, NULL, NULL, NULL),
(257, 6, 11, 'Find the derivative of f(x) = x³', 'MCQ', '[\"3x²\", \"x²\", \"3x\", \"x³\"]', 0, 262, NULL, 1, '2025-08-30 10:32:55', '2025-08-30 10:32:55', NULL, NULL, NULL, NULL, NULL),
(258, 6, 11, 'What is the value of log₃(27)?', 'MCQ', '[\"2\", \"3\", \"9\", \"27\"]', 1, 151, NULL, 1, '2025-08-30 10:32:55', '2025-08-30 10:32:55', NULL, NULL, NULL, NULL, NULL),
(259, 6, 11, 'Solve the system: x + y = 4 and 2x - y = 2', 'MCQ', '[\"x = 2, y = 2\", \"x = 1, y = 3\", \"x = 3, y = 1\", \"x = 0, y = 4\"]', 0, 217, NULL, 1, '2025-08-30 10:32:55', '2025-08-30 10:32:55', NULL, NULL, NULL, NULL, NULL),
(260, 6, 11, 'Find the midpoint of the line segment from (1,2) to (5,6)', 'MCQ', '[\"(3,4)\", \"(2,3)\", \"(4,5)\", \"(6,8)\"]', 0, 186, NULL, 1, '2025-08-30 10:32:55', '2025-08-30 10:32:55', NULL, NULL, NULL, NULL, NULL),
(261, 6, 11, 'What is the value of sin(0°)?', 'MCQ', '[\"0\", \"1\", \"√2\", \"∞\"]', 0, 132, NULL, 1, '2025-08-30 10:32:55', '2025-08-30 10:32:55', NULL, NULL, NULL, NULL, NULL),
(262, 6, 11, 'Solve for x: 3^(x-1) = 9', 'MCQ', '[\"x = 3\", \"x = 2\", \"x = 1\", \"x = 0\"]', 0, 273, NULL, 1, '2025-08-30 10:32:55', '2025-08-30 10:32:55', NULL, NULL, NULL, NULL, NULL),
(263, 6, 11, 'Find the y-intercept of y = 2x + 5', 'MCQ', '[\"0\", \"2\", \"5\", \"7\"]', 2, 194, NULL, 1, '2025-08-30 10:32:55', '2025-08-30 10:32:55', NULL, NULL, NULL, NULL, NULL),
(264, 6, 11, 'What is the value of cos(90°)?', 'MCQ', '[\"0\", \"1\", \"√2\", \"∞\"]', 0, 137, NULL, 1, '2025-08-30 10:32:55', '2025-08-30 10:32:55', NULL, NULL, NULL, NULL, NULL),
(265, 6, 11, 'Solve the inequality: 2x + 1 ≤ 7', 'MCQ', '[\"x ≤ 3\", \"x ≤ 2\", \"x ≤ 1\", \"x ≤ 0\"]', 0, 208, NULL, 1, '2025-08-30 10:32:55', '2025-08-30 10:32:55', NULL, NULL, NULL, NULL, NULL),
(266, 6, 11, 'Find the vertex of y = x² + 6x + 5', 'MCQ', '[\"(-3, -4)\", \"(3, 4)\", \"(-3, 4)\", \"(3, -4)\"]', 0, 253, NULL, 1, '2025-08-30 10:32:55', '2025-08-30 10:32:55', NULL, NULL, NULL, NULL, NULL),
(267, 6, 11, 'What is the value of tan(30°)?', 'MCQ', '[\"1/√3\", \"√3\", \"1\", \"0\"]', 0, 143, NULL, 1, '2025-08-30 10:32:55', '2025-08-30 10:32:55', NULL, NULL, NULL, NULL, NULL),
(268, 6, 11, 'Solve for x: log₂(x) = 4', 'MCQ', '[\"8\", \"16\", \"32\", \"64\"]', 1, 281, NULL, 1, '2025-08-30 10:32:55', '2025-08-30 10:32:55', NULL, NULL, NULL, NULL, NULL),
(269, 6, 11, 'Find the domain of f(x) = 1/(x - 3)', 'MCQ', '[\"x ≠ 3\", \"x > 3\", \"x < 3\", \"x ≥ 3\"]', 0, 197, NULL, 1, '2025-08-30 10:32:55', '2025-08-30 10:32:55', NULL, NULL, NULL, NULL, NULL),
(270, 6, 11, 'What is the value of log₅(25)?', 'MCQ', '[\"1\", \"2\", \"5\", \"25\"]', 1, 148, NULL, 1, '2025-08-30 10:32:55', '2025-08-30 10:32:55', NULL, NULL, NULL, NULL, NULL),
(271, 6, 11, 'Solve the equation: |2x + 1| = 7', 'MCQ', '[\"x = 3, x = -4\", \"x = 3, x = 4\", \"x = -3, x = -4\", \"x = -3, x = 4\"]', 0, 270, NULL, 1, '2025-08-30 10:32:55', '2025-08-30 10:32:55', NULL, NULL, NULL, NULL, NULL),
(272, 6, 11, 'Find the range of f(x) = √x', 'MCQ', '[\"y ≥ 0\", \"y > 0\", \"y ≤ 0\", \"y < 0\"]', 0, 245, NULL, 1, '2025-08-30 10:32:55', '2025-08-30 10:32:55', NULL, NULL, NULL, NULL, NULL),
(273, 6, 11, 'What is the value of sin(45°)?', 'MCQ', '[\"1/√2\", \"√2\", \"1\", \"0\"]', 0, 146, NULL, 1, '2025-08-30 10:32:55', '2025-08-30 10:32:55', NULL, NULL, NULL, NULL, NULL),
(274, 6, 11, 'Solve for x: 4^x = 16', 'MCQ', '[\"x = 2\", \"x = 4\", \"x = 8\", \"x = 16\"]', 0, 268, NULL, 1, '2025-08-30 10:32:55', '2025-08-30 10:32:55', NULL, NULL, NULL, NULL, NULL),
(275, 6, 11, 'Find the inverse of f(x) = x + 2', 'MCQ', '[\"f⁻¹(x) = x - 2\", \"f⁻¹(x) = x + 2\", \"f⁻¹(x) = -x + 2\", \"f⁻¹(x) = -x - 2\"]', 0, 279, NULL, 1, '2025-08-30 10:32:55', '2025-08-30 10:32:55', NULL, NULL, NULL, NULL, NULL),
(276, 6, 11, 'What is the value of cos(45°)?', 'MCQ', '[\"1/√2\", \"√2\", \"1\", \"0\"]', 0, 144, NULL, 1, '2025-08-30 10:32:55', '2025-08-30 10:32:55', NULL, NULL, NULL, NULL, NULL),
(277, 6, 11, 'Solve the quadratic equation: x² - 9 = 0', 'MCQ', '[\"x = 3, x = -3\", \"x = 3\", \"x = -3\", \"No real solutions\"]', 0, 226, NULL, 1, '2025-08-30 10:32:55', '2025-08-30 10:32:55', NULL, NULL, NULL, NULL, NULL),
(278, 6, 11, 'Find the derivative of f(x) = 2x + 1', 'MCQ', '[\"2\", \"1\", \"0\", \"2x\"]', 0, 255, NULL, 1, '2025-08-30 10:32:55', '2025-08-30 10:32:55', NULL, NULL, NULL, NULL, NULL),
(279, 6, 11, 'What is the value of log₁₀(1000)?', 'MCQ', '[\"2\", \"3\", \"10\", \"1000\"]', 1, 150, NULL, 1, '2025-08-30 10:32:55', '2025-08-30 10:32:55', NULL, NULL, NULL, NULL, NULL),
(280, 6, 11, 'Solve the system: 3x + y = 6 and x - y = 2', 'MCQ', '[\"x = 2, y = 0\", \"x = 1, y = 3\", \"x = 3, y = -1\", \"x = 0, y = 6\"]', 0, 220, NULL, 1, '2025-08-30 10:32:55', '2025-08-30 10:32:55', NULL, NULL, NULL, NULL, NULL),
(281, 6, 11, 'Find the distance between points (1,1) and (4,5)', 'MCQ', '[\"3\", \"4\", \"5\", \"6\"]', 2, 189, NULL, 1, '2025-08-30 10:32:55', '2025-08-30 10:32:55', NULL, NULL, NULL, NULL, NULL),
(282, 6, 11, 'What is the value of sin(60°)?', 'MCQ', '[\"√3/2\", \"1/2\", \"1\", \"0\"]', 0, 147, NULL, 1, '2025-08-30 10:32:55', '2025-08-30 10:32:55', NULL, NULL, NULL, NULL, NULL),
(283, 6, 11, 'Solve for x: 5^(x+2) = 25', 'MCQ', '[\"x = 0\", \"x = 1\", \"x = 2\", \"x = 3\"]', 0, 276, NULL, 1, '2025-08-30 10:32:55', '2025-08-30 10:32:55', NULL, NULL, NULL, NULL, NULL),
(284, 6, 11, 'Find the x-intercept of y = 3x - 6', 'MCQ', '[\"0\", \"2\", \"3\", \"6\"]', 1, 192, NULL, 1, '2025-08-30 10:32:55', '2025-08-30 10:32:55', NULL, NULL, NULL, NULL, NULL),
(285, 6, 11, 'What is the value of cos(30°)?', 'MCQ', '[\"√3/2\", \"1/2\", \"1\", \"0\"]', 0, 141, NULL, 1, '2025-08-30 10:32:55', '2025-08-30 10:32:55', NULL, NULL, NULL, NULL, NULL),
(286, 6, 11, 'Solve the inequality: 4x - 3 > 9', 'MCQ', '[\"x > 3\", \"x > 2\", \"x > 1\", \"x > 0\"]', 0, 225, NULL, 1, '2025-08-30 10:32:55', '2025-08-30 10:32:55', NULL, NULL, NULL, NULL, NULL),
(287, 6, 11, 'Find the vertex of y = x² - 2x + 1', 'MCQ', '[\"(1, 0)\", \"(-1, 0)\", \"(1, 1)\", \"(-1, 1)\"]', 0, 251, NULL, 1, '2025-08-30 10:32:55', '2025-08-30 10:32:55', NULL, NULL, NULL, NULL, NULL),
(288, 6, 11, 'What is the value of tan(60°)?', 'MCQ', '[\"√3\", \"1/√3\", \"1\", \"0\"]', 0, 149, NULL, 1, '2025-08-30 10:32:55', '2025-08-30 10:32:55', NULL, NULL, NULL, NULL, NULL),
(289, 6, 11, 'Solve for x: log₃(x) = 2', 'MCQ', '[\"6\", \"9\", \"12\", \"18\"]', 1, 285, NULL, 1, '2025-08-30 10:32:55', '2025-08-30 10:32:55', NULL, NULL, NULL, NULL, NULL),
(290, 6, 11, 'Find the domain of f(x) = √(x + 1)', 'MCQ', '[\"x ≥ -1\", \"x > -1\", \"x ≤ -1\", \"x < -1\"]', 0, 199, NULL, 1, '2025-08-30 10:32:55', '2025-08-30 10:32:55', NULL, NULL, NULL, NULL, NULL),
(291, 6, 11, 'What is the value of log₂(16)?', 'MCQ', '[\"2\", \"3\", \"4\", \"8\"]', 2, 154, NULL, 1, '2025-08-30 10:32:55', '2025-08-30 10:32:55', NULL, NULL, NULL, NULL, NULL),
(292, 6, 11, 'Solve the equation: |x + 2| = 6', 'MCQ', '[\"x = 4, x = -8\", \"x = 4, x = 8\", \"x = -4, x = -8\", \"x = -4, x = 8\"]', 0, 272, NULL, 1, '2025-08-30 10:32:55', '2025-08-30 10:32:55', NULL, NULL, NULL, NULL, NULL),
(293, 6, 11, 'Find the range of f(x) = x³', 'MCQ', '[\"All real numbers\", \"y ≥ 0\", \"y > 0\", \"y ≤ 0\"]', 0, 247, NULL, 1, '2025-08-30 10:32:55', '2025-08-30 10:32:55', NULL, NULL, NULL, NULL, NULL),
(294, 6, 11, 'What is the value of sin(180°)?', 'MCQ', '[\"0\", \"1\", \"-1\", \"∞\"]', 0, 139, NULL, 1, '2025-08-30 10:32:55', '2025-08-30 10:32:55', NULL, NULL, NULL, NULL, NULL),
(295, 6, 11, 'Solve for x: 2^(2x) = 16', 'MCQ', '[\"x = 2\", \"x = 4\", \"x = 8\", \"x = 16\"]', 0, 290, NULL, 1, '2025-08-30 10:32:55', '2025-08-30 10:32:55', NULL, NULL, NULL, NULL, NULL),
(296, 6, 11, 'Find the inverse of f(x) = 3x - 1', 'MCQ', '[\"f⁻¹(x) = (x + 1)/3\", \"f⁻¹(x) = (x - 1)/3\", \"f⁻¹(x) = 3x + 1\", \"f⁻¹(x) = -3x + 1\"]', 0, 283, NULL, 1, '2025-08-30 10:32:55', '2025-08-30 10:32:55', NULL, NULL, NULL, NULL, NULL),
(297, 6, 11, 'What is the value of cos(180°)?', 'MCQ', '[\"0\", \"1\", \"-1\", \"∞\"]', 2, 136, NULL, 1, '2025-08-30 10:32:55', '2025-08-30 10:32:55', NULL, NULL, NULL, NULL, NULL),
(298, 6, 11, 'Solve the quadratic equation: x² + 2x + 1 = 0', 'MCQ', '[\"x = -1\", \"x = 1\", \"x = -1, x = 1\", \"No real solutions\"]', 0, 228, NULL, 1, '2025-08-30 10:32:55', '2025-08-30 10:32:55', NULL, NULL, NULL, NULL, NULL),
(299, 6, 11, 'Find the derivative of f(x) = x⁴', 'MCQ', '[\"4x³\", \"x³\", \"4x\", \"x⁴\"]', 0, 265, NULL, 1, '2025-08-30 10:32:55', '2025-08-30 10:32:55', NULL, NULL, NULL, NULL, NULL),
(300, 6, 11, 'What is the value of log₄(16)?', 'MCQ', '[\"1\", \"2\", \"4\", \"16\"]', 1, 152, NULL, 1, '2025-08-30 10:32:55', '2025-08-30 10:32:55', NULL, NULL, NULL, NULL, NULL),
(301, 6, 11, 'Solve the system: 2x + 3y = 8 and x - y = 1', 'MCQ', '[\"x = 2, y = 1\", \"x = 1, y = 2\", \"x = 3, y = -1\", \"x = -1, y = 3\"]', 0, 218, NULL, 1, '2025-08-30 10:32:55', '2025-08-30 10:32:55', NULL, NULL, NULL, NULL, NULL),
(302, 6, 11, 'Find the slope of the line y = 2x + 3', 'MCQ', '[\"1\", \"2\", \"3\", \"6\"]', 1, 195, NULL, 1, '2025-08-30 10:32:55', '2025-08-30 10:32:55', NULL, NULL, NULL, NULL, NULL),
(303, 6, 11, 'What is the value of sin(270°)?', 'MCQ', '[\"0\", \"1\", \"-1\", \"∞\"]', 2, 134, NULL, 1, '2025-08-30 10:32:55', '2025-08-30 10:32:55', NULL, NULL, NULL, NULL, NULL),
(304, 6, 11, 'Solve for x: 3^(x-2) = 27', 'MCQ', '[\"x = 5\", \"x = 4\", \"x = 3\", \"x = 2\"]', 0, 277, NULL, 1, '2025-08-30 10:32:55', '2025-08-30 10:32:55', NULL, NULL, NULL, NULL, NULL),
(305, 6, 11, 'Find the y-intercept of y = -2x + 4', 'MCQ', '[\"0\", \"2\", \"4\", \"6\"]', 2, 191, NULL, 1, '2025-08-30 10:32:55', '2025-08-30 10:32:55', NULL, NULL, NULL, NULL, NULL),
(306, 6, 11, 'What is the value of cos(270°)?', 'MCQ', '[\"0\", \"1\", \"-1\", \"∞\"]', 0, 133, NULL, 1, '2025-08-30 10:32:55', '2025-08-30 10:32:55', NULL, NULL, NULL, NULL, NULL),
(307, 6, 11, 'Solve the inequality: 5x + 2 ≥ 12', 'MCQ', '[\"x ≥ 2\", \"x ≥ 1\", \"x ≥ 0\", \"x ≥ -1\"]', 0, 222, NULL, 1, '2025-08-30 10:32:55', '2025-08-30 10:32:55', NULL, NULL, NULL, NULL, NULL),
(308, 6, 11, 'Find the vertex of y = x² + 4x + 3', 'MCQ', '[\"(-2, -1)\", \"(2, 1)\", \"(-2, 1)\", \"(2, -1)\"]', 0, 254, NULL, 1, '2025-08-30 10:32:55', '2025-08-30 10:32:55', NULL, NULL, NULL, NULL, NULL),
(309, 6, 11, 'What is the value of tan(90°)?', 'MCQ', '[\"0\", \"1\", \"√2\", \"∞\"]', 3, 153, NULL, 1, '2025-08-30 10:32:55', '2025-08-30 10:32:55', NULL, NULL, NULL, NULL, NULL),
(310, 6, 11, 'Solve for x: log₅(x) = 3', 'MCQ', '[\"15\", \"75\", \"125\", \"625\"]', 2, 288, NULL, 1, '2025-08-30 10:32:55', '2025-08-30 10:32:55', NULL, NULL, NULL, NULL, NULL),
(311, 6, 11, 'Find the domain of f(x) = 1/x', 'MCQ', '[\"x ≠ 0\", \"x > 0\", \"x < 0\", \"x ≥ 0\"]', 0, 196, NULL, 1, '2025-08-30 10:32:55', '2025-08-30 10:32:55', NULL, NULL, NULL, NULL, NULL),
(312, 6, 11, 'What is the value of log₁₀(10)?', 'MCQ', '[\"0\", \"1\", \"10\", \"100\"]', 1, 155, NULL, 1, '2025-08-30 10:32:55', '2025-08-30 10:32:55', NULL, NULL, NULL, NULL, NULL),
(313, 6, 11, 'Solve the equation: |3x - 6| = 9', 'MCQ', '[\"x = 5, x = -1\", \"x = 5, x = 1\", \"x = -5, x = -1\", \"x = -5, x = 1\"]', 0, 274, NULL, 1, '2025-08-30 10:32:55', '2025-08-30 10:32:55', NULL, NULL, NULL, NULL, NULL),
(314, 6, 11, 'Find the range of f(x) = |x|', 'MCQ', '[\"y ≥ 0\", \"y > 0\", \"y ≤ 0\", \"y < 0\"]', 0, 246, NULL, 1, '2025-08-30 10:32:55', '2025-08-30 10:32:55', NULL, NULL, NULL, NULL, NULL),
(315, 6, 11, 'What is the value of sin(360°)?', 'MCQ', '[\"0\", \"1\", \"-1\", \"∞\"]', 0, 131, NULL, 1, '2025-08-30 10:32:55', '2025-08-30 10:32:55', NULL, NULL, NULL, NULL, NULL),
(316, 6, 11, 'Solve for x: e^(2x) = 16', 'MCQ', '[\"x = ln(4)\", \"x = 2ln(4)\", \"x = ln(16)\", \"x = 2ln(16)\"]', 0, 295, NULL, 1, '2025-08-30 10:32:55', '2025-08-30 10:32:55', NULL, NULL, NULL, NULL, NULL),
(317, 6, 11, 'Find the inverse of f(x) = x² (for x ≥ 0)', 'MCQ', '[\"f⁻¹(x) = √x\", \"f⁻¹(x) = -√x\", \"f⁻¹(x) = x²\", \"f⁻¹(x) = -x²\"]', 0, 286, NULL, 1, '2025-08-30 10:32:55', '2025-08-30 10:32:55', NULL, NULL, NULL, NULL, NULL),
(318, 6, 11, 'What is the value of cos(360°)?', 'MCQ', '[\"0\", \"1\", \"-1\", \"∞\"]', 1, 130, NULL, 1, '2025-08-30 10:32:55', '2025-08-30 10:32:55', NULL, NULL, NULL, NULL, NULL),
(319, 6, 11, 'Solve the quadratic equation: x² - 4 = 0', 'MCQ', '[\"x = 2, x = -2\", \"x = 2\", \"x = -2\", \"No real solutions\"]', 0, 227, NULL, 1, '2025-08-30 10:32:55', '2025-08-30 10:32:55', NULL, NULL, NULL, NULL, NULL),
(320, 6, 11, 'Find the derivative of f(x) = e^x', 'MCQ', '[\"e^x\", \"x\", \"1\", \"0\"]', 0, 260, NULL, 1, '2025-08-30 10:32:55', '2025-08-30 10:32:55', NULL, NULL, NULL, NULL, NULL),
(321, 6, 11, 'What is the value of log₆(36)?', 'MCQ', '[\"1\", \"2\", \"6\", \"36\"]', 1, 157, NULL, 1, '2025-08-30 10:32:55', '2025-08-30 10:32:55', NULL, NULL, NULL, NULL, NULL),
(322, 6, 11, 'Solve the system: x + 2y = 5 and 2x - y = 1', 'MCQ', '[\"x = 1, y = 2\", \"x = 2, y = 1\", \"x = 3, y = 0\", \"x = 0, y = 3\"]', 0, 216, NULL, 1, '2025-08-30 10:32:55', '2025-08-30 10:32:55', NULL, NULL, NULL, NULL, NULL),
(323, 6, 11, 'Find the midpoint of (0,0) to (6,8)', 'MCQ', '[\"(3,4)\", \"(2,3)\", \"(4,5)\", \"(6,8)\"]', 0, 184, NULL, 1, '2025-08-30 10:32:55', '2025-08-30 10:32:55', NULL, NULL, NULL, NULL, NULL),
(324, 6, 11, 'What is the value of sin(π/2)?', 'MCQ', '[\"0\", \"1\", \"-1\", \"∞\"]', 1, 138, NULL, 1, '2025-08-30 10:32:55', '2025-08-30 10:32:55', NULL, NULL, NULL, NULL, NULL),
(325, 6, 11, 'Solve for x: 4^(x+1) = 64', 'MCQ', '[\"x = 2\", \"x = 3\", \"x = 4\", \"x = 5\"]', 0, 280, NULL, 1, '2025-08-30 10:32:55', '2025-08-30 10:32:55', NULL, NULL, NULL, NULL, NULL),
(326, 6, 11, 'Find the x-intercept of y = 4x - 8', 'MCQ', '[\"0\", \"2\", \"4\", \"8\"]', 1, 190, NULL, 1, '2025-08-30 10:32:55', '2025-08-30 10:32:55', NULL, NULL, NULL, NULL, NULL),
(327, 6, 11, 'What is the value of cos(π)?', 'MCQ', '[\"0\", \"1\", \"-1\", \"∞\"]', 2, 135, NULL, 1, '2025-08-30 10:32:55', '2025-08-30 10:32:55', NULL, NULL, NULL, NULL, NULL),
(328, 6, 11, 'Solve the inequality: 6x - 4 > 14', 'MCQ', '[\"x > 3\", \"x > 2\", \"x > 1\", \"x > 0\"]', 0, 224, NULL, 1, '2025-08-30 10:32:55', '2025-08-30 10:32:55', NULL, NULL, NULL, NULL, NULL),
(329, 6, 11, 'Find the vertex of y = x² - 6x + 9', 'MCQ', '[\"(3, 0)\", \"(-3, 0)\", \"(3, 9)\", \"(-3, 9)\"]', 0, 252, NULL, 1, '2025-08-30 10:32:55', '2025-08-30 10:32:55', NULL, NULL, NULL, NULL, NULL),
(330, 6, 11, 'What is the value of tan(π/4)?', 'MCQ', '[\"0\", \"1\", \"√2\", \"∞\"]', 1, 145, NULL, 1, '2025-08-30 10:32:55', '2025-08-30 10:32:55', NULL, NULL, NULL, NULL, NULL),
(331, 6, 11, 'Solve for x: log₇(x) = 2', 'MCQ', '[\"14\", \"49\", \"98\", \"343\"]', 1, 287, NULL, 1, '2025-08-30 10:32:55', '2025-08-30 10:32:55', NULL, NULL, NULL, NULL, NULL),
(332, 6, 11, 'Find the domain of f(x) = √(x² - 4)', 'MCQ', '[\"x ≤ -2 or x ≥ 2\", \"x < -2 or x > 2\", \"x ≥ -2 and x ≤ 2\", \"x > -2 and x < 2\"]', 0, 200, NULL, 1, '2025-08-30 10:32:55', '2025-08-30 10:32:55', NULL, NULL, NULL, NULL, NULL),
(333, 6, 11, 'What is the value of log₈(64)?', 'MCQ', '[\"1\", \"2\", \"8\", \"64\"]', 1, 158, NULL, 1, '2025-08-30 10:32:55', '2025-08-30 10:32:55', NULL, NULL, NULL, NULL, NULL),
(334, 6, 11, 'Solve the equation: |4x + 8| = 12', 'MCQ', '[\"x = 1, x = -5\", \"x = 1, x = 5\", \"x = -1, x = -5\", \"x = -1, x = 5\"]', 0, 271, NULL, 1, '2025-08-30 10:32:55', '2025-08-30 10:32:55', NULL, NULL, NULL, NULL, NULL),
(335, 6, 11, 'Find the range of f(x) = 1/x', 'MCQ', '[\"y ≠ 0\", \"y > 0\", \"y < 0\", \"y ≥ 0\"]', 0, 244, NULL, 1, '2025-08-30 10:32:55', '2025-08-30 10:32:55', NULL, NULL, NULL, NULL, NULL),
(336, 6, 11, 'What is the value of sin(π)?', 'MCQ', '[\"0\", \"1\", \"-1\", \"∞\"]', 0, 137, NULL, 1, '2025-08-30 10:32:55', '2025-08-30 10:32:55', NULL, NULL, NULL, NULL, NULL),
(337, 6, 11, 'Solve for x: 5^(2x) = 25', 'MCQ', '[\"x = 1\", \"x = 2\", \"x = 3\", \"x = 4\"]', 0, 282, NULL, 1, '2025-08-30 10:32:55', '2025-08-30 10:32:55', NULL, NULL, NULL, NULL, NULL),
(338, 6, 11, 'Find the inverse of f(x) = 4x + 2', 'MCQ', '[\"f⁻¹(x) = (x - 2)/4\", \"f⁻¹(x) = (x + 2)/4\", \"f⁻¹(x) = 4x - 2\", \"f⁻¹(x) = -4x + 2\"]', 0, 285, NULL, 1, '2025-08-30 10:32:55', '2025-08-30 10:32:55', NULL, NULL, NULL, NULL, NULL),
(339, 6, 11, 'What is the value of cos(π/2)?', 'MCQ', '[\"0\", \"1\", \"-1\", \"∞\"]', 0, 134, NULL, 1, '2025-08-30 10:32:55', '2025-08-30 10:32:55', NULL, NULL, NULL, NULL, NULL),
(340, 6, 11, 'Solve the quadratic equation: x² + 6x + 9 = 0', 'MCQ', '[\"x = -3\", \"x = 3\", \"x = -3, x = 3\", \"No real solutions\"]', 0, 229, NULL, 1, '2025-08-30 10:32:55', '2025-08-30 10:32:55', NULL, NULL, NULL, NULL, NULL),
(341, 6, 11, 'Find the derivative of f(x) = ln(x)', 'MCQ', '[\"1/x\", \"x\", \"1\", \"0\"]', 0, 263, NULL, 1, '2025-08-30 10:32:55', '2025-08-30 10:32:55', NULL, NULL, NULL, NULL, NULL),
(342, 6, 11, 'What is the value of log₉(81)?', 'MCQ', '[\"1\", \"2\", \"9\", \"81\"]', 1, 159, NULL, 1, '2025-08-30 10:32:55', '2025-08-30 10:32:55', NULL, NULL, NULL, NULL, NULL),
(343, 6, 11, 'Solve the system: 3x + 4y = 10 and x - 2y = 2', 'MCQ', '[\"x = 2, y = 1\", \"x = 1, y = 2\", \"x = 3, y = 0\", \"x = 0, y = 3\"]', 0, 219, NULL, 1, '2025-08-30 10:32:55', '2025-08-30 10:32:55', NULL, NULL, NULL, NULL, NULL),
(344, 6, 11, 'Find the distance between (2,3) and (5,7)', 'MCQ', '[\"3\", \"4\", \"5\", \"6\"]', 2, 188, NULL, 1, '2025-08-30 10:32:55', '2025-08-30 10:32:55', NULL, NULL, NULL, NULL, NULL),
(345, 6, 11, 'What is the value of sin(π/6)?', 'MCQ', '[\"1/2\", \"√3/2\", \"1\", \"0\"]', 0, 146, NULL, 1, '2025-08-30 10:32:55', '2025-08-30 10:32:55', NULL, NULL, NULL, NULL, NULL),
(346, 6, 11, 'Solve for x: 6^(x-1) = 36', 'MCQ', '[\"x = 3\", \"x = 2\", \"x = 1\", \"x = 0\"]', 0, 279, NULL, 1, '2025-08-30 10:32:55', '2025-08-30 10:32:55', NULL, NULL, NULL, NULL, NULL),
(347, 6, 11, 'Find the y-intercept of y = 5x - 10', 'MCQ', '[\"0\", \"2\", \"5\", \"10\"]', 1, 193, NULL, 1, '2025-08-30 10:32:55', '2025-08-30 10:32:55', NULL, NULL, NULL, NULL, NULL),
(348, 6, 11, 'What is the value of cos(π/3)?', 'MCQ', '[\"1/2\", \"√3/2\", \"1\", \"0\"]', 0, 140, NULL, 1, '2025-08-30 10:32:55', '2025-08-30 10:32:55', NULL, NULL, NULL, NULL, NULL),
(349, 6, 11, 'Solve the inequality: 7x + 3 ≤ 24', 'MCQ', '[\"x ≤ 3\", \"x ≤ 2\", \"x ≤ 1\", \"x ≤ 0\"]', 0, 221, NULL, 1, '2025-08-30 10:32:55', '2025-08-30 10:32:55', NULL, NULL, NULL, NULL, NULL),
(350, 6, 11, 'Find the vertex of y = x² + 8x + 16', 'MCQ', '[\"(-4, 0)\", \"(4, 0)\", \"(-4, 16)\", \"(4, 16)\"]', 0, 255, NULL, 1, '2025-08-30 10:32:55', '2025-08-30 10:32:55', NULL, NULL, NULL, NULL, NULL),
(351, 6, 11, 'What is the value of tan(π/6)?', 'MCQ', '[\"1/√3\", \"√3\", \"1\", \"0\"]', 0, 148, NULL, 1, '2025-08-30 10:32:55', '2025-08-30 10:32:55', NULL, NULL, NULL, NULL, NULL),
(352, 6, 11, 'Solve for x: log₁₀(x) = 2', 'MCQ', '[\"10\", \"20\", \"100\", \"200\"]', 2, 291, NULL, 1, '2025-08-30 10:32:55', '2025-08-30 10:32:55', NULL, NULL, NULL, NULL, NULL),
(353, 6, 11, 'Find the domain of f(x) = √(x² - 9)', 'MCQ', '[\"x ≤ -3 or x ≥ 3\", \"x < -3 or x > 3\", \"x ≥ -3 and x ≤ 3\", \"x > -3 and x < 3\"]', 0, 202, NULL, 1, '2025-08-30 10:32:55', '2025-08-30 10:32:55', NULL, NULL, NULL, NULL, NULL),
(354, 6, 11, 'What is the value of log₁₁(121)?', 'MCQ', '[\"1\", \"2\", \"11\", \"121\"]', 1, 160, NULL, 1, '2025-08-30 10:32:55', '2025-08-30 10:32:55', NULL, NULL, NULL, NULL, NULL),
(355, 6, 11, 'Solve the equation: |5x - 10| = 15', 'MCQ', '[\"x = 5, x = -1\", \"x = 5, x = 1\", \"x = -5, x = -1\", \"x = -5, x = 1\"]', 0, 273, NULL, 1, '2025-08-30 10:32:55', '2025-08-30 10:32:55', NULL, NULL, NULL, NULL, NULL),
(356, 6, 11, 'Find the range of f(x) = x² + 1', 'MCQ', '[\"y ≥ 1\", \"y > 1\", \"y ≤ 1\", \"y < 1\"]', 0, 249, NULL, 1, '2025-08-30 10:32:55', '2025-08-30 10:32:55', NULL, NULL, NULL, NULL, NULL),
(357, 6, 11, 'What is the value of sin(2π)?', 'MCQ', '[\"0\", \"1\", \"-1\", \"∞\"]', 0, 129, NULL, 1, '2025-08-30 10:32:55', '2025-08-30 10:32:55', NULL, NULL, NULL, NULL, NULL),
(358, 6, 11, 'Solve for x: 7^(x+1) = 49', 'MCQ', '[\"x = 1\", \"x = 2\", \"x = 3\", \"x = 4\"]', 0, 284, NULL, 1, '2025-08-30 10:32:55', '2025-08-30 10:32:55', NULL, NULL, NULL, NULL, NULL),
(359, 6, 11, 'Find the inverse of f(x) = 5x - 3', 'MCQ', '[\"f⁻¹(x) = (x + 3)/5\", \"f⁻¹(x) = (x - 3)/5\", \"f⁻¹(x) = 5x + 3\", \"f⁻¹(x) = -5x + 3\"]', 0, 281, NULL, 1, '2025-08-30 10:32:55', '2025-08-30 10:32:55', NULL, NULL, NULL, NULL, NULL),
(360, 6, 11, 'What is the value of cos(2π)?', 'MCQ', '[\"0\", \"1\", \"-1\", \"∞\"]', 1, 128, NULL, 1, '2025-08-30 10:32:55', '2025-08-30 10:32:55', NULL, NULL, NULL, NULL, NULL),
(361, 6, 11, 'Solve the quadratic equation: x² - 16 = 0', 'MCQ', '[\"x = 4, x = -4\", \"x = 4\", \"x = -4\", \"No real solutions\"]', 0, 230, NULL, 1, '2025-08-30 10:32:55', '2025-08-30 10:32:55', NULL, NULL, NULL, NULL, NULL),
(362, 6, 11, 'Find the derivative of f(x) = sin(x)', 'MCQ', '[\"cos(x)\", \"sin(x)\", \"-cos(x)\", \"-sin(x)\"]', 0, 261, NULL, 1, '2025-08-30 10:32:55', '2025-08-30 10:32:55', NULL, NULL, NULL, NULL, NULL),
(363, 6, 11, 'What is the value of log₁₂(144)?', 'MCQ', '[\"1\", \"2\", \"12\", \"144\"]', 1, 161, NULL, 1, '2025-08-30 10:32:55', '2025-08-30 10:32:55', NULL, NULL, NULL, NULL, NULL),
(364, 6, 11, 'Solve the system: 4x + 5y = 13 and 2x - y = 1', 'MCQ', '[\"x = 2, y = 1\", \"x = 1, y = 2\", \"x = 3, y = 0\", \"x = 0, y = 3\"]', 0, 215, NULL, 1, '2025-08-30 10:32:55', '2025-08-30 10:32:55', NULL, NULL, NULL, NULL, NULL),
(365, 6, 11, 'Find the slope of y = -3x + 7', 'MCQ', '[\"1\", \"2\", \"3\", \"-3\"]', 3, 187, NULL, 1, '2025-08-30 10:32:55', '2025-08-30 10:32:55', NULL, NULL, NULL, NULL, NULL),
(366, 6, 11, 'What is the value of sin(π/4)?', 'MCQ', '[\"1/√2\", \"√2\", \"1\", \"0\"]', 0, 147, NULL, 1, '2025-08-30 10:32:55', '2025-08-30 10:32:55', NULL, NULL, NULL, NULL, NULL),
(367, 6, 11, 'Solve for x: 8^(x-2) = 64', 'MCQ', '[\"x = 5\", \"x = 4\", \"x = 3\", \"x = 2\"]', 0, 278, NULL, 1, '2025-08-30 10:32:55', '2025-08-30 10:32:55', NULL, NULL, NULL, NULL, NULL),
(368, 6, 11, 'Find the x-intercept of y = 6x - 12', 'MCQ', '[\"0\", \"2\", \"6\", \"12\"]', 1, 185, NULL, 1, '2025-08-30 10:32:55', '2025-08-30 10:32:55', NULL, NULL, NULL, NULL, NULL),
(369, 6, 11, 'What is the value of cos(π/4)?', 'MCQ', '[\"1/√2\", \"√2\", \"1\", \"0\"]', 0, 141, NULL, 1, '2025-08-30 10:32:55', '2025-08-30 10:32:55', NULL, NULL, NULL, NULL, NULL),
(370, 6, 11, 'Solve the inequality: 8x - 5 > 19', 'MCQ', '[\"x > 3\", \"x > 2\", \"x > 1\", \"x > 0\"]', 0, 226, NULL, 1, '2025-08-30 10:32:55', '2025-08-30 10:32:55', NULL, NULL, NULL, NULL, NULL),
(371, 6, 11, 'Find the vertex of y = x² - 8x + 16', 'MCQ', '[\"(4, 0)\", \"(-4, 0)\", \"(4, 16)\", \"(-4, 16)\"]', 0, 257, NULL, 1, '2025-08-30 10:32:55', '2025-08-30 10:32:55', NULL, NULL, NULL, NULL, NULL),
(372, 6, 11, 'What is the value of tan(π/3)?', 'MCQ', '[\"1/√3\", \"√3\", \"1\", \"0\"]', 1, 150, NULL, 1, '2025-08-30 10:32:55', '2025-08-30 10:32:55', NULL, NULL, NULL, NULL, NULL),
(373, 6, 11, 'Solve for x: log₁₃(x) = 2', 'MCQ', '[\"13\", \"26\", \"169\", \"338\"]', 2, 293, NULL, 1, '2025-08-30 10:32:55', '2025-08-30 10:32:55', NULL, NULL, NULL, NULL, NULL),
(374, 6, 11, 'Find the domain of f(x) = 1/(x² - 4)', 'MCQ', '[\"x ≠ 2 and x ≠ -2\", \"x > 2 or x < -2\", \"x ≥ 2 or x ≤ -2\", \"x < 2 and x > -2\"]', 0, 203, NULL, 1, '2025-08-30 10:32:55', '2025-08-30 10:32:55', NULL, NULL, NULL, NULL, NULL),
(375, 6, 11, 'What is the value of log₁₄(196)?', 'MCQ', '[\"1\", \"2\", \"14\", \"196\"]', 1, 162, NULL, 1, '2025-08-30 10:32:55', '2025-08-30 10:32:55', NULL, NULL, NULL, NULL, NULL),
(376, 6, 11, 'Solve the equation: |6x - 12| = 18', 'MCQ', '[\"x = 5, x = -1\", \"x = 5, x = 1\", \"x = -5, x = -1\", \"x = -5, x = 1\"]', 0, 275, NULL, 1, '2025-08-30 10:32:55', '2025-08-30 10:32:55', NULL, NULL, NULL, NULL, NULL),
(377, 6, 11, 'Find the range of f(x) = √x', 'MCQ', '[\"y ≥ 0\", \"y > 0\", \"y ≤ 0\", \"y < 0\"]', 0, 250, NULL, 1, '2025-08-30 10:32:55', '2025-08-30 10:32:55', NULL, NULL, NULL, NULL, NULL),
(378, 6, 11, 'What is the value of sin(3π/2)?', 'MCQ', '[\"0\", \"1\", \"-1\", \"∞\"]', 2, 136, NULL, 1, '2025-08-30 10:32:55', '2025-08-30 10:32:55', NULL, NULL, NULL, NULL, NULL),
(379, 6, 11, 'Solve for x: 9^(x+1) = 81', 'MCQ', '[\"x = 1\", \"x = 2\", \"x = 3\", \"x = 4\"]', 0, 283, NULL, 1, '2025-08-30 10:32:55', '2025-08-30 10:32:55', NULL, NULL, NULL, NULL, NULL),
(380, 6, 11, 'Find the inverse of f(x) = 6x + 4', 'MCQ', '[\"f⁻¹(x) = (x - 4)/6\", \"f⁻¹(x) = (x + 4)/6\", \"f⁻¹(x) = 6x - 4\", \"f⁻¹(x) = -6x + 4\"]', 0, 280, NULL, 1, '2025-08-30 10:32:55', '2025-08-30 10:32:55', NULL, NULL, NULL, NULL, NULL),
(381, 6, 11, 'What is the value of cos(3π/2)?', 'MCQ', '[\"0\", \"1\", \"-1\", \"∞\"]', 0, 132, NULL, 1, '2025-08-30 10:32:55', '2025-08-30 10:32:55', NULL, NULL, NULL, NULL, NULL),
(382, 6, 11, 'Solve the quadratic equation: x² - 25 = 0', 'MCQ', '[\"x = 5, x = -5\", \"x = 5\", \"x = -5\", \"No real solutions\"]', 0, 232, NULL, 1, '2025-08-30 10:32:55', '2025-08-30 10:32:55', NULL, NULL, NULL, NULL, NULL),
(383, 6, 11, 'Find the derivative of f(x) = cos(x)', 'MCQ', '[\"-sin(x)\", \"cos(x)\", \"sin(x)\", \"-cos(x)\"]', 0, 264, NULL, 1, '2025-08-30 10:32:55', '2025-08-30 10:32:55', NULL, NULL, NULL, NULL, NULL),
(384, 6, 11, 'What is the value of log₁₅(225)?', 'MCQ', '[\"1\", \"2\", \"15\", \"225\"]', 1, 163, NULL, 1, '2025-08-30 10:32:55', '2025-08-30 10:32:55', NULL, NULL, NULL, NULL, NULL),
(385, 6, 11, 'Solve the system: 5x + 6y = 16 and 3x - 2y = 4', 'MCQ', '[\"x = 2, y = 1\", \"x = 1, y = 2\", \"x = 3, y = 0\", \"x = 0, y = 3\"]', 0, 214, NULL, 1, '2025-08-30 10:32:55', '2025-08-30 10:32:55', NULL, NULL, NULL, NULL, NULL),
(386, 6, 11, 'Find the midpoint of (3,4) to (7,8)', 'MCQ', '[\"(5,6)\", \"(4,5)\", \"(6,7)\", \"(8,9)\"]', 0, 183, NULL, 1, '2025-08-30 10:32:55', '2025-08-30 10:32:55', NULL, NULL, NULL, NULL, NULL),
(387, 6, 11, 'What is the value of sin(π/3)?', 'MCQ', '[\"√3/2\", \"1/2\", \"1\", \"0\"]', 0, 148, NULL, 1, '2025-08-30 10:32:55', '2025-08-30 10:32:55', NULL, NULL, NULL, NULL, NULL),
(388, 6, 11, 'Solve for x: 10^(x-1) = 100', 'MCQ', '[\"x = 3\", \"x = 2\", \"x = 1\", \"x = 0\"]', 0, 276, NULL, 1, '2025-08-30 10:32:55', '2025-08-30 10:32:55', NULL, NULL, NULL, NULL, NULL),
(389, 6, 11, 'Find the y-intercept of y = 7x - 14', 'MCQ', '[\"0\", \"2\", \"7\", \"14\"]', 1, 186, NULL, 1, '2025-08-30 10:32:55', '2025-08-30 10:32:55', NULL, NULL, NULL, NULL, NULL),
(390, 6, 11, 'What is the value of cos(π/6)?', 'MCQ', '[\"√3/2\", \"1/2\", \"1\", \"0\"]', 0, 139, NULL, 1, '2025-08-30 10:32:55', '2025-08-30 10:32:55', NULL, NULL, NULL, NULL, NULL),
(391, 6, 11, 'Solve the inequality: 9x - 6 ≥ 21', 'MCQ', '[\"x ≥ 3\", \"x ≥ 2\", \"x ≥ 1\", \"x ≥ 0\"]', 0, 223, NULL, 1, '2025-08-30 10:32:55', '2025-08-30 10:32:55', NULL, NULL, NULL, NULL, NULL),
(392, 6, 11, 'Find the vertex of y = x² - 10x + 25', 'MCQ', '[\"(5, 0)\", \"(-5, 0)\", \"(5, 25)\", \"(-5, 25)\"]', 0, 258, NULL, 1, '2025-08-30 10:32:55', '2025-08-30 10:32:55', NULL, NULL, NULL, NULL, NULL),
(393, 6, 11, 'What is the value of tan(π/2)?', 'MCQ', '[\"0\", \"1\", \"√2\", \"∞\"]', 3, 151, NULL, 1, '2025-08-30 10:32:55', '2025-08-30 10:32:55', NULL, NULL, NULL, NULL, NULL),
(394, 3, 6, 'What is the main function of the cell membrane?', 'MCQ', '[\"To produce energy\", \"To control what enters and exits the cell\", \"To store genetic material\", \"To break down waste\"]', 1, 245, NULL, 1, '2025-08-30 10:34:12', '2025-08-30 10:34:12', NULL, NULL, NULL, NULL, NULL),
(395, 3, 6, 'Which of the following is a renewable energy source?', 'MCQ', '[\"Coal\", \"Natural gas\", \"Solar power\", \"Nuclear fuel\"]', 2, 198, NULL, 1, '2025-08-30 10:34:12', '2025-08-30 10:34:12', NULL, NULL, NULL, NULL, NULL),
(396, 3, 6, 'What is the process by which plants make their own food called?', 'MCQ', '[\"Respiration\", \"Photosynthesis\", \"Digestion\", \"Circulation\"]', 1, 156, NULL, 1, '2025-08-30 10:34:12', '2025-08-30 10:34:12', NULL, NULL, NULL, NULL, NULL),
(397, 3, 6, 'Which organ system is responsible for transporting oxygen throughout the body?', 'MCQ', '[\"Digestive system\", \"Circulatory system\", \"Nervous system\", \"Skeletal system\"]', 1, 267, NULL, 1, '2025-08-30 10:34:12', '2025-08-30 10:34:12', NULL, NULL, NULL, NULL, NULL),
(398, 3, 6, 'What is the largest organ in the human body?', 'MCQ', '[\"Heart\", \"Brain\", \"Skin\", \"Liver\"]', 2, 189, NULL, 1, '2025-08-30 10:34:12', '2025-08-30 10:34:12', NULL, NULL, NULL, NULL, NULL),
(399, 3, 6, 'Which of the following is NOT a state of matter?', 'MCQ', '[\"Solid\", \"Liquid\", \"Gas\", \"Energy\"]', 3, 134, NULL, 1, '2025-08-30 10:34:12', '2025-08-30 10:34:12', NULL, NULL, NULL, NULL, NULL),
(400, 3, 6, 'What is the force that pulls objects toward the center of Earth?', 'MCQ', '[\"Magnetism\", \"Gravity\", \"Friction\", \"Electricity\"]', 1, 178, NULL, 1, '2025-08-30 10:34:12', '2025-08-30 10:34:12', NULL, NULL, NULL, NULL, NULL),
(401, 3, 6, 'Which planet is known as the Red Planet?', 'MCQ', '[\"Venus\", \"Mars\", \"Jupiter\", \"Saturn\"]', 1, 223, NULL, 1, '2025-08-30 10:34:12', '2025-08-30 10:34:12', NULL, NULL, NULL, NULL, NULL),
(402, 3, 6, 'What is the chemical symbol for gold?', 'MCQ', '[\"Ag\", \"Au\", \"Fe\", \"Cu\"]', 1, 312, NULL, 1, '2025-08-30 10:34:12', '2025-08-30 10:34:12', NULL, NULL, NULL, NULL, NULL),
(403, 3, 6, 'Which of the following is a simple machine?', 'MCQ', '[\"Computer\", \"Lever\", \"Battery\", \"Motor\"]', 1, 201, NULL, 1, '2025-08-30 10:34:12', '2025-08-30 10:34:12', NULL, NULL, NULL, NULL, NULL),
(404, 3, 6, 'What is the main component of the sun?', 'MCQ', '[\"Liquid rock\", \"Hot gas\", \"Solid metal\", \"Ice\"]', 1, 256, NULL, 1, '2025-08-30 10:34:12', '2025-08-30 10:34:12', NULL, NULL, NULL, NULL, NULL),
(405, 3, 6, 'Which organ is responsible for filtering blood and removing waste?', 'MCQ', '[\"Heart\", \"Lungs\", \"Kidneys\", \"Stomach\"]', 2, 234, NULL, 1, '2025-08-30 10:34:12', '2025-08-30 10:34:12', NULL, NULL, NULL, NULL, NULL),
(406, 3, 6, 'What is the study of fossils called?', 'MCQ', '[\"Geology\", \"Paleontology\", \"Biology\", \"Chemistry\"]', 1, 298, NULL, 1, '2025-08-30 10:34:12', '2025-08-30 10:34:12', NULL, NULL, NULL, NULL, NULL),
(407, 3, 6, 'Which of the following is a greenhouse gas?', 'MCQ', '[\"Oxygen\", \"Carbon dioxide\", \"Nitrogen\", \"Helium\"]', 1, 276, NULL, 1, '2025-08-30 10:34:12', '2025-08-30 10:34:12', NULL, NULL, NULL, NULL, NULL),
(408, 3, 6, 'What is the smallest unit of life?', 'MCQ', '[\"Atom\", \"Cell\", \"Molecule\", \"Tissue\"]', 1, 167, NULL, 1, '2025-08-30 10:34:12', '2025-08-30 10:34:12', NULL, NULL, NULL, NULL, NULL),
(409, 3, 6, 'Which force opposes motion between two surfaces?', 'MCQ', '[\"Gravity\", \"Friction\", \"Magnetism\", \"Electricity\"]', 1, 145, NULL, 1, '2025-08-30 10:34:12', '2025-08-30 10:34:12', NULL, NULL, NULL, NULL, NULL),
(410, 3, 6, 'What is the process of water changing from liquid to gas called?', 'MCQ', '[\"Condensation\", \"Evaporation\", \"Freezing\", \"Melting\"]', 1, 192, NULL, 1, '2025-08-30 10:34:12', '2025-08-30 10:34:12', NULL, NULL, NULL, NULL, NULL),
(411, 3, 6, 'Which organ system controls all other systems in the body?', 'MCQ', '[\"Circulatory system\", \"Nervous system\", \"Digestive system\", \"Respiratory system\"]', 1, 289, NULL, 1, '2025-08-30 10:34:12', '2025-08-30 10:34:12', NULL, NULL, NULL, NULL, NULL),
(412, 3, 6, 'What is the hardest natural substance on Earth?', 'MCQ', '[\"Steel\", \"Iron\", \"Diamond\", \"Granite\"]', 2, 324, NULL, 1, '2025-08-30 10:34:12', '2025-08-30 10:34:12', NULL, NULL, NULL, NULL, NULL),
(413, 3, 6, 'Which of the following is a non-renewable resource?', 'MCQ', '[\"Wind\", \"Sunlight\", \"Oil\", \"Water\"]', 2, 203, NULL, 1, '2025-08-30 10:34:12', '2025-08-30 10:34:12', NULL, NULL, NULL, NULL, NULL),
(414, 3, 6, 'What is the main function of the respiratory system?', 'MCQ', '[\"To digest food\", \"To exchange gases\", \"To pump blood\", \"To move bones\"]', 1, 231, NULL, 1, '2025-08-30 10:34:12', '2025-08-30 10:34:12', NULL, NULL, NULL, NULL, NULL),
(415, 3, 6, 'Which planet has the most moons in our solar system?', 'MCQ', '[\"Earth\", \"Mars\", \"Jupiter\", \"Saturn\"]', 2, 315, NULL, 1, '2025-08-30 10:34:12', '2025-08-30 10:34:12', NULL, NULL, NULL, NULL, NULL),
(416, 3, 6, 'What is the chemical formula for water?', 'MCQ', '[\"H2O\", \"CO2\", \"O2\", \"N2\"]', 0, 158, NULL, 1, '2025-08-30 10:34:12', '2025-08-30 10:34:12', NULL, NULL, NULL, NULL, NULL),
(417, 3, 6, 'Which of the following is a type of rock formed by heat and pressure?', 'MCQ', '[\"Igneous\", \"Sedimentary\", \"Metamorphic\", \"Volcanic\"]', 2, 273, NULL, 1, '2025-08-30 10:34:12', '2025-08-30 10:34:12', NULL, NULL, NULL, NULL, NULL),
(418, 3, 6, 'What is the energy of motion called?', 'MCQ', '[\"Potential energy\", \"Kinetic energy\", \"Chemical energy\", \"Nuclear energy\"]', 1, 186, NULL, 1, '2025-08-30 10:34:12', '2025-08-30 10:34:12', NULL, NULL, NULL, NULL, NULL),
(419, 3, 6, 'Which organ produces bile to help digest fats?', 'MCQ', '[\"Stomach\", \"Liver\", \"Pancreas\", \"Gallbladder\"]', 1, 247, NULL, 1, '2025-08-30 10:34:12', '2025-08-30 10:34:12', NULL, NULL, NULL, NULL, NULL),
(420, 3, 6, 'What is the study of weather called?', 'MCQ', '[\"Geology\", \"Meteorology\", \"Astronomy\", \"Biology\"]', 1, 295, NULL, 1, '2025-08-30 10:34:12', '2025-08-30 10:34:12', NULL, NULL, NULL, NULL, NULL),
(421, 3, 6, 'Which of the following is a conductor of electricity?', 'MCQ', '[\"Rubber\", \"Wood\", \"Copper\", \"Plastic\"]', 2, 217, NULL, 1, '2025-08-30 10:34:12', '2025-08-30 10:34:12', NULL, NULL, NULL, NULL, NULL),
(422, 3, 6, 'What is the process of breaking down food into smaller pieces called?', 'MCQ', '[\"Absorption\", \"Digestion\", \"Excretion\", \"Circulation\"]', 1, 175, NULL, 1, '2025-08-30 10:34:12', '2025-08-30 10:34:12', NULL, NULL, NULL, NULL, NULL),
(423, 3, 6, 'Which force keeps planets in orbit around the sun?', 'MCQ', '[\"Magnetic force\", \"Gravitational force\", \"Electric force\", \"Nuclear force\"]', 1, 264, NULL, 1, '2025-08-30 10:34:12', '2025-08-30 10:34:12', NULL, NULL, NULL, NULL, NULL),
(424, 3, 6, 'What is the main component of air?', 'MCQ', '[\"Oxygen\", \"Carbon dioxide\", \"Nitrogen\", \"Hydrogen\"]', 2, 149, NULL, 1, '2025-08-30 10:34:12', '2025-08-30 10:34:12', NULL, NULL, NULL, NULL, NULL),
(425, 3, 6, 'Which organ system provides support and protection for the body?', 'MCQ', '[\"Muscular system\", \"Skeletal system\", \"Nervous system\", \"Circulatory system\"]', 1, 208, NULL, 1, '2025-08-30 10:34:12', '2025-08-30 10:34:12', NULL, NULL, NULL, NULL, NULL),
(426, 3, 6, 'What is the study of living things called?', 'MCQ', '[\"Physics\", \"Chemistry\", \"Biology\", \"Geology\"]', 2, 162, NULL, 1, '2025-08-30 10:34:12', '2025-08-30 10:34:12', NULL, NULL, NULL, NULL, NULL),
(427, 3, 6, 'Which of the following is a type of energy that can be stored?', 'MCQ', '[\"Kinetic energy\", \"Potential energy\", \"Sound energy\", \"Light energy\"]', 1, 238, NULL, 1, '2025-08-30 10:34:12', '2025-08-30 10:34:12', NULL, NULL, NULL, NULL, NULL),
(428, 3, 6, 'What is the process of water changing from gas to liquid called?', 'MCQ', '[\"Evaporation\", \"Condensation\", \"Freezing\", \"Melting\"]', 1, 194, NULL, 1, '2025-08-30 10:34:12', '2025-08-30 10:34:12', NULL, NULL, NULL, NULL, NULL),
(429, 3, 6, 'Which organ pumps blood throughout the body?', 'MCQ', '[\"Lungs\", \"Heart\", \"Liver\", \"Kidneys\"]', 1, 183, NULL, 1, '2025-08-30 10:34:12', '2025-08-30 10:34:12', NULL, NULL, NULL, NULL, NULL),
(430, 3, 6, 'What is the chemical symbol for iron?', 'MCQ', '[\"Ir\", \"Fe\", \"In\", \"Fr\"]', 1, 306, NULL, 1, '2025-08-30 10:34:12', '2025-08-30 10:34:12', NULL, NULL, NULL, NULL, NULL),
(431, 3, 6, 'Which of the following is a type of simple machine?', 'MCQ', '[\"Pulley\", \"Computer\", \"Battery\", \"Light bulb\"]', 0, 225, NULL, 1, '2025-08-30 10:34:12', '2025-08-30 10:34:12', NULL, NULL, NULL, NULL, NULL),
(432, 3, 6, 'What is the main function of the digestive system?', 'MCQ', '[\"To transport oxygen\", \"To break down food\", \"To control movement\", \"To sense the environment\"]', 1, 197, NULL, 1, '2025-08-30 10:34:12', '2025-08-30 10:34:12', NULL, NULL, NULL, NULL, NULL),
(433, 3, 6, 'Which planet is closest to the sun?', 'MCQ', '[\"Venus\", \"Earth\", \"Mercury\", \"Mars\"]', 2, 169, NULL, 1, '2025-08-30 10:34:12', '2025-08-30 10:34:12', NULL, NULL, NULL, NULL, NULL),
(434, 3, 6, 'What is the study of matter and its changes called?', 'MCQ', '[\"Biology\", \"Chemistry\", \"Physics\", \"Geology\"]', 1, 251, NULL, 1, '2025-08-30 10:34:12', '2025-08-30 10:34:12', NULL, NULL, NULL, NULL, NULL),
(435, 3, 6, 'Which of the following is a renewable resource?', 'MCQ', '[\"Coal\", \"Wind energy\", \"Natural gas\", \"Oil\"]', 1, 212, NULL, 1, '2025-08-30 10:34:12', '2025-08-30 10:34:12', NULL, NULL, NULL, NULL, NULL),
(436, 3, 6, 'What is the process of plants releasing water vapor called?', 'MCQ', '[\"Photosynthesis\", \"Transpiration\", \"Respiration\", \"Digestion\"]', 1, 279, NULL, 1, '2025-08-30 10:34:12', '2025-08-30 10:34:12', NULL, NULL, NULL, NULL, NULL),
(437, 3, 6, 'Which organ system helps the body move?', 'MCQ', '[\"Nervous system\", \"Muscular system\", \"Circulatory system\", \"Respiratory system\"]', 1, 228, NULL, 1, '2025-08-30 10:34:12', '2025-08-30 10:34:12', NULL, NULL, NULL, NULL, NULL),
(438, 3, 6, 'What is the energy stored in food called?', 'MCQ', '[\"Kinetic energy\", \"Chemical energy\", \"Mechanical energy\", \"Electrical energy\"]', 1, 243, NULL, 1, '2025-08-30 10:34:12', '2025-08-30 10:34:12', NULL, NULL, NULL, NULL, NULL),
(439, 3, 6, 'Which of the following is a type of rock formed from cooled lava?', 'MCQ', '[\"Sedimentary\", \"Metamorphic\", \"Igneous\", \"Limestone\"]', 2, 285, NULL, 1, '2025-08-30 10:34:12', '2025-08-30 10:34:12', NULL, NULL, NULL, NULL, NULL),
(440, 3, 6, 'What is the study of the Earth\'s structure called?', 'MCQ', '[\"Biology\", \"Chemistry\", \"Geology\", \"Physics\"]', 2, 261, NULL, 1, '2025-08-30 10:34:12', '2025-08-30 10:34:12', NULL, NULL, NULL, NULL, NULL),
(441, 3, 6, 'Which force causes objects to fall to the ground?', 'MCQ', '[\"Magnetic force\", \"Gravitational force\", \"Electric force\", \"Nuclear force\"]', 1, 176, NULL, 1, '2025-08-30 10:34:12', '2025-08-30 10:34:12', NULL, NULL, NULL, NULL, NULL),
(442, 3, 6, 'What is the main function of the nervous system?', 'MCQ', '[\"To transport blood\", \"To control and coordinate body activities\", \"To digest food\", \"To breathe\"]', 1, 293, NULL, 1, '2025-08-30 10:34:12', '2025-08-30 10:34:12', NULL, NULL, NULL, NULL, NULL),
(443, 3, 6, 'Which of the following is a conductor of heat?', 'MCQ', '[\"Wood\", \"Metal\", \"Plastic\", \"Rubber\"]', 1, 207, NULL, 1, '2025-08-30 10:34:12', '2025-08-30 10:34:12', NULL, NULL, NULL, NULL, NULL),
(444, 3, 6, 'What is the process of water changing from solid to liquid called?', 'MCQ', '[\"Freezing\", \"Melting\", \"Evaporation\", \"Condensation\"]', 1, 154, NULL, 1, '2025-08-30 10:34:12', '2025-08-30 10:34:12', NULL, NULL, NULL, NULL, NULL),
(445, 3, 6, 'Which organ filters air and removes dust particles?', 'MCQ', '[\"Heart\", \"Lungs\", \"Liver\", \"Kidneys\"]', 1, 236, NULL, 1, '2025-08-30 10:34:12', '2025-08-30 10:34:12', NULL, NULL, NULL, NULL, NULL),
(446, 3, 6, 'What is the chemical symbol for carbon?', 'MCQ', '[\"Ca\", \"C\", \"Co\", \"Cu\"]', 1, 318, NULL, 1, '2025-08-30 10:34:12', '2025-08-30 10:34:12', NULL, NULL, NULL, NULL, NULL),
(447, 3, 6, 'Which of the following is a type of energy that travels in waves?', 'MCQ', '[\"Chemical energy\", \"Sound energy\", \"Potential energy\", \"Nuclear energy\"]', 1, 254, NULL, 1, '2025-08-30 10:34:12', '2025-08-30 10:34:12', NULL, NULL, NULL, NULL, NULL),
(448, 3, 6, 'What is the study of space and celestial objects called?', 'MCQ', '[\"Geology\", \"Biology\", \"Astronomy\", \"Chemistry\"]', 2, 287, NULL, 1, '2025-08-30 10:34:12', '2025-08-30 10:34:12', NULL, NULL, NULL, NULL, NULL),
(449, 3, 6, 'Which organ system removes waste from the body?', 'MCQ', '[\"Digestive system\", \"Excretory system\", \"Circulatory system\", \"Respiratory system\"]', 1, 218, NULL, 1, '2025-08-30 10:34:12', '2025-08-30 10:34:12', NULL, NULL, NULL, NULL, NULL),
(450, 3, 6, 'What is the energy of position called?', 'MCQ', '[\"Kinetic energy\", \"Potential energy\", \"Chemical energy\", \"Thermal energy\"]', 1, 199, NULL, 1, '2025-08-30 10:34:12', '2025-08-30 10:34:12', NULL, NULL, NULL, NULL, NULL),
(451, 3, 6, 'Which of the following is a type of simple machine?', 'MCQ', '[\"Wheel and axle\", \"Computer\", \"Battery\", \"Light bulb\"]', 0, 271, NULL, 1, '2025-08-30 10:34:12', '2025-08-30 10:34:12', NULL, NULL, NULL, NULL, NULL),
(452, 3, 6, 'What is the main function of the circulatory system?', 'MCQ', '[\"To digest food\", \"To transport materials throughout the body\", \"To control movement\", \"To sense the environment\"]', 1, 248, NULL, 1, '2025-08-30 10:34:12', '2025-08-30 10:34:12', NULL, NULL, NULL, NULL, NULL),
(453, 3, 6, 'Which planet is known for its rings?', 'MCQ', '[\"Jupiter\", \"Saturn\", \"Uranus\", \"Neptune\"]', 1, 302, NULL, 1, '2025-08-30 10:34:12', '2025-08-30 10:34:12', NULL, NULL, NULL, NULL, NULL);
INSERT INTO `questions` (`id`, `subject_id`, `grade_id`, `question_text`, `question_type`, `options`, `correct_option_index`, `difficulty_level`, `dok_level`, `created_by`, `created_at`, `updated_at`, `primary_competency_id`, `correct_answer`, `question_metadata`, `standard`, `content_focus`) VALUES
(454, 3, 6, 'What is the study of forces and motion called?', 'MCQ', '[\"Biology\", \"Chemistry\", \"Physics\", \"Geology\"]', 2, 275, NULL, 1, '2025-08-30 10:34:12', '2025-08-30 10:34:12', NULL, NULL, NULL, NULL, NULL),
(455, 3, 6, 'Which of the following is a non-renewable resource?', 'MCQ', '[\"Solar energy\", \"Wind energy\", \"Coal\", \"Hydroelectric power\"]', 2, 204, NULL, 1, '2025-08-30 10:34:12', '2025-08-30 10:34:12', NULL, NULL, NULL, NULL, NULL),
(456, 3, 6, 'What is the process of plants making food using sunlight called?', 'MCQ', '[\"Respiration\", \"Photosynthesis\", \"Digestion\", \"Circulation\"]', 1, 168, NULL, 1, '2025-08-30 10:34:12', '2025-08-30 10:34:12', NULL, NULL, NULL, NULL, NULL),
(457, 3, 6, 'Which organ system protects the body from disease?', 'MCQ', '[\"Immune system\", \"Nervous system\", \"Circulatory system\", \"Digestive system\"]', 0, 296, NULL, 1, '2025-08-30 10:34:12', '2025-08-30 10:34:12', NULL, NULL, NULL, NULL, NULL),
(458, 3, 6, 'What is the energy that comes from the sun called?', 'MCQ', '[\"Chemical energy\", \"Solar energy\", \"Nuclear energy\", \"Mechanical energy\"]', 1, 232, NULL, 1, '2025-08-30 10:34:12', '2025-08-30 10:34:12', NULL, NULL, NULL, NULL, NULL),
(459, 3, 6, 'Which of the following is a type of rock formed from layers of sediment?', 'MCQ', '[\"Igneous\", \"Sedimentary\", \"Metamorphic\", \"Volcanic\"]', 1, 283, NULL, 1, '2025-08-30 10:34:12', '2025-08-30 10:34:12', NULL, NULL, NULL, NULL, NULL),
(460, 3, 6, 'What is the study of the atmosphere and weather called?', 'MCQ', '[\"Geology\", \"Meteorology\", \"Biology\", \"Chemistry\"]', 1, 290, NULL, 1, '2025-08-30 10:34:12', '2025-08-30 10:34:12', NULL, NULL, NULL, NULL, NULL),
(461, 3, 6, 'Which force attracts or repels magnetic materials?', 'MCQ', '[\"Gravitational force\", \"Magnetic force\", \"Electric force\", \"Nuclear force\"]', 1, 241, NULL, 1, '2025-08-30 10:34:12', '2025-08-30 10:34:12', NULL, NULL, NULL, NULL, NULL),
(462, 3, 6, 'What is the main function of the respiratory system?', 'MCQ', '[\"To digest food\", \"To exchange gases with the environment\", \"To pump blood\", \"To move bones\"]', 1, 257, NULL, 1, '2025-08-30 10:34:12', '2025-08-30 10:34:12', NULL, NULL, NULL, NULL, NULL),
(463, 3, 6, 'Which of the following is an insulator of electricity?', 'MCQ', '[\"Copper\", \"Aluminum\", \"Rubber\", \"Iron\"]', 2, 214, NULL, 1, '2025-08-30 10:34:12', '2025-08-30 10:34:12', NULL, NULL, NULL, NULL, NULL),
(464, 3, 6, 'What is the process of water changing from liquid to solid called?', 'MCQ', '[\"Melting\", \"Freezing\", \"Evaporation\", \"Condensation\"]', 1, 151, NULL, 1, '2025-08-30 10:34:12', '2025-08-30 10:34:12', NULL, NULL, NULL, NULL, NULL),
(465, 3, 6, 'Which organ stores bile and releases it into the small intestine?', 'MCQ', '[\"Liver\", \"Gallbladder\", \"Pancreas\", \"Stomach\"]', 1, 268, NULL, 1, '2025-08-30 10:34:12', '2025-08-30 10:34:12', NULL, NULL, NULL, NULL, NULL),
(466, 3, 6, 'What is the chemical symbol for oxygen?', 'MCQ', '[\"O\", \"Ox\", \"O2\", \"O3\"]', 0, 321, NULL, 1, '2025-08-30 10:34:12', '2025-08-30 10:34:12', NULL, NULL, NULL, NULL, NULL),
(467, 3, 6, 'Which of the following is a type of energy that can be transferred?', 'MCQ', '[\"Potential energy\", \"Thermal energy\", \"Chemical energy\", \"All of the above\"]', 3, 277, NULL, 1, '2025-08-30 10:34:12', '2025-08-30 10:34:12', NULL, NULL, NULL, NULL, NULL),
(468, 3, 6, 'What is the study of the ocean called?', 'MCQ', '[\"Geology\", \"Oceanography\", \"Biology\", \"Chemistry\"]', 1, 299, NULL, 1, '2025-08-30 10:34:12', '2025-08-30 10:34:12', NULL, NULL, NULL, NULL, NULL),
(469, 3, 6, 'Which organ system produces hormones that regulate body functions?', 'MCQ', '[\"Nervous system\", \"Endocrine system\", \"Circulatory system\", \"Digestive system\"]', 1, 308, NULL, 1, '2025-08-30 10:34:12', '2025-08-30 10:34:12', NULL, NULL, NULL, NULL, NULL),
(470, 3, 6, 'What is the energy stored in batteries called?', 'MCQ', '[\"Kinetic energy\", \"Chemical energy\", \"Mechanical energy\", \"Thermal energy\"]', 1, 226, NULL, 1, '2025-08-30 10:34:12', '2025-08-30 10:34:12', NULL, NULL, NULL, NULL, NULL),
(471, 3, 6, 'Which of the following is a type of simple machine?', 'MCQ', '[\"Inclined plane\", \"Computer\", \"Battery\", \"Light bulb\"]', 0, 262, NULL, 1, '2025-08-30 10:34:12', '2025-08-30 10:34:12', NULL, NULL, NULL, NULL, NULL),
(472, 3, 6, 'What is the main function of the skeletal system?', 'MCQ', '[\"To digest food\", \"To provide support and protection\", \"To pump blood\", \"To breathe\"]', 1, 235, NULL, 1, '2025-08-30 10:34:12', '2025-08-30 10:34:12', NULL, NULL, NULL, NULL, NULL),
(473, 3, 6, 'Which planet is the largest in our solar system?', 'MCQ', '[\"Earth\", \"Mars\", \"Jupiter\", \"Saturn\"]', 2, 313, NULL, 1, '2025-08-30 10:34:12', '2025-08-30 10:34:12', NULL, NULL, NULL, NULL, NULL),
(474, 3, 6, 'What is the study of the properties and changes of matter called?', 'MCQ', '[\"Biology\", \"Chemistry\", \"Physics\", \"Geology\"]', 1, 266, NULL, 1, '2025-08-30 10:34:12', '2025-08-30 10:34:12', NULL, NULL, NULL, NULL, NULL),
(475, 3, 6, 'Which of the following is a renewable resource?', 'MCQ', '[\"Natural gas\", \"Geothermal energy\", \"Oil\", \"Coal\"]', 1, 209, NULL, 1, '2025-08-30 10:34:12', '2025-08-30 10:34:12', NULL, NULL, NULL, NULL, NULL),
(476, 3, 6, 'What is the process of water moving through a plant called?', 'MCQ', '[\"Photosynthesis\", \"Transpiration\", \"Respiration\", \"Digestion\"]', 1, 281, NULL, 1, '2025-08-30 10:34:12', '2025-08-30 10:34:12', NULL, NULL, NULL, NULL, NULL),
(477, 3, 6, 'Which organ system coordinates body activities and responds to stimuli?', 'MCQ', '[\"Circulatory system\", \"Nervous system\", \"Digestive system\", \"Respiratory system\"]', 1, 294, NULL, 1, '2025-08-30 10:34:12', '2025-08-30 10:34:12', NULL, NULL, NULL, NULL, NULL),
(478, 3, 6, 'What is the energy of moving objects called?', 'MCQ', '[\"Potential energy\", \"Kinetic energy\", \"Chemical energy\", \"Nuclear energy\"]', 1, 188, NULL, 1, '2025-08-30 10:34:12', '2025-08-30 10:34:12', NULL, NULL, NULL, NULL, NULL),
(479, 3, 6, 'Which of the following is a type of rock that can be changed by heat and pressure?', 'MCQ', '[\"Igneous\", \"Sedimentary\", \"Metamorphic\", \"Volcanic\"]', 2, 272, NULL, 1, '2025-08-30 10:34:12', '2025-08-30 10:34:12', NULL, NULL, NULL, NULL, NULL),
(480, 3, 6, 'What is the study of the Earth\'s surface and its features called?', 'MCQ', '[\"Biology\", \"Chemistry\", \"Geography\", \"Physics\"]', 2, 255, NULL, 1, '2025-08-30 10:34:12', '2025-08-30 10:34:12', NULL, NULL, NULL, NULL, NULL),
(481, 3, 6, 'Which force causes objects to stick to surfaces?', 'MCQ', '[\"Gravitational force\", \"Frictional force\", \"Magnetic force\", \"Electric force\"]', 1, 173, NULL, 1, '2025-08-30 10:34:12', '2025-08-30 10:34:12', NULL, NULL, NULL, NULL, NULL),
(482, 3, 6, 'What is the main function of the digestive system?', 'MCQ', '[\"To transport oxygen\", \"To break down food into nutrients\", \"To control movement\", \"To sense the environment\"]', 1, 222, NULL, 1, '2025-08-30 10:34:12', '2025-08-30 10:34:12', NULL, NULL, NULL, NULL, NULL),
(483, 3, 6, 'Which of the following is a good conductor of heat?', 'MCQ', '[\"Wood\", \"Metal\", \"Plastic\", \"Rubber\"]', 1, 216, NULL, 1, '2025-08-30 10:34:12', '2025-08-30 10:34:12', NULL, NULL, NULL, NULL, NULL),
(484, 3, 6, 'What is the process of water changing from gas to liquid called?', 'MCQ', '[\"Evaporation\", \"Condensation\", \"Freezing\", \"Melting\"]', 1, 195, NULL, 1, '2025-08-30 10:34:12', '2025-08-30 10:34:12', NULL, NULL, NULL, NULL, NULL),
(485, 3, 6, 'Which organ filters blood and removes waste products?', 'MCQ', '[\"Heart\", \"Lungs\", \"Kidneys\", \"Stomach\"]', 2, 245, NULL, 1, '2025-08-30 10:34:12', '2025-08-30 10:34:12', NULL, NULL, NULL, NULL, NULL),
(486, 3, 6, 'What is the chemical symbol for nitrogen?', 'MCQ', '[\"Ni\", \"N\", \"Na\", \"Ne\"]', 1, 309, NULL, 1, '2025-08-30 10:34:12', '2025-08-30 10:34:12', NULL, NULL, NULL, NULL, NULL),
(487, 3, 6, 'Which of the following is a type of energy that can be heard?', 'MCQ', '[\"Light energy\", \"Sound energy\", \"Chemical energy\", \"Nuclear energy\"]', 1, 252, NULL, 1, '2025-08-30 10:34:12', '2025-08-30 10:34:12', NULL, NULL, NULL, NULL, NULL),
(488, 3, 6, 'What is the study of the universe and celestial objects called?', 'MCQ', '[\"Geology\", \"Biology\", \"Astronomy\", \"Chemistry\"]', 2, 291, NULL, 1, '2025-08-30 10:34:12', '2025-08-30 10:34:12', NULL, NULL, NULL, NULL, NULL),
(489, 3, 6, 'Which organ system helps the body eliminate waste?', 'MCQ', '[\"Digestive system\", \"Excretory system\", \"Circulatory system\", \"Respiratory system\"]', 1, 227, NULL, 1, '2025-08-30 10:34:12', '2025-08-30 10:34:12', NULL, NULL, NULL, NULL, NULL),
(490, 3, 6, 'What is the energy stored in food and fuel called?', 'MCQ', '[\"Kinetic energy\", \"Chemical energy\", \"Mechanical energy\", \"Electrical energy\"]', 1, 240, NULL, 1, '2025-08-30 10:34:12', '2025-08-30 10:34:12', NULL, NULL, NULL, NULL, NULL),
(491, 3, 6, 'Which of the following is a type of simple machine?', 'MCQ', '[\"Screw\", \"Computer\", \"Battery\", \"Light bulb\"]', 0, 269, NULL, 1, '2025-08-30 10:34:12', '2025-08-30 10:34:12', NULL, NULL, NULL, NULL, NULL),
(492, 3, 6, 'What is the main function of the muscular system?', 'MCQ', '[\"To digest food\", \"To provide movement and support\", \"To pump blood\", \"To breathe\"]', 1, 233, NULL, 1, '2025-08-30 10:34:12', '2025-08-30 10:34:12', NULL, NULL, NULL, NULL, NULL),
(493, 3, 6, 'Which planet is known as the Blue Planet?', 'MCQ', '[\"Venus\", \"Earth\", \"Mars\", \"Neptune\"]', 1, 185, NULL, 1, '2025-08-30 10:34:12', '2025-08-30 10:34:12', NULL, NULL, NULL, NULL, NULL),
(494, 3, 6, 'What is the study of living organisms and their interactions called?', 'MCQ', '[\"Physics\", \"Chemistry\", \"Biology\", \"Geology\"]', 2, 164, NULL, 1, '2025-08-30 10:34:12', '2025-08-30 10:34:12', NULL, NULL, NULL, NULL, NULL),
(495, 3, 6, 'Which of the following is a non-renewable energy source?', 'MCQ', '[\"Solar power\", \"Wind energy\", \"Coal\", \"Hydroelectric power\"]', 2, 205, NULL, 1, '2025-08-30 10:34:12', '2025-08-30 10:34:12', NULL, NULL, NULL, NULL, NULL),
(496, 3, 6, 'What is the process of plants releasing oxygen called?', 'MCQ', '[\"Respiration\", \"Photosynthesis\", \"Digestion\", \"Circulation\"]', 1, 170, NULL, 1, '2025-08-30 10:34:12', '2025-08-30 10:34:12', NULL, NULL, NULL, NULL, NULL),
(497, 3, 6, 'Which organ system protects the body from harmful substances?', 'MCQ', '[\"Immune system\", \"Nervous system\", \"Circulatory system\", \"Digestive system\"]', 0, 297, NULL, 1, '2025-08-30 10:34:12', '2025-08-30 10:34:12', NULL, NULL, NULL, NULL, NULL),
(498, 3, 6, 'What is the energy that comes from moving water called?', 'MCQ', '[\"Chemical energy\", \"Hydroelectric energy\", \"Nuclear energy\", \"Mechanical energy\"]', 1, 259, NULL, 1, '2025-08-30 10:34:12', '2025-08-30 10:34:12', NULL, NULL, NULL, NULL, NULL),
(726, 3, 11, 'What is the SI unit for electric charge?', 'MCQ', '[\"Ampere\", \"Coulomb\", \"Volt\", \"Ohm\"]', 1, 302, NULL, 1, '2025-09-01 06:25:55', '2025-09-01 06:25:55', NULL, NULL, NULL, NULL, NULL),
(724, 3, 11, 'What is the atomic number of iron?', 'MCQ', '[\"24\", \"26\", \"28\", \"56\"]', 1, 155, NULL, 1, '2025-09-01 06:25:55', '2025-09-01 06:25:55', NULL, NULL, NULL, NULL, NULL),
(725, 3, 11, 'Which of the following packages proteins for secretion?', 'MCQ', '[\"Nucleus\", \"Golgi apparatus\", \"Mitochondria\", \"Ribosomes\"]', 1, 190, NULL, 1, '2025-09-01 06:25:55', '2025-09-01 06:25:55', NULL, NULL, NULL, NULL, NULL),
(723, 3, 11, 'Which of the following is a chemical property?', 'MCQ', '[\"Melting point\", \"Boiling point\", \"Combustibility\", \"Density\"]', 2, 255, NULL, 1, '2025-09-01 06:25:55', '2025-09-01 06:25:55', NULL, NULL, NULL, NULL, NULL),
(722, 3, 11, 'What is the function of the integumentary system?', 'MCQ', '[\"Transport blood\", \"Protect body\", \"Produce hormones\", \"Filter waste\"]', 1, 231, NULL, 1, '2025-09-01 06:25:55', '2025-09-01 06:25:55', NULL, NULL, NULL, NULL, NULL),
(720, 3, 11, 'What is the chemical formula for ammonia?', 'MCQ', '[\"NH3\", \"NO2\", \"N2O\", \"N2O3\"]', 0, 164, NULL, 1, '2025-09-01 06:25:55', '2025-09-01 06:25:55', NULL, NULL, NULL, NULL, NULL),
(721, 3, 11, 'Which of the following is a clean energy technology?', 'MCQ', '[\"Solar panels\", \"Coal plants\", \"Nuclear reactors\", \"Gas turbines\"]', 0, 287, NULL, 1, '2025-09-01 06:25:55', '2025-09-01 06:25:55', NULL, NULL, NULL, NULL, NULL),
(719, 3, 11, 'Which of the following is measured in meters?', 'MCQ', '[\"Mass\", \"Length\", \"Time\", \"Temperature\"]', 1, 314, NULL, 1, '2025-09-01 06:25:55', '2025-09-01 06:25:55', NULL, NULL, NULL, NULL, NULL),
(718, 3, 11, 'What is the process of making proteins called?', 'MCQ', '[\"Respiration\", \"Protein synthesis\", \"Photosynthesis\", \"Digestion\"]', 1, 219, NULL, 1, '2025-09-01 06:25:55', '2025-09-01 06:25:55', NULL, NULL, NULL, NULL, NULL),
(717, 3, 11, 'Which of the following is a result of pollution?', 'MCQ', '[\"Cleaner water\", \"Health problems\", \"More oxygen\", \"Increased biodiversity\"]', 1, 275, NULL, 1, '2025-09-01 06:25:55', '2025-09-01 06:25:55', NULL, NULL, NULL, NULL, NULL),
(716, 3, 11, 'What is the unit of measurement for work?', 'MCQ', '[\"Newton\", \"Joule\", \"Watt\", \"Pascal\"]', 1, 301, NULL, 1, '2025-09-01 06:25:55', '2025-09-01 06:25:55', NULL, NULL, NULL, NULL, NULL),
(714, 3, 11, 'What is the atomic number of calcium?', 'MCQ', '[\"18\", \"20\", \"22\", \"40\"]', 1, 153, NULL, 1, '2025-09-01 06:25:55', '2025-09-01 06:25:55', NULL, NULL, NULL, NULL, NULL),
(715, 3, 11, 'Which of the following controls what enters and exits the cell?', 'MCQ', '[\"Nucleus\", \"Cell membrane\", \"Cytoplasm\", \"Vacuole\"]', 1, 170, NULL, 1, '2025-09-01 06:25:55', '2025-09-01 06:25:55', NULL, NULL, NULL, NULL, NULL),
(713, 3, 11, 'Which of the following is a physical change?', 'MCQ', '[\"Burning wood\", \"Melting metal\", \"Rusting iron\", \"Cooking food\"]', 1, 176, NULL, 1, '2025-09-01 06:25:55', '2025-09-01 06:25:55', NULL, NULL, NULL, NULL, NULL),
(712, 3, 11, 'What is the function of the excretory system?', 'MCQ', '[\"Transport oxygen\", \"Remove waste\", \"Produce hormones\", \"Break down food\"]', 1, 217, NULL, 1, '2025-09-01 06:25:55', '2025-09-01 06:25:55', NULL, NULL, NULL, NULL, NULL),
(711, 3, 11, 'Which of the following causes soil erosion?', 'MCQ', '[\"Planting trees\", \"Deforestation\", \"Conservation\", \"Recycling\"]', 1, 274, NULL, 1, '2025-09-01 06:25:55', '2025-09-01 06:25:55', NULL, NULL, NULL, NULL, NULL),
(710, 3, 11, 'What is the SI unit for temperature?', 'MCQ', '[\"Kelvin\", \"Celsius\", \"Fahrenheit\", \"Rankine\"]', 0, 300, NULL, 1, '2025-09-01 06:25:55', '2025-09-01 06:25:55', NULL, NULL, NULL, NULL, NULL),
(709, 3, 11, 'Which of the following is the site of protein synthesis?', 'MCQ', '[\"Nucleus\", \"Ribosomes\", \"Mitochondria\", \"Vacuole\"]', 1, 182, NULL, 1, '2025-09-01 06:25:55', '2025-09-01 06:25:55', NULL, NULL, NULL, NULL, NULL),
(708, 3, 11, 'What is the atomic number of potassium?', 'MCQ', '[\"17\", \"19\", \"21\", \"39\"]', 1, 144, NULL, 1, '2025-09-01 06:25:55', '2025-09-01 06:25:55', NULL, NULL, NULL, NULL, NULL),
(707, 3, 11, 'Which of the following is a physical property?', 'MCQ', '[\"Flammability\", \"Density\", \"Reactivity\", \"Toxicity\"]', 1, 257, NULL, 1, '2025-09-01 06:25:55', '2025-09-01 06:25:55', NULL, NULL, NULL, NULL, NULL),
(706, 3, 11, 'What is the function of the reproductive system?', 'MCQ', '[\"Transport blood\", \"Produce offspring\", \"Filter waste\", \"Produce energy\"]', 1, 229, NULL, 1, '2025-09-01 06:25:55', '2025-09-01 06:25:55', NULL, NULL, NULL, NULL, NULL),
(705, 3, 11, 'Which of the following is a sustainable energy source?', 'MCQ', '[\"Hydroelectric power\", \"Coal power\", \"Nuclear power\", \"Natural gas\"]', 0, 285, NULL, 1, '2025-09-01 06:25:55', '2025-09-01 06:25:55', NULL, NULL, NULL, NULL, NULL),
(704, 3, 11, 'What is the chemical formula for methane?', 'MCQ', '[\"CH4\", \"CO2\", \"H2O\", \"NH3\"]', 0, 160, NULL, 1, '2025-09-01 06:25:55', '2025-09-01 06:25:55', NULL, NULL, NULL, NULL, NULL),
(703, 3, 11, 'Which of the following is measured in seconds?', 'MCQ', '[\"Distance\", \"Time\", \"Mass\", \"Temperature\"]', 1, 316, NULL, 1, '2025-09-01 06:25:55', '2025-09-01 06:25:55', NULL, NULL, NULL, NULL, NULL),
(702, 3, 11, 'What is the process of cell division called?', 'MCQ', '[\"Respiration\", \"Mitosis\", \"Photosynthesis\", \"Digestion\"]', 1, 205, NULL, 1, '2025-09-01 06:25:55', '2025-09-01 06:25:55', NULL, NULL, NULL, NULL, NULL),
(701, 3, 11, 'Which of the following is a consequence of deforestation?', 'MCQ', '[\"Increased oxygen\", \"Loss of habitat\", \"More rainfall\", \"Cleaner air\"]', 1, 272, NULL, 1, '2025-09-01 06:25:55', '2025-09-01 06:25:55', NULL, NULL, NULL, NULL, NULL),
(700, 3, 11, 'What is the unit of measurement for frequency?', 'MCQ', '[\"Meter\", \"Second\", \"Hertz\", \"Newton\"]', 2, 299, NULL, 1, '2025-09-01 06:25:55', '2025-09-01 06:25:55', NULL, NULL, NULL, NULL, NULL),
(699, 3, 11, 'Which of the following contains chlorophyll?', 'MCQ', '[\"Nucleus\", \"Chloroplast\", \"Mitochondria\", \"Vacuole\"]', 1, 188, NULL, 1, '2025-09-01 06:25:55', '2025-09-01 06:25:55', NULL, NULL, NULL, NULL, NULL),
(698, 3, 11, 'What is the atomic number of sulfur?', 'MCQ', '[\"14\", \"16\", \"18\", \"32\"]', 1, 151, NULL, 1, '2025-09-01 06:25:55', '2025-09-01 06:25:55', NULL, NULL, NULL, NULL, NULL),
(697, 3, 11, 'Which of the following is a chemical reaction?', 'MCQ', '[\"Water freezing\", \"Sugar dissolving\", \"Metal rusting\", \"Ice melting\"]', 2, 250, NULL, 1, '2025-09-01 06:25:55', '2025-09-01 06:25:55', NULL, NULL, NULL, NULL, NULL),
(696, 3, 11, 'What is the function of the lymphatic system?', 'MCQ', '[\"Transport blood\", \"Fight infection\", \"Produce hormones\", \"Break down food\"]', 1, 215, NULL, 1, '2025-09-01 06:25:55', '2025-09-01 06:25:55', NULL, NULL, NULL, NULL, NULL),
(695, 3, 11, 'Which of the following causes water pollution?', 'MCQ', '[\"Planting trees\", \"Industrial waste\", \"Solar panels\", \"Wind turbines\"]', 1, 266, NULL, 1, '2025-09-01 06:25:55', '2025-09-01 06:25:55', NULL, NULL, NULL, NULL, NULL),
(694, 3, 11, 'What is the SI unit for pressure?', 'MCQ', '[\"Newton\", \"Joule\", \"Pascal\", \"Watt\"]', 2, 297, NULL, 1, '2025-09-01 06:25:55', '2025-09-01 06:25:55', NULL, NULL, NULL, NULL, NULL),
(693, 3, 11, 'Which of the following is found in both plant and animal cells?', 'MCQ', '[\"Chloroplast\", \"Cell wall\", \"Mitochondria\", \"Large vacuole\"]', 2, 184, NULL, 1, '2025-09-01 06:25:55', '2025-09-01 06:25:55', NULL, NULL, NULL, NULL, NULL),
(692, 3, 11, 'What is the atomic number of phosphorus?', 'MCQ', '[\"13\", \"15\", \"17\", \"31\"]', 1, 148, NULL, 1, '2025-09-01 06:25:55', '2025-09-01 06:25:55', NULL, NULL, NULL, NULL, NULL),
(691, 3, 11, 'Which of the following indicates a physical change?', 'MCQ', '[\"Formation of precipitate\", \"Change in color\", \"Change in state\", \"Production of gas\"]', 2, 252, NULL, 1, '2025-09-01 06:25:55', '2025-09-01 06:25:55', NULL, NULL, NULL, NULL, NULL),
(690, 3, 11, 'What is the function of the immune system?', 'MCQ', '[\"Transport oxygen\", \"Fight disease\", \"Produce energy\", \"Filter waste\"]', 1, 227, NULL, 1, '2025-09-01 06:25:55', '2025-09-01 06:25:55', NULL, NULL, NULL, NULL, NULL),
(689, 3, 11, 'Which of the following is a renewable resource?', 'MCQ', '[\"Tidal energy\", \"Coal\", \"Natural gas\", \"Nuclear fuel\"]', 0, 283, NULL, 1, '2025-09-01 06:25:55', '2025-09-01 06:25:55', NULL, NULL, NULL, NULL, NULL),
(688, 3, 11, 'What is the chemical formula for sulfuric acid?', 'MCQ', '[\"HCl\", \"H2SO4\", \"HNO3\", \"H3PO4\"]', 1, 162, NULL, 1, '2025-09-01 06:25:55', '2025-09-01 06:25:55', NULL, NULL, NULL, NULL, NULL),
(687, 3, 11, 'Which of the following is measured in kilograms?', 'MCQ', '[\"Volume\", \"Mass\", \"Length\", \"Temperature\"]', 1, 313, NULL, 1, '2025-09-01 06:25:55', '2025-09-01 06:25:55', NULL, NULL, NULL, NULL, NULL),
(686, 3, 11, 'What is the process of releasing energy from food called?', 'MCQ', '[\"Digestion\", \"Respiration\", \"Excretion\", \"Absorption\"]', 1, 203, NULL, 1, '2025-09-01 06:25:55', '2025-09-01 06:25:55', NULL, NULL, NULL, NULL, NULL),
(685, 3, 11, 'Which of the following is a result of acid rain?', 'MCQ', '[\"Increased plant growth\", \"Damage to buildings\", \"More oxygen\", \"Cleaner water\"]', 1, 269, NULL, 1, '2025-09-01 06:25:55', '2025-09-01 06:25:55', NULL, NULL, NULL, NULL, NULL),
(684, 3, 11, 'What is the unit of measurement for electric power?', 'MCQ', '[\"Volt\", \"Ampere\", \"Watt\", \"Ohm\"]', 2, 294, NULL, 1, '2025-09-01 06:25:55', '2025-09-01 06:25:55', NULL, NULL, NULL, NULL, NULL),
(683, 3, 11, 'Which of the following is the control center of the cell?', 'MCQ', '[\"Cytoplasm\", \"Nucleus\", \"Cell membrane\", \"Vacuole\"]', 1, 169, NULL, 1, '2025-09-01 06:25:55', '2025-09-01 06:25:55', NULL, NULL, NULL, NULL, NULL),
(682, 3, 11, 'What is the atomic number of magnesium?', 'MCQ', '[\"10\", \"12\", \"14\", \"24\"]', 1, 146, NULL, 1, '2025-09-01 06:25:55', '2025-09-01 06:25:55', NULL, NULL, NULL, NULL, NULL),
(681, 3, 11, 'Which of the following is a physical change of state?', 'MCQ', '[\"Burning paper\", \"Freezing water\", \"Rusting metal\", \"Cooking eggs\"]', 1, 175, NULL, 1, '2025-09-01 06:25:55', '2025-09-01 06:25:55', NULL, NULL, NULL, NULL, NULL),
(680, 3, 11, 'What is the function of the endocrine system?', 'MCQ', '[\"Transport blood\", \"Produce hormones\", \"Filter waste\", \"Break down food\"]', 1, 211, NULL, 1, '2025-09-01 06:25:55', '2025-09-01 06:25:55', NULL, NULL, NULL, NULL, NULL),
(679, 3, 11, 'Which of the following contributes to ozone depletion?', 'MCQ', '[\"CFCs\", \"CO2\", \"H2O\", \"O2\"]', 0, 271, NULL, 1, '2025-09-01 06:25:55', '2025-09-01 06:25:55', NULL, NULL, NULL, NULL, NULL),
(678, 3, 11, 'What is the SI unit for force?', 'MCQ', '[\"Joule\", \"Newton\", \"Watt\", \"Pascal\"]', 1, 296, NULL, 1, '2025-09-01 06:25:55', '2025-09-01 06:25:55', NULL, NULL, NULL, NULL, NULL),
(676, 3, 11, 'What is the atomic number of chlorine?', 'MCQ', '[\"15\", \"17\", \"19\", \"35\"]', 1, 150, NULL, 1, '2025-09-01 06:25:55', '2025-09-01 06:25:55', NULL, NULL, NULL, NULL, NULL),
(677, 3, 11, 'Which of the following stores water and nutrients in plant cells?', 'MCQ', '[\"Nucleus\", \"Vacuole\", \"Chloroplast\", \"Mitochondria\"]', 1, 180, NULL, 1, '2025-09-01 06:25:55', '2025-09-01 06:25:55', NULL, NULL, NULL, NULL, NULL),
(675, 3, 11, 'Which of the following is a chemical property of matter?', 'MCQ', '[\"Color\", \"Odor\", \"Reactivity\", \"Density\"]', 2, 259, NULL, 1, '2025-09-01 06:25:55', '2025-09-01 06:25:55', NULL, NULL, NULL, NULL, NULL),
(674, 3, 11, 'What is the main function of the muscular system?', 'MCQ', '[\"Transport oxygen\", \"Movement\", \"Filter blood\", \"Produce hormones\"]', 1, 225, NULL, 1, '2025-09-01 06:25:55', '2025-09-01 06:25:55', NULL, NULL, NULL, NULL, NULL),
(673, 3, 11, 'Which of the following is a clean energy source?', 'MCQ', '[\"Coal\", \"Wind power\", \"Natural gas\", \"Petroleum\"]', 1, 277, NULL, 1, '2025-09-01 06:25:55', '2025-09-01 06:25:55', NULL, NULL, NULL, NULL, NULL),
(672, 3, 11, 'What is the chemical formula for table salt?', 'MCQ', '[\"NaCl\", \"H2O\", \"CO2\", \"O2\"]', 0, 143, NULL, 1, '2025-09-01 06:25:55', '2025-09-01 06:25:55', NULL, NULL, NULL, NULL, NULL),
(671, 3, 11, 'Which of the following is measured in meters per second?', 'MCQ', '[\"Mass\", \"Speed\", \"Temperature\", \"Volume\"]', 1, 310, NULL, 1, '2025-09-01 06:25:55', '2025-09-01 06:25:55', NULL, NULL, NULL, NULL, NULL),
(670, 3, 11, 'What is the process of taking in nutrients called?', 'MCQ', '[\"Digestion\", \"Absorption\", \"Excretion\", \"Secretion\"]', 1, 199, NULL, 1, '2025-09-01 06:25:55', '2025-09-01 06:25:55', NULL, NULL, NULL, NULL, NULL),
(669, 3, 11, 'Which of the following is a greenhouse effect gas?', 'MCQ', '[\"Methane\", \"Nitrogen\", \"Oxygen\", \"Argon\"]', 0, 265, NULL, 1, '2025-09-01 06:25:55', '2025-09-01 06:25:55', NULL, NULL, NULL, NULL, NULL),
(668, 3, 11, 'What is the unit of measurement for electric voltage?', 'MCQ', '[\"Ampere\", \"Volt\", \"Ohm\", \"Watt\"]', 1, 293, NULL, 1, '2025-09-01 06:25:55', '2025-09-01 06:25:55', NULL, NULL, NULL, NULL, NULL),
(667, 3, 11, 'Which of the following is found only in plant cells?', 'MCQ', '[\"Nucleus\", \"Chloroplast\", \"Mitochondria\", \"Cell membrane\"]', 1, 186, NULL, 1, '2025-09-01 06:25:55', '2025-09-01 06:25:55', NULL, NULL, NULL, NULL, NULL),
(666, 3, 11, 'What is the atomic number of sodium?', 'MCQ', '[\"9\", \"11\", \"13\", \"23\"]', 1, 147, NULL, 1, '2025-09-01 06:25:55', '2025-09-01 06:25:55', NULL, NULL, NULL, NULL, NULL),
(665, 3, 11, 'Which of the following indicates a chemical change occurred?', 'MCQ', '[\"Change in shape\", \"Formation of gas\", \"Change in size\", \"Change in color\"]', 1, 254, NULL, 1, '2025-09-01 06:25:55', '2025-09-01 06:25:55', NULL, NULL, NULL, NULL, NULL),
(664, 3, 11, 'What is the function of the skeletal system?', 'MCQ', '[\"Transport blood\", \"Provide support\", \"Produce hormones\", \"Filter waste\"]', 1, 221, NULL, 1, '2025-09-01 06:25:55', '2025-09-01 06:25:55', NULL, NULL, NULL, NULL, NULL),
(663, 3, 11, 'Which of the following is an example of renewable energy?', 'MCQ', '[\"Geothermal energy\", \"Nuclear energy\", \"Coal energy\", \"Natural gas\"]', 0, 279, NULL, 1, '2025-09-01 06:25:55', '2025-09-01 06:25:55', NULL, NULL, NULL, NULL, NULL),
(662, 3, 11, 'What is the chemical formula for glucose?', 'MCQ', '[\"C6H12O6\", \"CH3COOH\", \"NaCl\", \"H2SO4\"]', 0, 158, NULL, 1, '2025-09-01 06:25:55', '2025-09-01 06:25:55', NULL, NULL, NULL, NULL, NULL),
(661, 3, 11, 'Which of the following has both magnitude and direction?', 'MCQ', '[\"Temperature\", \"Mass\", \"Velocity\", \"Time\"]', 2, 315, NULL, 1, '2025-09-01 06:25:55', '2025-09-01 06:25:55', NULL, NULL, NULL, NULL, NULL),
(660, 3, 11, 'What is the process of removing waste from the body called?', 'MCQ', '[\"Digestion\", \"Absorption\", \"Excretion\", \"Secretion\"]', 2, 207, NULL, 1, '2025-09-01 06:25:55', '2025-09-01 06:25:55', NULL, NULL, NULL, NULL, NULL),
(659, 3, 11, 'Which of the following is a cause of air pollution?', 'MCQ', '[\"Planting trees\", \"Vehicle emissions\", \"Solar panels\", \"Wind turbines\"]', 1, 268, NULL, 1, '2025-09-01 06:25:55', '2025-09-01 06:25:55', NULL, NULL, NULL, NULL, NULL),
(658, 3, 11, 'What is the SI unit for energy?', 'MCQ', '[\"Newton\", \"Joule\", \"Watt\", \"Pascal\"]', 1, 291, NULL, 1, '2025-09-01 06:25:55', '2025-09-01 06:25:55', NULL, NULL, NULL, NULL, NULL),
(657, 3, 11, 'Which of the following controls cell activities?', 'MCQ', '[\"Cytoplasm\", \"Nucleus\", \"Cell wall\", \"Vacuole\"]', 1, 172, NULL, 1, '2025-09-01 06:25:55', '2025-09-01 06:25:55', NULL, NULL, NULL, NULL, NULL),
(656, 3, 11, 'What is the atomic number of helium?', 'MCQ', '[\"1\", \"2\", \"3\", \"4\"]', 1, 138, NULL, 1, '2025-09-01 06:25:55', '2025-09-01 06:25:55', NULL, NULL, NULL, NULL, NULL),
(655, 3, 11, 'Which of the following is a physical property?', 'MCQ', '[\"Reactivity\", \"Combustibility\", \"Density\", \"Toxicity\"]', 2, 261, NULL, 1, '2025-09-01 06:25:55', '2025-09-01 06:25:55', NULL, NULL, NULL, NULL, NULL),
(654, 3, 11, 'What is the main function of the digestive system?', 'MCQ', '[\"Transport oxygen\", \"Break down food\", \"Filter blood\", \"Produce hormones\"]', 1, 213, NULL, 1, '2025-09-01 06:25:55', '2025-09-01 06:25:55', NULL, NULL, NULL, NULL, NULL),
(653, 3, 11, 'Which of the following is a consequence of climate change?', 'MCQ', '[\"Increased biodiversity\", \"Rising sea levels\", \"More oxygen\", \"Cleaner air\"]', 1, 270, NULL, 1, '2025-09-01 06:25:55', '2025-09-01 06:25:55', NULL, NULL, NULL, NULL, NULL),
(652, 3, 11, 'What is the unit of measurement for electric resistance?', 'MCQ', '[\"Volt\", \"Ampere\", \"Ohm\", \"Watt\"]', 2, 295, NULL, 1, '2025-09-01 06:25:55', '2025-09-01 06:25:55', NULL, NULL, NULL, NULL, NULL),
(651, 3, 11, 'Which of the following is the powerhouse of the cell?', 'MCQ', '[\"Nucleus\", \"Mitochondria\", \"Chloroplast\", \"Golgi apparatus\"]', 1, 183, NULL, 1, '2025-09-01 06:25:55', '2025-09-01 06:25:55', NULL, NULL, NULL, NULL, NULL),
(650, 3, 11, 'What is the atomic number of nitrogen?', 'MCQ', '[\"5\", \"7\", \"9\", \"14\"]', 1, 149, NULL, 1, '2025-09-01 06:25:55', '2025-09-01 06:25:55', NULL, NULL, NULL, NULL, NULL),
(649, 3, 11, 'Which of the following represents a chemical reaction?', 'MCQ', '[\"Ice melting\", \"Water boiling\", \"Iron rusting\", \"Salt dissolving\"]', 2, 248, NULL, 1, '2025-09-01 06:25:55', '2025-09-01 06:25:55', NULL, NULL, NULL, NULL, NULL),
(648, 3, 11, 'What is the function of the respiratory system?', 'MCQ', '[\"Transport oxygen\", \"Exchange gases\", \"Filter blood\", \"Produce hormones\"]', 1, 209, NULL, 1, '2025-09-01 06:25:55', '2025-09-01 06:25:55', NULL, NULL, NULL, NULL, NULL),
(647, 3, 11, 'Which of the following is a sustainable energy source?', 'MCQ', '[\"Petroleum\", \"Biomass\", \"Natural gas\", \"Coal\"]', 1, 281, NULL, 1, '2025-09-01 06:25:55', '2025-09-01 06:25:55', NULL, NULL, NULL, NULL, NULL),
(646, 3, 11, 'What is the chemical formula for carbon dioxide?', 'MCQ', '[\"CO\", \"CO2\", \"C2O\", \"C2O2\"]', 1, 141, NULL, 1, '2025-09-01 06:25:55', '2025-09-01 06:25:55', NULL, NULL, NULL, NULL, NULL),
(645, 3, 11, 'Which of the following is a scalar quantity?', 'MCQ', '[\"Velocity\", \"Acceleration\", \"Speed\", \"Displacement\"]', 2, 308, NULL, 1, '2025-09-01 06:25:55', '2025-09-01 06:25:55', NULL, NULL, NULL, NULL, NULL),
(644, 3, 11, 'What is the process of breaking down food into smaller molecules called?', 'MCQ', '[\"Absorption\", \"Digestion\", \"Excretion\", \"Secretion\"]', 1, 195, NULL, 1, '2025-09-01 06:25:55', '2025-09-01 06:25:55', NULL, NULL, NULL, NULL, NULL),
(643, 3, 11, 'Which of the following contributes to global warming?', 'MCQ', '[\"Deforestation\", \"Reforestation\", \"Recycling\", \"Conservation\"]', 0, 273, NULL, 1, '2025-09-01 06:25:55', '2025-09-01 06:25:55', NULL, NULL, NULL, NULL, NULL),
(642, 3, 11, 'What is the SI unit for power?', 'MCQ', '[\"Joule\", \"Watt\", \"Newton\", \"Pascal\"]', 1, 289, NULL, 1, '2025-09-01 06:25:55', '2025-09-01 06:25:55', NULL, NULL, NULL, NULL, NULL),
(640, 3, 11, 'What is the atomic number of oxygen?', 'MCQ', '[\"6\", \"8\", \"10\", \"16\"]', 1, 152, NULL, 1, '2025-09-01 06:25:55', '2025-09-01 06:25:55', NULL, NULL, NULL, NULL, NULL),
(641, 3, 11, 'Which organelle contains the cell\'s genetic material?', 'MCQ', '[\"Cytoplasm\", \"Nucleus\", \"Cell membrane\", \"Vacuole\"]', 1, 167, NULL, 1, '2025-09-01 06:25:55', '2025-09-01 06:25:55', NULL, NULL, NULL, NULL, NULL),
(639, 3, 11, 'Which of the following is a chemical property?', 'MCQ', '[\"Color\", \"Flammability\", \"Density\", \"Melting point\"]', 1, 256, NULL, 1, '2025-09-01 06:25:55', '2025-09-01 06:25:55', NULL, NULL, NULL, NULL, NULL),
(638, 3, 11, 'What is the main function of the circulatory system?', 'MCQ', '[\"Transport substances\", \"Digest food\", \"Produce energy\", \"Remove waste\"]', 0, 217, NULL, 1, '2025-09-01 06:25:55', '2025-09-01 06:25:55', NULL, NULL, NULL, NULL, NULL),
(637, 3, 11, 'Which of the following is a non-renewable resource?', 'MCQ', '[\"Wind energy\", \"Solar energy\", \"Fossil fuels\", \"Hydroelectric power\"]', 2, 264, NULL, 1, '2025-09-01 06:25:55', '2025-09-01 06:25:55', NULL, NULL, NULL, NULL, NULL),
(636, 3, 11, 'What is the unit of measurement for frequency?', 'MCQ', '[\"Meter\", \"Second\", \"Hertz\", \"Newton\"]', 2, 298, NULL, 1, '2025-09-01 06:25:55', '2025-09-01 06:25:55', NULL, NULL, NULL, NULL, NULL),
(635, 3, 11, 'Which of the following is responsible for carrying oxygen in the blood?', 'MCQ', '[\"White blood cells\", \"Red blood cells\", \"Platelets\", \"Plasma\"]', 1, 201, NULL, 1, '2025-09-01 06:25:55', '2025-09-01 06:25:55', NULL, NULL, NULL, NULL, NULL),
(634, 3, 11, 'What is the atomic mass unit of hydrogen?', 'MCQ', '[\"1\", \"2\", \"3\", \"4\"]', 0, 145, NULL, 1, '2025-09-01 06:25:55', '2025-09-01 06:25:55', NULL, NULL, NULL, NULL, NULL),
(633, 3, 11, 'Which of the following is a physical change?', 'MCQ', '[\"Burning wood\", \"Melting ice\", \"Rusting iron\", \"Cooking food\"]', 1, 178, NULL, 1, '2025-09-01 06:25:55', '2025-09-01 06:25:55', NULL, NULL, NULL, NULL, NULL),
(632, 3, 11, 'What is the function of the nervous system?', 'MCQ', '[\"Transport nutrients\", \"Control body functions\", \"Produce hormones\", \"Filter blood\"]', 1, 223, NULL, 1, '2025-09-01 06:25:55', '2025-09-01 06:25:55', NULL, NULL, NULL, NULL, NULL),
(630, 3, 11, 'What is the chemical formula for water?', 'MCQ', '[\"H2O\", \"CO2\", \"O2\", \"N2\"]', 0, 134, NULL, 1, '2025-09-01 06:25:55', '2025-09-01 06:25:55', NULL, NULL, NULL, NULL, NULL),
(631, 3, 11, 'Which of the following is a renewable energy source?', 'MCQ', '[\"Coal\", \"Natural gas\", \"Solar power\", \"Nuclear power\"]', 2, 276, NULL, 1, '2025-09-01 06:25:55', '2025-09-01 06:25:55', NULL, NULL, NULL, NULL, NULL),
(629, 3, 11, 'Which of the following is a vector quantity?', 'MCQ', '[\"Temperature\", \"Mass\", \"Force\", \"Time\"]', 2, 312, NULL, 1, '2025-09-01 06:25:55', '2025-09-01 06:25:55', NULL, NULL, NULL, NULL, NULL),
(628, 3, 11, 'What is the process by which plants make their own food called?', 'MCQ', '[\"Respiration\", \"Photosynthesis\", \"Digestion\", \"Excretion\"]', 1, 189, NULL, 1, '2025-09-01 06:25:55', '2025-09-01 06:25:55', NULL, NULL, NULL, NULL, NULL),
(627, 3, 11, 'Which of the following is a greenhouse gas?', 'MCQ', '[\"Nitrogen\", \"Oxygen\", \"Carbon dioxide\", \"Argon\"]', 2, 267, NULL, 1, '2025-09-01 06:25:55', '2025-09-01 06:25:55', NULL, NULL, NULL, NULL, NULL),
(626, 3, 11, 'What is the SI unit for electric current?', 'MCQ', '[\"Volt\", \"Ampere\", \"Ohm\", \"Watt\"]', 1, 245, NULL, 1, '2025-09-01 06:25:55', '2025-09-01 06:25:55', NULL, NULL, NULL, NULL, NULL),
(624, 3, 11, 'What is the atomic number of carbon?', 'MCQ', '[\"4\", \"6\", \"8\", \"12\"]', 1, 156, NULL, 1, '2025-09-01 06:25:55', '2025-09-01 06:25:55', NULL, NULL, NULL, NULL, NULL),
(625, 3, 11, 'Which organelle is responsible for photosynthesis in plant cells?', 'MCQ', '[\"Chloroplast\", \"Mitochondria\", \"Nucleus\", \"Endoplasmic reticulum\"]', 0, 198, NULL, 1, '2025-09-01 06:25:55', '2025-09-01 06:25:55', NULL, NULL, NULL, NULL, NULL),
(623, 3, 11, 'Which of the following is a characteristic of a chemical change?', 'MCQ', '[\"Change in state\", \"Formation of new substances\", \"Change in temperature\", \"Change in size\"]', 1, 234, NULL, 1, '2025-09-01 06:25:55', '2025-09-01 06:25:55', NULL, NULL, NULL, NULL, NULL),
(622, 3, 11, 'What is the primary function of the mitochondria in a cell?', 'MCQ', '[\"Protein synthesis\", \"Energy production\", \"DNA replication\", \"Cell division\"]', 1, 287, NULL, 1, '2025-09-01 06:25:55', '2025-09-01 06:25:55', NULL, NULL, NULL, NULL, NULL),
(727, 3, 11, 'Which of the following causes acid rain?', 'MCQ', '[\"Sulfur dioxide\", \"Carbon dioxide\", \"Oxygen\", \"Nitrogen\"]', 0, 276, NULL, 1, '2025-09-01 06:25:55', '2025-09-01 06:25:55', NULL, NULL, NULL, NULL, NULL),
(728, 3, 11, 'What is the function of the urinary system?', 'MCQ', '[\"Transport blood\", \"Filter blood\", \"Produce hormones\", \"Break down food\"]', 1, 233, NULL, 1, '2025-09-01 06:25:55', '2025-09-01 06:25:55', NULL, NULL, NULL, NULL, NULL),
(729, 3, 11, 'Which of the following is a physical change?', 'MCQ', '[\"Burning paper\", \"Dissolving salt\", \"Rusting metal\", \"Cooking eggs\"]', 1, 173, NULL, 1, '2025-09-01 06:25:55', '2025-09-01 06:25:55', NULL, NULL, NULL, NULL, NULL),
(730, 3, 11, 'What is the atomic number of copper?', 'MCQ', '[\"27\", \"29\", \"31\", \"63\"]', 1, 154, NULL, 1, '2025-09-01 06:25:55', '2025-09-01 06:25:55', NULL, NULL, NULL, NULL, NULL),
(731, 3, 11, 'Which of the following contains the cell\'s DNA?', 'MCQ', '[\"Cytoplasm\", \"Nucleus\", \"Cell membrane\", \"Vacuole\"]', 1, 168, NULL, 1, '2025-09-01 06:25:55', '2025-09-01 06:25:55', NULL, NULL, NULL, NULL, NULL),
(732, 3, 11, 'What is the unit of measurement for acceleration?', 'MCQ', '[\"Meter per second\", \"Meter per second squared\", \"Second\", \"Meter\"]', 1, 317, NULL, 1, '2025-09-01 06:25:55', '2025-09-01 06:25:55', NULL, NULL, NULL, NULL, NULL),
(733, 3, 11, 'Which of the following is a consequence of climate change?', 'MCQ', '[\"More oxygen\", \"Extreme weather\", \"Cleaner air\", \"Increased biodiversity\"]', 1, 278, NULL, 1, '2025-09-01 06:25:55', '2025-09-01 06:25:55', NULL, NULL, NULL, NULL, NULL),
(734, 3, 11, 'What is the process of cell growth and repair called?', 'MCQ', '[\"Respiration\", \"Cell division\", \"Photosynthesis\", \"Digestion\"]', 1, 235, NULL, 1, '2025-09-01 06:25:55', '2025-09-01 06:25:55', NULL, NULL, NULL, NULL, NULL),
(735, 3, 11, 'Which of the following is measured in cubic meters?', 'MCQ', '[\"Mass\", \"Volume\", \"Length\", \"Temperature\"]', 1, 318, NULL, 1, '2025-09-01 06:25:55', '2025-09-01 06:25:55', NULL, NULL, NULL, NULL, NULL),
(736, 3, 11, 'What is the chemical formula for nitric acid?', 'MCQ', '[\"HCl\", \"H2SO4\", \"HNO3\", \"H3PO4\"]', 2, 166, NULL, 1, '2025-09-01 06:25:55', '2025-09-01 06:25:55', NULL, NULL, NULL, NULL, NULL),
(737, 3, 11, 'Which of the following is a renewable energy source?', 'MCQ', '[\"Biomass energy\", \"Coal energy\", \"Nuclear energy\", \"Natural gas\"]', 0, 289, NULL, 1, '2025-09-01 06:25:55', '2025-09-01 06:25:55', NULL, NULL, NULL, NULL, NULL),
(738, 3, 11, 'What is the function of the cardiovascular system?', 'MCQ', '[\"Transport blood\", \"Produce hormones\", \"Filter waste\", \"Break down food\"]', 0, 237, NULL, 1, '2025-09-01 06:25:55', '2025-09-01 06:25:55', NULL, NULL, NULL, NULL, NULL),
(739, 3, 11, 'Which of the following is a physical property?', 'MCQ', '[\"Toxicity\", \"Density\", \"Reactivity\", \"Flammability\"]', 1, 258, NULL, 1, '2025-09-01 06:25:55', '2025-09-01 06:25:55', NULL, NULL, NULL, NULL, NULL),
(740, 3, 11, 'What is the atomic number of zinc?', 'MCQ', '[\"28\", \"30\", \"32\", \"65\"]', 1, 157, NULL, 1, '2025-09-01 06:25:55', '2025-09-01 06:25:55', NULL, NULL, NULL, NULL, NULL),
(741, 3, 11, 'Which of the following is the site of cellular respiration?', 'MCQ', '[\"Nucleus\", \"Mitochondria\", \"Chloroplast\", \"Ribosomes\"]', 1, 185, NULL, 1, '2025-09-01 06:25:55', '2025-09-01 06:25:55', NULL, NULL, NULL, NULL, NULL),
(742, 3, 11, 'What is the SI unit for magnetic field strength?', 'MCQ', '[\"Tesla\", \"Gauss\", \"Weber\", \"Henry\"]', 0, 303, NULL, 1, '2025-09-01 06:25:55', '2025-09-01 06:25:55', NULL, NULL, NULL, NULL, NULL),
(743, 3, 11, 'Which of the following causes biodiversity loss?', 'MCQ', '[\"Conservation\", \"Habitat destruction\", \"Reforestation\", \"Recycling\"]', 1, 280, NULL, 1, '2025-09-01 06:25:55', '2025-09-01 06:25:55', NULL, NULL, NULL, NULL, NULL),
(744, 3, 11, 'What is the function of the nervous system?', 'MCQ', '[\"Transport blood\", \"Control body\", \"Produce hormones\", \"Filter waste\"]', 1, 239, NULL, 1, '2025-09-01 06:25:55', '2025-09-01 06:25:55', NULL, NULL, NULL, NULL, NULL),
(745, 4, 6, 'Is the following statement true or false:\n10 > 8', 'TrueFalse', '[\"True\", \"False\"]', 1, 193, NULL, 1, '2026-01-21 13:00:48', '2026-01-21 13:00:48', NULL, 'false', NULL, NULL, NULL),
(747, 6, 6, 'Which of the following numbers can 8 be divided by evenly?', 'MultipleSelect', '[\"3\", \"4\", \"2\", \"5\"]', 1, 204, NULL, 1, '2026-01-22 06:27:35', '2026-01-22 06:27:35', NULL, '[1,2]', NULL, NULL, NULL),
(748, 6, 6, '8 is divisible by ___ and ___', 'FillInBlank', '[]', 1, 200, NULL, 1, '2026-01-22 06:57:49', '2026-01-22 06:57:49', NULL, '[1,0]', '{\"blanks\": [{\"options\": [\"3\", \"4\"], \"correctIndex\": 1}, {\"options\": [\"2\", \"5\"], \"correctIndex\": 0}]}', NULL, NULL),
(749, 6, 6, 'Match the items in Column A with the correct answer in Column B.', 'Matching', '[]', 3, 204, NULL, 1, '2026-01-22 07:20:55', '2026-01-22 07:20:55', NULL, '[{\"left\":0,\"right\":3},{\"left\":1,\"right\":2},{\"left\":2,\"right\":0},{\"left\":3,\"right\":1}]', '{\"leftItems\": [\"6 × 4\", \"20 ÷ 5\", \"9 + 9\", \"15 − 7\"], \"rightItems\": [\"18\", \"8\", \"4\", \"24\"], \"correctPairs\": [{\"left\": 0, \"right\": 3}, {\"left\": 1, \"right\": 2}, {\"left\": 2, \"right\": 0}, {\"left\": 3, \"right\": 1}]}', NULL, NULL),
(750, 6, 5, 'Find the value of 15% of 200', 'ShortAnswer', '[]', 0, 216, NULL, 1, '2026-01-22 07:36:29', '2026-01-22 07:36:29', NULL, NULL, '{\"maxWords\": 100, \"description\": \"Give answer in 1 or 2 steps\"}', NULL, NULL),
(751, 6, 6, 'A school has 480 students. If 3/8 of them are girls, find the number of girls and boys.', 'Essay', '[]', 0, 200, 3, 1, '2026-01-22 07:39:12', '2026-01-23 10:08:52', NULL, NULL, '{\"maxWords\": null, \"description\": \"Answer in details with more than 5 steps\"}', NULL, NULL),
(752, 6, 6, '<p>Find the Area of the Given Rectangle below:</p><p><img src=\"https://cmds-test.vedantu.com/prod/question-sets/549e13d9-45cc-4ef7-a6da-bed1bffccac58193893834467703457.png\"></p><p><br></p>', 'ShortAnswer', '[]', 0, 221, NULL, 1, '2026-01-22 08:54:54', '2026-01-22 08:54:54', NULL, NULL, '{\"maxWords\": 100, \"description\": \"Find the Area of the given Rectangle\"}', NULL, NULL),
(753, 6, 6, '<p>Find the Area of the Rectangle New</p><p><br></p><p><img src=\"http://localhost:5000/api/uploads/images/549e13d9-45cc-4ef7-a6da-bed1bffccac58193893834467703457 (1)-1769075488384-492544318.jpg\"></p>', 'ShortAnswer', '[]', 0, 200, 1, 1, '2026-01-22 09:51:58', '2026-01-23 10:08:13', NULL, NULL, '{\"maxWords\": 100, \"description\": \"Description of this image should be fetched\"}', NULL, NULL),
(754, 6, 6, '<p>If A class have 480 Students, 210 Amongst them are Boys, what is the ratio of Girls</p>', 'ShortAnswer', '[]', 0, 200, 3, 1, '2026-01-23 06:24:11', '2026-01-23 06:24:11', NULL, NULL, '{\"maxWords\": 100, \"description\": \"Find the ratio based on the Grade\"}', NULL, NULL),
(755, 3, 6, 'Which of the following are renewable energy sources? (Select all that apply)', 'MultipleSelect', '[\"Solar Energy\", \"Wind Energy\", \"Coal\", \"Natural Gas\"]', 0, 280, NULL, 1, '2026-01-23 07:12:54', '2026-01-23 07:12:54', NULL, '[0,1]', NULL, NULL, NULL),
(756, 6, 6, 'Which of the following are prime numbers? (Select all that apply)', 'MultipleSelect', '[\"2\", \"3\", \"4\", \"5\"]', 0, 295, NULL, 1, '2026-01-23 07:14:09', '2026-01-23 07:14:09', NULL, '[0,1]', NULL, NULL, NULL),
(757, 3, 6, 'Which of the following are renewable energy sources? (Select all that apply)', 'MultipleSelect', '[\"Solar Energy\", \"Wind Energy\", \"Coal\", \"Natural Gas\"]', 0, 280, NULL, 1, '2026-01-23 07:14:09', '2026-01-23 07:14:09', NULL, '[0,1]', NULL, NULL, NULL),
(758, 6, 6, 'Which of the following are prime numbers? <img src=\"http://localhost:5000/api/uploads/images/multiselect1.png\" alt=\"multiselect1.png\" style=\"max-width: 100%; height: auto; border-radius: 0.5rem; margin: 0.5rem 0;\" /> (Select all that apply)', 'MultipleSelect', '[\"2\", \"3\", \"4\", \"5\"]', 0, 295, NULL, 1, '2026-01-23 07:29:44', '2026-01-23 07:29:44', NULL, '[0,1]', NULL, NULL, NULL),
(759, 3, 6, 'Which of the following are renewable energy sources? <img src=\"http://localhost:5000/api/uploads/images/multiselect2.jpg\" alt=\"multiselect2.jpg\" style=\"max-width: 100%; height: auto; border-radius: 0.5rem; margin: 0.5rem 0;\" /> (Select all that apply)', 'MultipleSelect', '[\"Solar Energy\", \"Wind Energy\", \"Coal\", \"Natural Gas\"]', 0, 280, NULL, 1, '2026-01-23 07:29:44', '2026-01-23 07:29:44', NULL, '[0,1]', NULL, NULL, NULL),
(760, 3, 1, 'The capital of France is ___ and the capital of Germany is ___.', 'FillInBlank', '[]', 0, 200, NULL, 1, '2026-01-23 07:37:25', '2026-01-23 07:37:25', NULL, NULL, '{\"blanks\": [{\"options\": [\"Paris\", \"London\", \"Berlin\", \"Madrid\"], \"correctIndex\": 0}, {\"options\": [\"Berlin\", \"Paris\", \"London\", \"Madrid\"], \"correctIndex\": 0}]}', NULL, NULL),
(761, 6, 1, 'The sum of 5 and 3 is ___ and the product of 2 and 4 is ___.', 'FillInBlank', '[]', 0, 180, NULL, 1, '2026-01-23 07:37:25', '2026-01-23 07:37:25', NULL, NULL, '{\"blanks\": [{\"options\": [\"8\", \"9\", \"10\", \"11\"], \"correctIndex\": 0}, {\"options\": [\"8\", \"9\", \"10\", \"11\"], \"correctIndex\": 0}]}', NULL, NULL),
(762, 3, 1, 'Water freezes at ___ degrees Celsius and boils at ___ degrees Celsius.', 'FillInBlank', '[]', 0, 190, NULL, 1, '2026-01-23 07:37:25', '2026-01-23 07:37:25', NULL, NULL, '{\"blanks\": [{\"options\": [\"0\", \"10\", \"20\", \"30\"], \"correctIndex\": 0}, {\"options\": [\"100\", \"90\", \"80\", \"70\"], \"correctIndex\": 0}]}', NULL, NULL),
(763, 3, 6, 'The capital of France is ___ and the capital of Germany is ___. <img src=\"http://localhost:5000/api/uploads/images/fillinblank1.png\" alt=\"fillinblank1.png\" style=\"max-width: 100%; height: auto; border-radius: 0.5rem; margin: 0.5rem 0;\" />', 'FillInBlank', '[]', 0, 200, NULL, 1, '2026-01-23 07:44:06', '2026-01-23 07:44:06', NULL, NULL, '{\"blanks\": [{\"options\": [\"Paris\", \"London\"], \"correctIndex\": 0}, {\"options\": [\"Berlin\", \"Munich\"], \"correctIndex\": 0}]}', NULL, NULL),
(764, 6, 6, 'The sum of 5 and 3 is ___ and the product of 2 and 4 is ___. <img src=\"http://localhost:5000/api/uploads/images/fillinblank2.jpg\" alt=\"fillinblank2.jpg\" style=\"max-width: 100%; height: auto; border-radius: 0.5rem; margin: 0.5rem 0;\" />', 'FillInBlank', '[]', 0, 180, NULL, 1, '2026-01-23 07:44:06', '2026-01-23 07:44:06', NULL, NULL, '{\"blanks\": [{\"options\": [\"8\", \"9\"], \"correctIndex\": 0}, {\"options\": [\"8\", \"9\"], \"correctIndex\": 0}]}', NULL, NULL),
(765, 3, 6, 'Water freezes at ___ degrees Celsius and boils at ___ degrees Celsius. <img src=\"http://localhost:5000/api/uploads/images/fillinblank3.png\" alt=\"fillinblank3.png\" style=\"max-width: 100%; height: auto; border-radius: 0.5rem; margin: 0.5rem 0;\" />', 'FillInBlank', '[]', 0, 190, NULL, 1, '2026-01-23 07:44:06', '2026-01-23 07:44:06', NULL, NULL, '{\"blanks\": [{\"options\": [\"0\", \"10\"], \"correctIndex\": 0}, {\"options\": [\"100\", \"90\"], \"correctIndex\": 0}]}', NULL, NULL),
(766, 3, 6, 'The Earth revolves around the Sun. <img src=\"http://localhost:5000/api/uploads/images/truefalse1.png\" alt=\"truefalse1.png\" style=\"max-width: 100%; height: auto; border-radius: 0.5rem; margin: 0.5rem 0;\" />', 'TrueFalse', '[\"True\", \"False\"]', 0, 200, NULL, 1, '2026-01-23 08:16:09', '2026-01-23 08:16:09', NULL, 'true', NULL, NULL, NULL),
(767, 6, 6, '2 + 2 equals 5. <img src=\"http://localhost:5000/api/uploads/images/truefalse2.jpg\" alt=\"truefalse2.jpg\" style=\"max-width: 100%; height: auto; border-radius: 0.5rem; margin: 0.5rem 0;\" />', 'TrueFalse', '[\"True\", \"False\"]', 1, 180, NULL, 1, '2026-01-23 08:16:09', '2026-01-23 08:16:09', NULL, 'false', NULL, NULL, NULL),
(768, 3, 6, 'Water boils at 100 degrees Celsius at sea level. <img src=\"http://localhost:5000/api/uploads/images/truefalse3.png\" alt=\"truefalse3.png\" style=\"max-width: 100%; height: auto; border-radius: 0.5rem; margin: 0.5rem 0;\" />', 'TrueFalse', '[\"True\", \"False\"]', 0, 190, NULL, 1, '2026-01-23 08:16:09', '2026-01-23 08:16:09', NULL, 'true', NULL, NULL, NULL),
(769, 3, 6, 'Match the following terms with their definitions. <img src=\"http://localhost:5000/api/uploads/images/matching1.png\" alt=\"matching1.png\" style=\"max-width: 100%; height: auto; border-radius: 0.5rem; margin: 0.5rem 0;\" />', 'Matching', '[]', 0, 200, NULL, 1, '2026-01-23 08:19:44', '2026-01-23 08:19:44', NULL, '[{\"left\":0,\"right\":0},{\"left\":1,\"right\":1},{\"left\":2,\"right\":2}]', '{\"leftItems\": [\"Cell\", \"Photosynthesis\", \"Mitochondria\"], \"rightItems\": [\"Basic unit of life\", \"Process of making food\", \"Powerhouse of cell\"], \"correctPairs\": [{\"left\": 0, \"right\": 0}, {\"left\": 1, \"right\": 1}, {\"left\": 2, \"right\": 2}]}', NULL, NULL),
(770, 6, 6, 'Match the mathematical operations with their symbols. <img src=\"http://localhost:5000/api/uploads/images/matching2.jpg\" alt=\"matching2.jpg\" style=\"max-width: 100%; height: auto; border-radius: 0.5rem; margin: 0.5rem 0;\" />', 'Matching', '[]', 0, 180, NULL, 1, '2026-01-23 08:19:44', '2026-01-23 08:19:44', NULL, '[{\"left\":0,\"right\":0},{\"left\":1,\"right\":1},{\"left\":2,\"right\":2}]', '{\"leftItems\": [\"Addition\", \"Subtraction\", \"Multiplication\"], \"rightItems\": [\"+\", \"−\", \"×\"], \"correctPairs\": [{\"left\": 0, \"right\": 0}, {\"left\": 1, \"right\": 1}, {\"left\": 2, \"right\": 2}]}', NULL, NULL),
(771, 3, 6, 'Match the following terms with their definitions. <img src=\"http://localhost:5000/api/uploads/images/matching1.png\" alt=\"matching1.png\" style=\"max-width: 100%; height: auto; border-radius: 0.5rem; margin: 0.5rem 0;\" />', 'Matching', '[]', 0, 200, NULL, 1, '2026-01-23 08:23:48', '2026-01-23 08:23:48', NULL, '[{\"left\":0,\"right\":0},{\"left\":1,\"right\":1},{\"left\":2,\"right\":2}]', '{\"leftItems\": [\"Cell\", \"Photosynthesis\", \"Mitochondria\"], \"rightItems\": [\"Basic unit of life\", \"Process of making food\", \"Powerhouse of cell\"], \"correctPairs\": [{\"left\": 0, \"right\": 0}, {\"left\": 1, \"right\": 1}, {\"left\": 2, \"right\": 2}]}', NULL, NULL);
INSERT INTO `questions` (`id`, `subject_id`, `grade_id`, `question_text`, `question_type`, `options`, `correct_option_index`, `difficulty_level`, `dok_level`, `created_by`, `created_at`, `updated_at`, `primary_competency_id`, `correct_answer`, `question_metadata`, `standard`, `content_focus`) VALUES
(772, 3, 6, 'Match the following terms with their definitions. <img src=\"http://localhost:5000/api/uploads/images/matching1.png\" alt=\"matching1.png\" style=\"max-width: 100%; height: auto; border-radius: 0.5rem; margin: 0.5rem 0;\" />', 'Matching', '[]', 0, 200, NULL, 1, '2026-01-23 08:24:15', '2026-01-23 08:24:15', NULL, '[{\"left\":0,\"right\":0},{\"left\":1,\"right\":1},{\"left\":2,\"right\":2}]', '{\"leftItems\": [\"Cell\", \"Photosynthesis\", \"Mitochondria\"], \"rightItems\": [\"Basic unit of life\", \"Process of making food\", \"Powerhouse of cell\"], \"correctPairs\": [{\"left\": 0, \"right\": 0}, {\"left\": 1, \"right\": 1}, {\"left\": 2, \"right\": 2}]}', NULL, NULL),
(773, 6, 6, 'Match the mathematical operations with their symbols. <img src=\"http://localhost:5000/api/uploads/images/matching2.jpg\" alt=\"matching2.jpg\" style=\"max-width: 100%; height: auto; border-radius: 0.5rem; margin: 0.5rem 0;\" />', 'Matching', '[]', 2, 180, NULL, 1, '2026-01-23 08:24:15', '2026-01-23 08:24:15', NULL, '[{\"left\":0,\"right\":2},{\"left\":1,\"right\":1},{\"left\":2,\"right\":0}]', '{\"leftItems\": [\"Addition\", \"Subtraction\", \"Multiplication\"], \"rightItems\": [\"×\", \"+\", \"−\"], \"correctPairs\": [{\"left\": 0, \"right\": 2}, {\"left\": 1, \"right\": 1}, {\"left\": 2, \"right\": 0}]}', NULL, NULL),
(774, 3, 6, 'Match the following terms with their definitions. <img src=\"http://localhost:5000/api/uploads/images/matching1.png\" alt=\"matching1.png\" style=\"max-width: 100%; height: auto; border-radius: 0.5rem; margin: 0.5rem 0;\" />', 'Matching', '[]', 0, 200, NULL, 1, '2026-01-23 09:01:36', '2026-01-23 09:01:36', NULL, '[{\"left\":0,\"right\":0},{\"left\":1,\"right\":1},{\"left\":2,\"right\":2}]', '{\"leftItems\": [\"Cell\", \"Photosynthesis\", \"Mitochondria\"], \"rightItems\": [\"Basic unit of life\", \"Process of making food\", \"Powerhouse of cell\"], \"correctPairs\": [{\"left\": 0, \"right\": 0}, {\"left\": 1, \"right\": 1}, {\"left\": 2, \"right\": 2}]}', NULL, NULL),
(775, 6, 6, 'Match the mathematical operations with their symbols. <img src=\"http://localhost:5000/api/uploads/images/matching2.jpg\" alt=\"matching2.jpg\" style=\"max-width: 100%; height: auto; border-radius: 0.5rem; margin: 0.5rem 0;\" />', 'Matching', '[]', 2, 180, NULL, 1, '2026-01-23 09:01:36', '2026-01-23 09:01:36', NULL, '[{\"left\":0,\"right\":2},{\"left\":1,\"right\":0},{\"left\":2,\"right\":3},{\"left\":3,\"right\":1}]', '{\"leftItems\": [\"Addition\", \"Subtraction\", \"Multiplication\", \"Division\"], \"rightItems\": [\"+\", \"−\", \"×\", \"÷\"], \"correctPairs\": [{\"left\": 0, \"right\": 2}, {\"left\": 1, \"right\": 0}, {\"left\": 2, \"right\": 3}, {\"left\": 3, \"right\": 1}]}', NULL, NULL),
(776, 7, 6, 'Match the words with their synonyms. <img src=\"http://localhost:5000/api/uploads/images/matching3.png\" alt=\"matching3.png\" style=\"max-width: 100%; height: auto; border-radius: 0.5rem; margin: 0.5rem 0;\" />', 'Matching', '[]', 3, 190, NULL, 1, '2026-01-23 09:01:36', '2026-01-23 09:01:36', NULL, '[{\"left\":0,\"right\":3},{\"left\":1,\"right\":1},{\"left\":2,\"right\":2},{\"left\":3,\"right\":0}]', '{\"leftItems\": [\"Happy\", \"Big\", \"Smart\", \"Small\"], \"rightItems\": [\"Joyful\", \"Large\", \"Intelligent\", \"Tiny\"], \"correctPairs\": [{\"left\": 0, \"right\": 3}, {\"left\": 1, \"right\": 1}, {\"left\": 2, \"right\": 2}, {\"left\": 3, \"right\": 0}]}', NULL, NULL),
(777, 3, 6, 'Match the following terms with their definitions. <img src=\"http://localhost:5000/api/uploads/images/matching1.png\" alt=\"matching1.png\" style=\"max-width: 100%; height: auto; border-radius: 0.5rem; margin: 0.5rem 0;\" />', 'Matching', '[]', 0, 200, NULL, 1, '2026-01-23 09:03:50', '2026-01-23 09:03:50', NULL, '[{\"left\":0,\"right\":0},{\"left\":1,\"right\":1},{\"left\":2,\"right\":2}]', '{\"leftItems\": [\"Cell\", \"Photosynthesis\", \"Mitochondria\"], \"rightItems\": [\"Basic unit of life\", \"Process of making food\", \"Powerhouse of cell\"], \"correctPairs\": [{\"left\": 0, \"right\": 0}, {\"left\": 1, \"right\": 1}, {\"left\": 2, \"right\": 2}]}', NULL, NULL),
(778, 6, 6, 'Match the mathematical operations with their symbols. <img src=\"http://localhost:5000/api/uploads/images/matching2.jpg\" alt=\"matching2.jpg\" style=\"max-width: 100%; height: auto; border-radius: 0.5rem; margin: 0.5rem 0;\" />', 'Matching', '[]', 2, 180, NULL, 1, '2026-01-23 09:03:50', '2026-01-23 09:03:50', NULL, '[{\"left\":0,\"right\":2},{\"left\":1,\"right\":0},{\"left\":2,\"right\":3},{\"left\":3,\"right\":1}]', '{\"leftItems\": [\"Addition\", \"Subtraction\", \"Multiplication\", \"Division\"], \"rightItems\": [\"+\", \"−\", \"×\", \"÷\"], \"correctPairs\": [{\"left\": 0, \"right\": 2}, {\"left\": 1, \"right\": 0}, {\"left\": 2, \"right\": 3}, {\"left\": 3, \"right\": 1}]}', NULL, NULL),
(779, 7, 6, 'Match the words with their synonyms. <img src=\"http://localhost:5000/api/uploads/images/matching3.png\" alt=\"matching3.png\" style=\"max-width: 100%; height: auto; border-radius: 0.5rem; margin: 0.5rem 0;\" />', 'Matching', '[]', 3, 190, NULL, 1, '2026-01-23 09:03:50', '2026-01-23 09:03:50', NULL, '[{\"left\":0,\"right\":3},{\"left\":1,\"right\":1},{\"left\":2,\"right\":2},{\"left\":3,\"right\":0}]', '{\"leftItems\": [\"Happy\", \"Big\", \"Smart\", \"Small\"], \"rightItems\": [\"Tiny\", \"Large\", \"Intelligent\", \"Joyful\"], \"correctPairs\": [{\"left\": 0, \"right\": 3}, {\"left\": 1, \"right\": 1}, {\"left\": 2, \"right\": 2}, {\"left\": 3, \"right\": 0}]}', NULL, NULL),
(780, 6, 6, 'Match the mathematical operations with their symbols. <img src=\"http://localhost:5000/api/uploads/images/matching2.jpg\" alt=\"matching2.jpg\" style=\"max-width: 100%; height: auto; border-radius: 0.5rem; margin: 0.5rem 0;\" />', 'Matching', '[]', 1, 180, NULL, 1, '2026-01-23 09:07:21', '2026-01-23 09:07:21', NULL, '[{\"left\":0,\"right\":1},{\"left\":1,\"right\":3},{\"left\":2,\"right\":0},{\"left\":3,\"right\":2}]', '{\"leftItems\": [\"Addition\", \"Subtraction\", \"Multiplication\", \"Division\"], \"rightItems\": [\"×\", \"+\", \"÷\", \"-\"], \"correctPairs\": [{\"left\": 0, \"right\": 1}, {\"left\": 1, \"right\": 3}, {\"left\": 2, \"right\": 0}, {\"left\": 3, \"right\": 2}]}', NULL, NULL),
(781, 7, 6, 'Match the words with their synonyms. <img src=\"http://localhost:5000/api/uploads/images/matching3.png\" alt=\"matching3.png\" style=\"max-width: 100%; height: auto; border-radius: 0.5rem; margin: 0.5rem 0;\" />', 'Matching', '[]', 3, 190, NULL, 1, '2026-01-23 09:07:21', '2026-01-23 09:07:21', NULL, '[{\"left\":0,\"right\":3},{\"left\":1,\"right\":1},{\"left\":2,\"right\":2},{\"left\":3,\"right\":0}]', '{\"leftItems\": [\"Happy\", \"Big\", \"Smart\", \"Small\"], \"rightItems\": [\"Tiny\", \"Large\", \"Intelligent\", \"Joyful\"], \"correctPairs\": [{\"left\": 0, \"right\": 3}, {\"left\": 1, \"right\": 1}, {\"left\": 2, \"right\": 2}, {\"left\": 3, \"right\": 0}]}', NULL, NULL),
(782, 3, 1, 'Explain the process of photosynthesis in your own words.', 'ShortAnswer', '[]', 0, 200, 3, 1, '2026-01-23 09:08:11', '2026-01-23 09:08:11', NULL, NULL, '{\"maxWords\": 100, \"description\": \"Provide a brief explanation (100 words or less)\"}', NULL, NULL),
(783, 6, 1, '<p>Describe how you would solve the equation 2x + 6 = 15.</p>', 'ShortAnswer', '[]', 0, 180, 2, 1, '2026-01-23 09:08:11', '2026-01-23 12:14:41', NULL, NULL, '{\"maxWords\": 100, \"description\": \"Show your step-by-step reasoning\"}', NULL, NULL),
(784, 4, 1, 'What is the difference between RAM and ROM?', 'ShortAnswer', '[]', 0, 220, 2, 1, '2026-01-23 09:08:11', '2026-01-23 09:08:11', NULL, NULL, '{\"maxWords\": 100, \"description\": \"Explain in 2-3 sentences\"}', NULL, NULL),
(785, 3, 6, 'Explain the process of photosynthesis in your own words. <img src=\"http://localhost:5000/api/uploads/images/shortanswer1.png\" alt=\"shortanswer1.png\" style=\"max-width: 100%; height: auto; border-radius: 0.5rem; margin: 0.5rem 0;\" />', 'ShortAnswer', '[]', 0, 200, 3, 1, '2026-01-23 09:13:31', '2026-01-23 09:13:31', NULL, NULL, '{\"maxWords\": 100, \"description\": \"Provide a brief explanation (100 words or less)\"}', NULL, NULL),
(786, 6, 6, 'Describe how you would solve the equation 2x + 5 = 15. <img src=\"http://localhost:5000/api/uploads/images/shortanswer2.jpg\" alt=\"shortanswer2.jpg\" style=\"max-width: 100%; height: auto; border-radius: 0.5rem; margin: 0.5rem 0;\" />', 'ShortAnswer', '[]', 0, 180, 2, 1, '2026-01-23 09:13:31', '2026-01-23 09:13:31', NULL, NULL, '{\"maxWords\": 100, \"description\": \"Show your step-by-step reasoning\"}', NULL, NULL),
(787, 3, 6, 'What is the difference between RAM and ROM? <img src=\"http://localhost:5000/api/uploads/images/shortanswer3.png\" alt=\"shortanswer3.png\" style=\"max-width: 100%; height: auto; border-radius: 0.5rem; margin: 0.5rem 0;\" />', 'ShortAnswer', '[]', 0, 220, 2, 1, '2026-01-23 09:13:31', '2026-01-23 09:13:31', NULL, NULL, '{\"maxWords\": 100, \"description\": \"Explain in 2-3 sentences\"}', NULL, NULL),
(788, 3, 6, 'What are the three states of matter? Give an example of each. <img src=\"http://localhost:5000/api/uploads/images/shortanswer4.png\" alt=\"shortanswer4.png\" style=\"max-width: 100%; height: auto; border-radius: 0.5rem; margin: 0.5rem 0;\" />', 'ShortAnswer', '[]', 0, 190, 1, 1, '2026-01-23 09:13:31', '2026-01-23 09:13:31', NULL, NULL, '{\"maxWords\": 100, \"description\": \"Provide examples for each state\"}', NULL, NULL),
(789, 3, 6, 'The Earth revolves around the Sun. <img src=\"http://localhost:5000/api/uploads/images/truefalse1.png\" alt=\"truefalse1.png\" style=\"max-width: 100%; height: auto; border-radius: 0.5rem; margin: 0.5rem 0;\" />', 'TrueFalse', '[\"True\", \"False\"]', 0, 200, 1, 1, '2026-01-23 13:16:56', '2026-01-23 13:16:56', NULL, 'true', NULL, 'NGSS', 'Solar system and planetary motion'),
(790, 6, 6, '2 + 2 equals 5. <img src=\"http://localhost:5000/api/uploads/images/truefalse2.jpg\" alt=\"truefalse2.jpg\" style=\"max-width: 100%; height: auto; border-radius: 0.5rem; margin: 0.5rem 0;\" />', 'TrueFalse', '[\"True\", \"False\"]', 1, 180, 1, 1, '2026-01-23 13:16:56', '2026-01-23 13:16:56', NULL, 'false', NULL, 'CGSA', 'Basic arithmetic facts'),
(791, 3, 6, 'Water boils at 100 degrees Celsius at sea level. <img src=\"http://localhost:5000/api/uploads/images/truefalse3.png\" alt=\"truefalse3.png\" style=\"max-width: 100%; height: auto; border-radius: 0.5rem; margin: 0.5rem 0;\" />', 'TrueFalse', '[\"True\", \"False\"]', 0, 190, 1, 1, '2026-01-23 13:16:56', '2026-01-23 13:16:56', NULL, 'true', NULL, 'NGSS', 'Physical properties and temperature');

-- --------------------------------------------------------

--
-- Table structure for table `questions_competencies`
--

DROP TABLE IF EXISTS `questions_competencies`;
CREATE TABLE IF NOT EXISTS `questions_competencies` (
  `id` int NOT NULL AUTO_INCREMENT,
  `question_id` int NOT NULL,
  `competency_id` int NOT NULL,
  `weight` decimal(3,2) DEFAULT '1.00' COMMENT 'Weight of this competency for this question (default 1.0)',
  `created_at` timestamp NULL DEFAULT CURRENT_TIMESTAMP,
  PRIMARY KEY (`id`),
  UNIQUE KEY `question_competency_unique` (`question_id`,`competency_id`),
  KEY `idx_questions_competencies_question` (`question_id`),
  KEY `idx_questions_competencies_competency` (`competency_id`),
  KEY `idx_questions_competencies_weight` (`weight`)
) ENGINE=MyISAM AUTO_INCREMENT=1316 DEFAULT CHARSET=utf8mb4 COLLATE=utf8mb4_general_ci;

--
-- Dumping data for table `questions_competencies`
--

INSERT INTO `questions_competencies` (`id`, `question_id`, `competency_id`, `weight`, `created_at`) VALUES
(1, 122, 1, 9.99, '2025-08-30 09:11:11'),
(2, 122, 2, 9.99, '2025-08-30 09:11:11'),
(3, 123, 2, 9.99, '2025-08-30 09:11:11'),
(4, 123, 3, 9.99, '2025-08-30 09:11:11'),
(5, 124, 1, 9.99, '2025-08-30 09:11:11'),
(6, 124, 4, 9.99, '2025-08-30 09:11:11'),
(7, 125, 1, 9.99, '2025-08-30 09:11:11'),
(8, 125, 2, 9.99, '2025-08-30 09:11:11'),
(9, 126, 1, 9.99, '2025-08-30 09:11:11'),
(10, 126, 3, 9.99, '2025-08-30 09:11:11'),
(11, 127, 2, 9.99, '2025-08-30 09:11:11'),
(12, 127, 3, 9.99, '2025-08-30 09:11:11'),
(13, 128, 1, 9.99, '2025-08-30 09:11:11'),
(14, 128, 4, 9.99, '2025-08-30 09:11:11'),
(15, 129, 2, 9.99, '2025-08-30 09:11:11'),
(16, 129, 4, 9.99, '2025-08-30 09:11:11'),
(17, 130, 2, 9.99, '2025-08-30 09:11:11'),
(18, 130, 3, 9.99, '2025-08-30 09:11:11'),
(19, 131, 1, 9.99, '2025-08-30 09:11:11'),
(20, 131, 2, 9.99, '2025-08-30 09:11:11'),
(21, 132, 1, 9.99, '2025-08-30 09:11:11'),
(22, 132, 3, 9.99, '2025-08-30 09:11:11'),
(23, 133, 2, 9.99, '2025-08-30 09:11:11'),
(24, 133, 3, 9.99, '2025-08-30 09:11:11'),
(25, 134, 1, 9.99, '2025-08-30 09:11:11'),
(26, 134, 4, 9.99, '2025-08-30 09:11:11'),
(27, 135, 2, 9.99, '2025-08-30 09:11:11'),
(28, 135, 4, 9.99, '2025-08-30 09:11:11'),
(29, 136, 1, 9.99, '2025-08-30 09:11:11'),
(30, 136, 2, 9.99, '2025-08-30 09:11:11'),
(31, 137, 1, 9.99, '2025-08-30 09:11:11'),
(32, 137, 4, 9.99, '2025-08-30 09:11:11'),
(33, 138, 2, 9.99, '2025-08-30 09:11:11'),
(34, 138, 3, 9.99, '2025-08-30 09:11:11'),
(35, 139, 1, 9.99, '2025-08-30 09:11:11'),
(36, 139, 2, 9.99, '2025-08-30 09:11:11'),
(37, 140, 1, 9.99, '2025-08-30 09:11:11'),
(38, 140, 3, 9.99, '2025-08-30 09:11:11'),
(39, 141, 2, 9.99, '2025-08-30 09:11:11'),
(40, 141, 3, 9.99, '2025-08-30 09:11:11'),
(41, 142, 1, 9.99, '2025-08-30 09:11:11'),
(42, 142, 4, 9.99, '2025-08-30 09:11:11'),
(43, 143, 2, 9.99, '2025-08-30 09:11:11'),
(44, 143, 4, 9.99, '2025-08-30 09:11:11'),
(45, 144, 1, 9.99, '2025-08-30 09:11:11'),
(46, 144, 2, 9.99, '2025-08-30 09:11:11'),
(47, 145, 2, 9.99, '2025-08-30 09:11:11'),
(48, 145, 3, 9.99, '2025-08-30 09:11:11'),
(49, 146, 1, 9.99, '2025-08-30 09:11:11'),
(50, 146, 4, 9.99, '2025-08-30 09:11:11'),
(51, 147, 2, 9.99, '2025-08-30 09:11:11'),
(52, 147, 4, 9.99, '2025-08-30 09:11:11'),
(53, 148, 1, 9.99, '2025-08-30 09:11:11'),
(54, 148, 2, 9.99, '2025-08-30 09:11:11'),
(55, 149, 2, 9.99, '2025-08-30 09:11:11'),
(56, 149, 3, 9.99, '2025-08-30 09:11:11'),
(57, 150, 1, 9.99, '2025-08-30 09:11:11'),
(58, 150, 4, 9.99, '2025-08-30 09:11:11'),
(59, 151, 2, 9.99, '2025-08-30 09:11:11'),
(60, 151, 4, 9.99, '2025-08-30 09:11:11'),
(61, 152, 1, 9.99, '2025-08-30 09:11:11'),
(62, 152, 2, 9.99, '2025-08-30 09:11:11'),
(63, 153, 1, 9.99, '2025-08-30 09:11:11'),
(64, 153, 4, 9.99, '2025-08-30 09:11:11'),
(65, 154, 2, 9.99, '2025-08-30 09:11:11'),
(66, 154, 3, 9.99, '2025-08-30 09:11:11'),
(67, 155, 1, 9.99, '2025-08-30 09:11:11'),
(68, 155, 2, 9.99, '2025-08-30 09:11:11'),
(69, 156, 1, 9.99, '2025-08-30 09:11:11'),
(70, 156, 3, 9.99, '2025-08-30 09:11:11'),
(71, 157, 2, 9.99, '2025-08-30 09:11:11'),
(72, 157, 3, 9.99, '2025-08-30 09:11:11'),
(73, 158, 1, 9.99, '2025-08-30 09:11:11'),
(74, 158, 4, 9.99, '2025-08-30 09:11:11'),
(75, 159, 2, 9.99, '2025-08-30 09:11:11'),
(76, 159, 4, 9.99, '2025-08-30 09:11:11'),
(77, 160, 1, 9.99, '2025-08-30 09:11:11'),
(78, 160, 2, 9.99, '2025-08-30 09:11:11'),
(79, 161, 2, 9.99, '2025-08-30 09:11:11'),
(80, 161, 3, 9.99, '2025-08-30 09:11:11'),
(81, 162, 1, 9.99, '2025-08-30 09:11:11'),
(82, 162, 4, 9.99, '2025-08-30 09:11:11'),
(83, 163, 2, 9.99, '2025-08-30 09:11:11'),
(84, 163, 4, 9.99, '2025-08-30 09:11:11'),
(85, 164, 1, 9.99, '2025-08-30 09:11:11'),
(86, 164, 2, 9.99, '2025-08-30 09:11:11'),
(87, 165, 2, 9.99, '2025-08-30 09:11:11'),
(88, 165, 3, 9.99, '2025-08-30 09:11:11'),
(89, 166, 1, 9.99, '2025-08-30 09:11:11'),
(90, 166, 4, 9.99, '2025-08-30 09:11:11'),
(91, 167, 2, 9.99, '2025-08-30 09:11:11'),
(92, 167, 4, 9.99, '2025-08-30 09:11:11'),
(93, 168, 1, 9.99, '2025-08-30 09:11:11'),
(94, 168, 2, 9.99, '2025-08-30 09:11:11'),
(95, 169, 1, 9.99, '2025-08-30 09:11:11'),
(96, 169, 4, 9.99, '2025-08-30 09:11:11'),
(97, 170, 2, 9.99, '2025-08-30 09:11:11'),
(98, 170, 3, 9.99, '2025-08-30 09:11:11'),
(99, 171, 1, 9.99, '2025-08-30 09:11:11'),
(100, 171, 2, 9.99, '2025-08-30 09:11:11'),
(101, 172, 1, 9.99, '2025-08-30 09:11:11'),
(102, 172, 3, 9.99, '2025-08-30 09:11:11'),
(103, 173, 2, 9.99, '2025-08-30 09:11:11'),
(104, 173, 3, 9.99, '2025-08-30 09:11:11'),
(105, 174, 1, 9.99, '2025-08-30 09:11:11'),
(106, 174, 4, 9.99, '2025-08-30 09:11:11'),
(107, 175, 2, 9.99, '2025-08-30 09:11:11'),
(108, 175, 4, 9.99, '2025-08-30 09:11:11'),
(109, 176, 1, 9.99, '2025-08-30 09:11:11'),
(110, 176, 2, 9.99, '2025-08-30 09:11:11'),
(111, 177, 2, 9.99, '2025-08-30 09:11:11'),
(112, 177, 3, 9.99, '2025-08-30 09:11:11'),
(113, 178, 1, 9.99, '2025-08-30 09:11:11'),
(114, 178, 4, 9.99, '2025-08-30 09:11:11'),
(115, 179, 2, 9.99, '2025-08-30 09:11:11'),
(116, 179, 4, 9.99, '2025-08-30 09:11:11'),
(117, 180, 1, 9.99, '2025-08-30 09:11:11'),
(118, 180, 2, 9.99, '2025-08-30 09:11:11'),
(119, 181, 2, 9.99, '2025-08-30 09:11:11'),
(120, 181, 3, 9.99, '2025-08-30 09:11:11'),
(121, 182, 1, 9.99, '2025-08-30 09:11:11'),
(122, 182, 4, 9.99, '2025-08-30 09:11:11'),
(123, 183, 2, 9.99, '2025-08-30 09:11:11'),
(124, 183, 4, 9.99, '2025-08-30 09:11:11'),
(125, 184, 1, 9.99, '2025-08-30 09:11:11'),
(126, 184, 2, 9.99, '2025-08-30 09:11:11'),
(127, 185, 1, 9.99, '2025-08-30 09:11:11'),
(128, 185, 4, 9.99, '2025-08-30 09:11:11'),
(129, 186, 2, 9.99, '2025-08-30 09:11:11'),
(130, 186, 3, 9.99, '2025-08-30 09:11:11'),
(131, 187, 1, 9.99, '2025-08-30 09:11:11'),
(132, 187, 2, 9.99, '2025-08-30 09:11:11'),
(133, 188, 1, 9.99, '2025-08-30 09:11:11'),
(134, 188, 3, 9.99, '2025-08-30 09:11:11'),
(135, 189, 2, 9.99, '2025-08-30 09:11:11'),
(136, 189, 3, 9.99, '2025-08-30 09:11:11'),
(137, 190, 1, 9.99, '2025-08-30 09:11:11'),
(138, 190, 4, 9.99, '2025-08-30 09:11:11'),
(139, 191, 2, 9.99, '2025-08-30 09:11:11'),
(140, 191, 4, 9.99, '2025-08-30 09:11:11'),
(141, 192, 1, 9.99, '2025-08-30 09:11:11'),
(142, 192, 2, 9.99, '2025-08-30 09:11:11'),
(143, 193, 2, 9.99, '2025-08-30 09:11:11'),
(144, 193, 3, 9.99, '2025-08-30 09:11:11'),
(145, 194, 1, 9.99, '2025-08-30 09:11:11'),
(146, 194, 4, 9.99, '2025-08-30 09:11:11'),
(147, 195, 2, 9.99, '2025-08-30 09:11:11'),
(148, 195, 4, 9.99, '2025-08-30 09:11:11'),
(149, 196, 1, 9.99, '2025-08-30 09:11:11'),
(150, 196, 2, 9.99, '2025-08-30 09:11:11'),
(151, 197, 2, 9.99, '2025-08-30 09:11:11'),
(152, 197, 3, 9.99, '2025-08-30 09:11:11'),
(153, 198, 1, 9.99, '2025-08-30 09:11:11'),
(154, 198, 4, 9.99, '2025-08-30 09:11:11'),
(155, 199, 2, 9.99, '2025-08-30 09:11:11'),
(156, 199, 4, 9.99, '2025-08-30 09:11:11'),
(157, 200, 1, 9.99, '2025-08-30 09:11:11'),
(158, 200, 2, 9.99, '2025-08-30 09:11:11'),
(159, 201, 1, 9.99, '2025-08-30 09:11:11'),
(160, 201, 4, 9.99, '2025-08-30 09:11:11'),
(161, 202, 2, 9.99, '2025-08-30 09:11:11'),
(162, 202, 3, 9.99, '2025-08-30 09:11:11'),
(163, 203, 1, 9.99, '2025-08-30 09:11:11'),
(164, 203, 2, 9.99, '2025-08-30 09:11:11'),
(165, 204, 1, 9.99, '2025-08-30 09:11:11'),
(166, 204, 3, 9.99, '2025-08-30 09:11:11'),
(167, 205, 2, 9.99, '2025-08-30 09:11:11'),
(168, 205, 3, 9.99, '2025-08-30 09:11:11'),
(169, 206, 1, 9.99, '2025-08-30 09:11:11'),
(170, 206, 4, 9.99, '2025-08-30 09:11:11'),
(171, 207, 2, 9.99, '2025-08-30 09:11:11'),
(172, 207, 4, 9.99, '2025-08-30 09:11:11'),
(173, 208, 1, 9.99, '2025-08-30 09:11:11'),
(174, 208, 2, 9.99, '2025-08-30 09:11:11'),
(175, 209, 2, 9.99, '2025-08-30 09:11:11'),
(176, 209, 3, 9.99, '2025-08-30 09:11:11'),
(177, 210, 1, 9.99, '2025-08-30 09:11:11'),
(178, 210, 4, 9.99, '2025-08-30 09:11:11'),
(179, 211, 2, 9.99, '2025-08-30 09:11:11'),
(180, 211, 4, 9.99, '2025-08-30 09:11:11'),
(181, 212, 1, 9.99, '2025-08-30 09:11:11'),
(182, 212, 2, 9.99, '2025-08-30 09:11:11'),
(183, 213, 2, 9.99, '2025-08-30 09:11:11'),
(184, 213, 3, 9.99, '2025-08-30 09:11:11'),
(185, 214, 1, 9.99, '2025-08-30 09:11:11'),
(186, 214, 4, 9.99, '2025-08-30 09:11:11'),
(187, 215, 2, 9.99, '2025-08-30 09:11:11'),
(188, 215, 4, 9.99, '2025-08-30 09:11:11'),
(189, 216, 1, 9.99, '2025-08-30 09:11:11'),
(190, 216, 2, 9.99, '2025-08-30 09:11:11'),
(191, 217, 1, 9.99, '2025-08-30 09:11:11'),
(192, 217, 4, 9.99, '2025-08-30 09:11:11'),
(193, 218, 2, 9.99, '2025-08-30 09:11:11'),
(194, 218, 3, 9.99, '2025-08-30 09:11:11'),
(195, 219, 1, 9.99, '2025-08-30 09:11:11'),
(196, 219, 2, 9.99, '2025-08-30 09:11:11'),
(197, 220, 1, 9.99, '2025-08-30 09:11:11'),
(198, 220, 3, 9.99, '2025-08-30 09:11:11'),
(199, 221, 2, 9.99, '2025-08-30 09:11:11'),
(200, 221, 3, 9.99, '2025-08-30 09:11:11'),
(201, 222, 1, 9.99, '2025-08-30 09:11:11'),
(202, 222, 4, 9.99, '2025-08-30 09:11:11'),
(203, 223, 2, 9.99, '2025-08-30 09:11:11'),
(204, 223, 4, 9.99, '2025-08-30 09:11:11'),
(205, 224, 1, 9.99, '2025-08-30 09:11:11'),
(206, 224, 2, 9.99, '2025-08-30 09:11:11'),
(207, 225, 2, 9.99, '2025-08-30 09:11:11'),
(208, 225, 3, 9.99, '2025-08-30 09:11:11'),
(209, 226, 1, 9.99, '2025-08-30 09:11:11'),
(210, 226, 4, 9.99, '2025-08-30 09:11:11'),
(211, 227, 2, 9.99, '2025-08-30 09:11:11'),
(212, 227, 4, 9.99, '2025-08-30 09:11:11'),
(213, 228, 1, 9.99, '2025-08-30 09:11:11'),
(214, 228, 2, 9.99, '2025-08-30 09:11:11'),
(215, 229, 2, 9.99, '2025-08-30 09:11:11'),
(216, 229, 3, 9.99, '2025-08-30 09:11:11'),
(217, 230, 1, 9.99, '2025-08-30 09:11:11'),
(218, 230, 4, 9.99, '2025-08-30 09:11:11'),
(219, 231, 2, 9.99, '2025-08-30 09:11:11'),
(220, 231, 4, 9.99, '2025-08-30 09:11:11'),
(221, 232, 1, 9.99, '2025-08-30 09:11:11'),
(222, 232, 2, 9.99, '2025-08-30 09:11:11'),
(223, 233, 1, 9.99, '2025-08-30 09:11:11'),
(224, 233, 4, 9.99, '2025-08-30 09:11:11'),
(225, 234, 2, 9.99, '2025-08-30 09:11:11'),
(226, 234, 3, 9.99, '2025-08-30 09:11:11'),
(227, 235, 1, 9.99, '2025-08-30 10:32:55'),
(228, 235, 2, 9.99, '2025-08-30 10:32:55'),
(229, 236, 1, 9.99, '2025-08-30 10:32:55'),
(230, 236, 3, 9.99, '2025-08-30 10:32:55'),
(231, 237, 1, 9.99, '2025-08-30 10:32:55'),
(232, 237, 4, 9.99, '2025-08-30 10:32:55'),
(233, 238, 1, 9.99, '2025-08-30 10:32:55'),
(234, 238, 2, 9.99, '2025-08-30 10:32:55'),
(235, 239, 2, 9.99, '2025-08-30 10:32:55'),
(236, 239, 3, 9.99, '2025-08-30 10:32:55'),
(237, 240, 1, 9.99, '2025-08-30 10:32:55'),
(238, 240, 4, 9.99, '2025-08-30 10:32:55'),
(239, 241, 1, 9.99, '2025-08-30 10:32:55'),
(240, 241, 2, 9.99, '2025-08-30 10:32:55'),
(241, 242, 2, 9.99, '2025-08-30 10:32:55'),
(242, 242, 3, 9.99, '2025-08-30 10:32:55'),
(243, 243, 1, 9.99, '2025-08-30 10:32:55'),
(244, 243, 4, 9.99, '2025-08-30 10:32:55'),
(245, 244, 1, 9.99, '2025-08-30 10:32:55'),
(246, 244, 2, 9.99, '2025-08-30 10:32:55'),
(247, 245, 2, 9.99, '2025-08-30 10:32:55'),
(248, 245, 3, 9.99, '2025-08-30 10:32:55'),
(249, 246, 1, 9.99, '2025-08-30 10:32:55'),
(250, 246, 4, 9.99, '2025-08-30 10:32:55'),
(251, 247, 1, 9.99, '2025-08-30 10:32:55'),
(252, 247, 2, 9.99, '2025-08-30 10:32:55'),
(253, 248, 2, 9.99, '2025-08-30 10:32:55'),
(254, 248, 3, 9.99, '2025-08-30 10:32:55'),
(255, 249, 1, 9.99, '2025-08-30 10:32:55'),
(256, 249, 4, 9.99, '2025-08-30 10:32:55'),
(257, 250, 1, 9.99, '2025-08-30 10:32:55'),
(258, 250, 2, 9.99, '2025-08-30 10:32:55'),
(259, 251, 2, 9.99, '2025-08-30 10:32:55'),
(260, 251, 3, 9.99, '2025-08-30 10:32:55'),
(261, 252, 1, 9.99, '2025-08-30 10:32:55'),
(262, 252, 4, 9.99, '2025-08-30 10:32:55'),
(263, 253, 1, 9.99, '2025-08-30 10:32:55'),
(264, 253, 2, 9.99, '2025-08-30 10:32:55'),
(265, 254, 2, 9.99, '2025-08-30 10:32:55'),
(266, 254, 3, 9.99, '2025-08-30 10:32:55'),
(267, 255, 1, 9.99, '2025-08-30 10:32:55'),
(268, 255, 4, 9.99, '2025-08-30 10:32:55'),
(269, 256, 1, 9.99, '2025-08-30 10:32:55'),
(270, 256, 2, 9.99, '2025-08-30 10:32:55'),
(271, 257, 1, 9.99, '2025-08-30 10:32:55'),
(272, 257, 3, 9.99, '2025-08-30 10:32:55'),
(273, 258, 1, 9.99, '2025-08-30 10:32:55'),
(274, 258, 4, 9.99, '2025-08-30 10:32:55'),
(275, 259, 1, 9.99, '2025-08-30 10:32:55'),
(276, 259, 2, 9.99, '2025-08-30 10:32:55'),
(277, 260, 2, 9.99, '2025-08-30 10:32:55'),
(278, 260, 3, 9.99, '2025-08-30 10:32:55'),
(279, 261, 1, 9.99, '2025-08-30 10:32:55'),
(280, 261, 4, 9.99, '2025-08-30 10:32:55'),
(281, 262, 1, 9.99, '2025-08-30 10:32:55'),
(282, 262, 2, 9.99, '2025-08-30 10:32:55'),
(283, 263, 2, 9.99, '2025-08-30 10:32:55'),
(284, 263, 3, 9.99, '2025-08-30 10:32:55'),
(285, 264, 1, 9.99, '2025-08-30 10:32:55'),
(286, 264, 4, 9.99, '2025-08-30 10:32:55'),
(287, 265, 1, 9.99, '2025-08-30 10:32:55'),
(288, 265, 2, 9.99, '2025-08-30 10:32:55'),
(289, 266, 2, 9.99, '2025-08-30 10:32:55'),
(290, 266, 3, 9.99, '2025-08-30 10:32:55'),
(291, 267, 1, 9.99, '2025-08-30 10:32:55'),
(292, 267, 4, 9.99, '2025-08-30 10:32:55'),
(293, 268, 1, 9.99, '2025-08-30 10:32:55'),
(294, 268, 2, 9.99, '2025-08-30 10:32:55'),
(295, 269, 2, 9.99, '2025-08-30 10:32:55'),
(296, 269, 3, 9.99, '2025-08-30 10:32:55'),
(297, 270, 1, 9.99, '2025-08-30 10:32:55'),
(298, 270, 4, 9.99, '2025-08-30 10:32:55'),
(299, 271, 1, 9.99, '2025-08-30 10:32:55'),
(300, 271, 2, 9.99, '2025-08-30 10:32:55'),
(301, 272, 2, 9.99, '2025-08-30 10:32:55'),
(302, 272, 3, 9.99, '2025-08-30 10:32:55'),
(303, 273, 1, 9.99, '2025-08-30 10:32:55'),
(304, 273, 4, 9.99, '2025-08-30 10:32:55'),
(305, 274, 1, 9.99, '2025-08-30 10:32:55'),
(306, 274, 2, 9.99, '2025-08-30 10:32:55'),
(307, 275, 2, 9.99, '2025-08-30 10:32:55'),
(308, 275, 3, 9.99, '2025-08-30 10:32:55'),
(309, 276, 1, 9.99, '2025-08-30 10:32:55'),
(310, 276, 4, 9.99, '2025-08-30 10:32:55'),
(311, 277, 1, 9.99, '2025-08-30 10:32:55'),
(312, 277, 2, 9.99, '2025-08-30 10:32:55'),
(313, 278, 1, 9.99, '2025-08-30 10:32:55'),
(314, 278, 3, 9.99, '2025-08-30 10:32:55'),
(315, 279, 1, 9.99, '2025-08-30 10:32:55'),
(316, 279, 4, 9.99, '2025-08-30 10:32:55'),
(317, 280, 1, 9.99, '2025-08-30 10:32:55'),
(318, 280, 2, 9.99, '2025-08-30 10:32:55'),
(319, 281, 2, 9.99, '2025-08-30 10:32:55'),
(320, 281, 3, 9.99, '2025-08-30 10:32:55'),
(321, 282, 1, 9.99, '2025-08-30 10:32:55'),
(322, 282, 4, 9.99, '2025-08-30 10:32:55'),
(323, 283, 1, 9.99, '2025-08-30 10:32:55'),
(324, 283, 2, 9.99, '2025-08-30 10:32:55'),
(325, 284, 2, 9.99, '2025-08-30 10:32:55'),
(326, 284, 3, 9.99, '2025-08-30 10:32:55'),
(327, 285, 1, 9.99, '2025-08-30 10:32:55'),
(328, 285, 4, 9.99, '2025-08-30 10:32:55'),
(329, 286, 1, 9.99, '2025-08-30 10:32:55'),
(330, 286, 2, 9.99, '2025-08-30 10:32:55'),
(331, 287, 2, 9.99, '2025-08-30 10:32:55'),
(332, 287, 3, 9.99, '2025-08-30 10:32:55'),
(333, 288, 1, 9.99, '2025-08-30 10:32:55'),
(334, 288, 4, 9.99, '2025-08-30 10:32:55'),
(335, 289, 1, 9.99, '2025-08-30 10:32:55'),
(336, 289, 2, 9.99, '2025-08-30 10:32:55'),
(337, 290, 2, 9.99, '2025-08-30 10:32:55'),
(338, 290, 3, 9.99, '2025-08-30 10:32:55'),
(339, 291, 1, 9.99, '2025-08-30 10:32:55'),
(340, 291, 4, 9.99, '2025-08-30 10:32:55'),
(341, 292, 1, 9.99, '2025-08-30 10:32:55'),
(342, 292, 2, 9.99, '2025-08-30 10:32:55'),
(343, 293, 2, 9.99, '2025-08-30 10:32:55'),
(344, 293, 3, 9.99, '2025-08-30 10:32:55'),
(345, 294, 1, 9.99, '2025-08-30 10:32:55'),
(346, 294, 4, 9.99, '2025-08-30 10:32:55'),
(347, 295, 1, 9.99, '2025-08-30 10:32:55'),
(348, 295, 2, 9.99, '2025-08-30 10:32:55'),
(349, 296, 2, 9.99, '2025-08-30 10:32:55'),
(350, 296, 3, 9.99, '2025-08-30 10:32:55'),
(351, 297, 1, 9.99, '2025-08-30 10:32:55'),
(352, 297, 4, 9.99, '2025-08-30 10:32:55'),
(353, 298, 1, 9.99, '2025-08-30 10:32:55'),
(354, 298, 2, 9.99, '2025-08-30 10:32:55'),
(355, 299, 1, 9.99, '2025-08-30 10:32:55'),
(356, 299, 3, 9.99, '2025-08-30 10:32:55'),
(357, 300, 1, 9.99, '2025-08-30 10:32:55'),
(358, 300, 4, 9.99, '2025-08-30 10:32:55'),
(359, 301, 1, 9.99, '2025-08-30 10:32:55'),
(360, 301, 2, 9.99, '2025-08-30 10:32:55'),
(361, 302, 2, 9.99, '2025-08-30 10:32:55'),
(362, 302, 3, 9.99, '2025-08-30 10:32:55'),
(363, 303, 1, 9.99, '2025-08-30 10:32:55'),
(364, 303, 4, 9.99, '2025-08-30 10:32:55'),
(365, 304, 1, 9.99, '2025-08-30 10:32:55'),
(366, 304, 2, 9.99, '2025-08-30 10:32:55'),
(367, 305, 2, 9.99, '2025-08-30 10:32:55'),
(368, 305, 3, 9.99, '2025-08-30 10:32:55'),
(369, 306, 1, 9.99, '2025-08-30 10:32:55'),
(370, 306, 4, 9.99, '2025-08-30 10:32:55'),
(371, 307, 1, 9.99, '2025-08-30 10:32:55'),
(372, 307, 2, 9.99, '2025-08-30 10:32:55'),
(373, 308, 2, 9.99, '2025-08-30 10:32:55'),
(374, 308, 3, 9.99, '2025-08-30 10:32:55'),
(375, 309, 1, 9.99, '2025-08-30 10:32:55'),
(376, 309, 4, 9.99, '2025-08-30 10:32:55'),
(377, 310, 1, 9.99, '2025-08-30 10:32:55'),
(378, 310, 2, 9.99, '2025-08-30 10:32:55'),
(379, 311, 2, 9.99, '2025-08-30 10:32:55'),
(380, 311, 3, 9.99, '2025-08-30 10:32:55'),
(381, 312, 1, 9.99, '2025-08-30 10:32:55'),
(382, 312, 4, 9.99, '2025-08-30 10:32:55'),
(383, 313, 1, 9.99, '2025-08-30 10:32:55'),
(384, 313, 2, 9.99, '2025-08-30 10:32:55'),
(385, 314, 2, 9.99, '2025-08-30 10:32:55'),
(386, 314, 3, 9.99, '2025-08-30 10:32:55'),
(387, 315, 1, 9.99, '2025-08-30 10:32:55'),
(388, 315, 4, 9.99, '2025-08-30 10:32:55'),
(389, 316, 1, 9.99, '2025-08-30 10:32:55'),
(390, 316, 2, 9.99, '2025-08-30 10:32:55'),
(391, 317, 2, 9.99, '2025-08-30 10:32:55'),
(392, 317, 3, 9.99, '2025-08-30 10:32:55'),
(393, 318, 1, 9.99, '2025-08-30 10:32:55'),
(394, 318, 4, 9.99, '2025-08-30 10:32:55'),
(395, 319, 1, 9.99, '2025-08-30 10:32:55'),
(396, 319, 2, 9.99, '2025-08-30 10:32:55'),
(397, 320, 1, 9.99, '2025-08-30 10:32:55'),
(398, 320, 3, 9.99, '2025-08-30 10:32:55'),
(399, 321, 1, 9.99, '2025-08-30 10:32:55'),
(400, 321, 4, 9.99, '2025-08-30 10:32:55'),
(401, 322, 1, 9.99, '2025-08-30 10:32:55'),
(402, 322, 2, 9.99, '2025-08-30 10:32:55'),
(403, 323, 2, 9.99, '2025-08-30 10:32:55'),
(404, 323, 3, 9.99, '2025-08-30 10:32:55'),
(405, 324, 1, 9.99, '2025-08-30 10:32:55'),
(406, 324, 4, 9.99, '2025-08-30 10:32:55'),
(407, 325, 1, 9.99, '2025-08-30 10:32:55'),
(408, 325, 2, 9.99, '2025-08-30 10:32:55'),
(409, 326, 2, 9.99, '2025-08-30 10:32:55'),
(410, 326, 3, 9.99, '2025-08-30 10:32:55'),
(411, 327, 1, 9.99, '2025-08-30 10:32:55'),
(412, 327, 4, 9.99, '2025-08-30 10:32:55'),
(413, 328, 1, 9.99, '2025-08-30 10:32:55'),
(414, 328, 2, 9.99, '2025-08-30 10:32:55'),
(415, 329, 2, 9.99, '2025-08-30 10:32:55'),
(416, 329, 3, 9.99, '2025-08-30 10:32:55'),
(417, 330, 1, 9.99, '2025-08-30 10:32:55'),
(418, 330, 4, 9.99, '2025-08-30 10:32:55'),
(419, 331, 1, 9.99, '2025-08-30 10:32:55'),
(420, 331, 2, 9.99, '2025-08-30 10:32:55'),
(421, 332, 2, 9.99, '2025-08-30 10:32:55'),
(422, 332, 3, 9.99, '2025-08-30 10:32:55'),
(423, 333, 1, 9.99, '2025-08-30 10:32:55'),
(424, 333, 4, 9.99, '2025-08-30 10:32:55'),
(425, 334, 1, 9.99, '2025-08-30 10:32:55'),
(426, 334, 2, 9.99, '2025-08-30 10:32:55'),
(427, 335, 2, 9.99, '2025-08-30 10:32:55'),
(428, 335, 3, 9.99, '2025-08-30 10:32:55'),
(429, 336, 1, 9.99, '2025-08-30 10:32:55'),
(430, 336, 4, 9.99, '2025-08-30 10:32:55'),
(431, 337, 1, 9.99, '2025-08-30 10:32:55'),
(432, 337, 2, 9.99, '2025-08-30 10:32:55'),
(433, 338, 2, 9.99, '2025-08-30 10:32:55'),
(434, 338, 3, 9.99, '2025-08-30 10:32:55'),
(435, 339, 1, 9.99, '2025-08-30 10:32:55'),
(436, 339, 4, 9.99, '2025-08-30 10:32:55'),
(437, 340, 1, 9.99, '2025-08-30 10:32:55'),
(438, 340, 2, 9.99, '2025-08-30 10:32:55'),
(439, 341, 1, 9.99, '2025-08-30 10:32:55'),
(440, 341, 3, 9.99, '2025-08-30 10:32:55'),
(441, 342, 1, 9.99, '2025-08-30 10:32:55'),
(442, 342, 4, 9.99, '2025-08-30 10:32:55'),
(443, 343, 1, 9.99, '2025-08-30 10:32:55'),
(444, 343, 2, 9.99, '2025-08-30 10:32:55'),
(445, 344, 2, 9.99, '2025-08-30 10:32:55'),
(446, 344, 3, 9.99, '2025-08-30 10:32:55'),
(447, 345, 1, 9.99, '2025-08-30 10:32:55'),
(448, 345, 4, 9.99, '2025-08-30 10:32:55'),
(449, 346, 1, 9.99, '2025-08-30 10:32:55'),
(450, 346, 2, 9.99, '2025-08-30 10:32:55'),
(451, 347, 2, 9.99, '2025-08-30 10:32:55'),
(452, 347, 3, 9.99, '2025-08-30 10:32:55'),
(453, 348, 1, 9.99, '2025-08-30 10:32:55'),
(454, 348, 4, 9.99, '2025-08-30 10:32:55'),
(455, 349, 1, 9.99, '2025-08-30 10:32:55'),
(456, 349, 2, 9.99, '2025-08-30 10:32:55'),
(457, 350, 2, 9.99, '2025-08-30 10:32:55'),
(458, 350, 3, 9.99, '2025-08-30 10:32:55'),
(459, 351, 1, 9.99, '2025-08-30 10:32:55'),
(460, 351, 4, 9.99, '2025-08-30 10:32:55'),
(461, 352, 1, 9.99, '2025-08-30 10:32:55'),
(462, 352, 2, 9.99, '2025-08-30 10:32:55'),
(463, 353, 2, 9.99, '2025-08-30 10:32:55'),
(464, 353, 3, 9.99, '2025-08-30 10:32:55'),
(465, 354, 1, 9.99, '2025-08-30 10:32:55'),
(466, 354, 4, 9.99, '2025-08-30 10:32:55'),
(467, 355, 1, 9.99, '2025-08-30 10:32:55'),
(468, 355, 2, 9.99, '2025-08-30 10:32:55'),
(469, 356, 2, 9.99, '2025-08-30 10:32:55'),
(470, 356, 3, 9.99, '2025-08-30 10:32:55'),
(471, 357, 1, 9.99, '2025-08-30 10:32:55'),
(472, 357, 4, 9.99, '2025-08-30 10:32:55'),
(473, 358, 1, 9.99, '2025-08-30 10:32:55'),
(474, 358, 2, 9.99, '2025-08-30 10:32:55'),
(475, 359, 2, 9.99, '2025-08-30 10:32:55'),
(476, 359, 3, 9.99, '2025-08-30 10:32:55'),
(477, 360, 1, 9.99, '2025-08-30 10:32:55'),
(478, 360, 4, 9.99, '2025-08-30 10:32:55'),
(479, 361, 1, 9.99, '2025-08-30 10:32:55'),
(480, 361, 2, 9.99, '2025-08-30 10:32:55'),
(481, 362, 1, 9.99, '2025-08-30 10:32:55'),
(482, 362, 3, 9.99, '2025-08-30 10:32:55'),
(483, 363, 1, 9.99, '2025-08-30 10:32:55'),
(484, 363, 4, 9.99, '2025-08-30 10:32:55'),
(485, 364, 1, 9.99, '2025-08-30 10:32:55'),
(486, 364, 2, 9.99, '2025-08-30 10:32:55'),
(487, 365, 2, 9.99, '2025-08-30 10:32:55'),
(488, 365, 3, 9.99, '2025-08-30 10:32:55'),
(489, 366, 1, 9.99, '2025-08-30 10:32:55'),
(490, 366, 4, 9.99, '2025-08-30 10:32:55'),
(491, 367, 1, 9.99, '2025-08-30 10:32:55'),
(492, 367, 2, 9.99, '2025-08-30 10:32:55'),
(493, 368, 2, 9.99, '2025-08-30 10:32:55'),
(494, 368, 3, 9.99, '2025-08-30 10:32:55'),
(495, 369, 1, 9.99, '2025-08-30 10:32:55'),
(496, 369, 4, 9.99, '2025-08-30 10:32:55'),
(497, 370, 1, 9.99, '2025-08-30 10:32:55'),
(498, 370, 2, 9.99, '2025-08-30 10:32:55'),
(499, 371, 2, 9.99, '2025-08-30 10:32:55'),
(500, 371, 3, 9.99, '2025-08-30 10:32:55'),
(501, 372, 1, 9.99, '2025-08-30 10:32:55'),
(502, 372, 4, 9.99, '2025-08-30 10:32:55'),
(503, 373, 1, 9.99, '2025-08-30 10:32:55'),
(504, 373, 2, 9.99, '2025-08-30 10:32:55'),
(505, 374, 2, 9.99, '2025-08-30 10:32:55'),
(506, 374, 3, 9.99, '2025-08-30 10:32:55'),
(507, 375, 1, 9.99, '2025-08-30 10:32:55'),
(508, 375, 4, 9.99, '2025-08-30 10:32:55'),
(509, 376, 1, 9.99, '2025-08-30 10:32:55'),
(510, 376, 2, 9.99, '2025-08-30 10:32:55'),
(511, 377, 2, 9.99, '2025-08-30 10:32:55'),
(512, 377, 3, 9.99, '2025-08-30 10:32:55'),
(513, 378, 1, 9.99, '2025-08-30 10:32:55'),
(514, 378, 4, 9.99, '2025-08-30 10:32:55'),
(515, 379, 1, 9.99, '2025-08-30 10:32:55'),
(516, 379, 2, 9.99, '2025-08-30 10:32:55'),
(517, 380, 2, 9.99, '2025-08-30 10:32:55'),
(518, 380, 3, 9.99, '2025-08-30 10:32:55'),
(519, 381, 1, 9.99, '2025-08-30 10:32:55'),
(520, 381, 4, 9.99, '2025-08-30 10:32:55'),
(521, 382, 1, 9.99, '2025-08-30 10:32:55'),
(522, 382, 2, 9.99, '2025-08-30 10:32:55'),
(523, 383, 1, 9.99, '2025-08-30 10:32:55'),
(524, 383, 3, 9.99, '2025-08-30 10:32:55'),
(525, 384, 1, 9.99, '2025-08-30 10:32:55'),
(526, 384, 4, 9.99, '2025-08-30 10:32:55'),
(527, 385, 1, 9.99, '2025-08-30 10:32:55'),
(528, 385, 2, 9.99, '2025-08-30 10:32:55'),
(529, 386, 2, 9.99, '2025-08-30 10:32:55'),
(530, 386, 3, 9.99, '2025-08-30 10:32:55'),
(531, 387, 1, 9.99, '2025-08-30 10:32:55'),
(532, 387, 4, 9.99, '2025-08-30 10:32:55'),
(533, 388, 1, 9.99, '2025-08-30 10:32:55'),
(534, 388, 2, 9.99, '2025-08-30 10:32:55'),
(535, 389, 2, 9.99, '2025-08-30 10:32:55'),
(536, 389, 3, 9.99, '2025-08-30 10:32:55'),
(537, 390, 1, 9.99, '2025-08-30 10:32:55'),
(538, 390, 4, 9.99, '2025-08-30 10:32:55'),
(539, 391, 1, 9.99, '2025-08-30 10:32:55'),
(540, 391, 2, 9.99, '2025-08-30 10:32:55'),
(541, 392, 2, 9.99, '2025-08-30 10:32:55'),
(542, 392, 3, 9.99, '2025-08-30 10:32:55'),
(543, 393, 1, 9.99, '2025-08-30 10:32:55'),
(544, 393, 4, 9.99, '2025-08-30 10:32:55'),
(545, 394, 1, 9.99, '2025-08-30 10:34:12'),
(546, 394, 2, 9.99, '2025-08-30 10:34:12'),
(547, 395, 2, 9.99, '2025-08-30 10:34:12'),
(548, 395, 3, 9.99, '2025-08-30 10:34:12'),
(549, 396, 1, 9.99, '2025-08-30 10:34:12'),
(550, 396, 4, 9.99, '2025-08-30 10:34:12'),
(551, 397, 1, 9.99, '2025-08-30 10:34:12'),
(552, 397, 2, 9.99, '2025-08-30 10:34:12'),
(553, 398, 2, 9.99, '2025-08-30 10:34:12'),
(554, 398, 3, 9.99, '2025-08-30 10:34:12'),
(555, 399, 1, 9.99, '2025-08-30 10:34:12'),
(556, 399, 4, 9.99, '2025-08-30 10:34:12'),
(557, 400, 2, 9.99, '2025-08-30 10:34:12'),
(558, 400, 3, 9.99, '2025-08-30 10:34:12'),
(559, 401, 1, 9.99, '2025-08-30 10:34:12'),
(560, 401, 2, 9.99, '2025-08-30 10:34:12'),
(561, 402, 1, 9.99, '2025-08-30 10:34:12'),
(562, 402, 3, 9.99, '2025-08-30 10:34:12'),
(563, 403, 2, 9.99, '2025-08-30 10:34:12'),
(564, 403, 4, 9.99, '2025-08-30 10:34:12'),
(565, 404, 1, 9.99, '2025-08-30 10:34:12'),
(566, 404, 2, 9.99, '2025-08-30 10:34:12'),
(567, 405, 1, 9.99, '2025-08-30 10:34:12'),
(568, 405, 3, 9.99, '2025-08-30 10:34:12'),
(569, 406, 2, 9.99, '2025-08-30 10:34:12'),
(570, 406, 3, 9.99, '2025-08-30 10:34:12'),
(571, 407, 1, 9.99, '2025-08-30 10:34:12'),
(572, 407, 4, 9.99, '2025-08-30 10:34:12'),
(573, 408, 1, 9.99, '2025-08-30 10:34:12'),
(574, 408, 2, 9.99, '2025-08-30 10:34:12'),
(575, 409, 2, 9.99, '2025-08-30 10:34:12'),
(576, 409, 3, 9.99, '2025-08-30 10:34:12'),
(577, 410, 1, 9.99, '2025-08-30 10:34:12'),
(578, 410, 4, 9.99, '2025-08-30 10:34:12'),
(579, 411, 1, 9.99, '2025-08-30 10:34:12'),
(580, 411, 2, 9.99, '2025-08-30 10:34:12'),
(581, 412, 2, 9.99, '2025-08-30 10:34:12'),
(582, 412, 3, 9.99, '2025-08-30 10:34:12'),
(583, 413, 1, 9.99, '2025-08-30 10:34:12'),
(584, 413, 4, 9.99, '2025-08-30 10:34:12'),
(585, 414, 1, 9.99, '2025-08-30 10:34:12'),
(586, 414, 2, 9.99, '2025-08-30 10:34:12'),
(587, 415, 2, 9.99, '2025-08-30 10:34:12'),
(588, 415, 3, 9.99, '2025-08-30 10:34:12'),
(589, 416, 1, 9.99, '2025-08-30 10:34:12'),
(590, 416, 4, 9.99, '2025-08-30 10:34:12'),
(591, 417, 2, 9.99, '2025-08-30 10:34:12'),
(592, 417, 3, 9.99, '2025-08-30 10:34:12'),
(593, 418, 1, 9.99, '2025-08-30 10:34:12'),
(594, 418, 2, 9.99, '2025-08-30 10:34:12'),
(595, 419, 1, 9.99, '2025-08-30 10:34:12'),
(596, 419, 3, 9.99, '2025-08-30 10:34:12'),
(597, 420, 2, 9.99, '2025-08-30 10:34:12'),
(598, 420, 4, 9.99, '2025-08-30 10:34:12'),
(599, 421, 1, 9.99, '2025-08-30 10:34:12'),
(600, 421, 2, 9.99, '2025-08-30 10:34:12'),
(601, 422, 1, 9.99, '2025-08-30 10:34:12'),
(602, 422, 3, 9.99, '2025-08-30 10:34:12'),
(603, 423, 2, 9.99, '2025-08-30 10:34:12'),
(604, 423, 4, 9.99, '2025-08-30 10:34:12'),
(605, 424, 1, 9.99, '2025-08-30 10:34:12'),
(606, 424, 2, 9.99, '2025-08-30 10:34:12'),
(607, 425, 1, 9.99, '2025-08-30 10:34:12'),
(608, 425, 3, 9.99, '2025-08-30 10:34:12'),
(609, 426, 2, 9.99, '2025-08-30 10:34:12'),
(610, 426, 4, 9.99, '2025-08-30 10:34:12'),
(611, 427, 1, 9.99, '2025-08-30 10:34:12'),
(612, 427, 2, 9.99, '2025-08-30 10:34:12'),
(613, 428, 1, 9.99, '2025-08-30 10:34:12'),
(614, 428, 3, 9.99, '2025-08-30 10:34:12'),
(615, 429, 2, 9.99, '2025-08-30 10:34:12'),
(616, 429, 4, 9.99, '2025-08-30 10:34:12'),
(617, 430, 1, 9.99, '2025-08-30 10:34:12'),
(618, 430, 2, 9.99, '2025-08-30 10:34:12'),
(619, 431, 1, 9.99, '2025-08-30 10:34:12'),
(620, 431, 3, 9.99, '2025-08-30 10:34:12'),
(621, 432, 2, 9.99, '2025-08-30 10:34:12'),
(622, 432, 4, 9.99, '2025-08-30 10:34:12'),
(623, 433, 1, 9.99, '2025-08-30 10:34:12'),
(624, 433, 2, 9.99, '2025-08-30 10:34:12'),
(625, 434, 1, 9.99, '2025-08-30 10:34:12'),
(626, 434, 3, 9.99, '2025-08-30 10:34:12'),
(627, 435, 2, 9.99, '2025-08-30 10:34:12'),
(628, 435, 4, 9.99, '2025-08-30 10:34:12'),
(629, 436, 1, 9.99, '2025-08-30 10:34:12'),
(630, 436, 2, 9.99, '2025-08-30 10:34:12'),
(631, 437, 1, 9.99, '2025-08-30 10:34:12'),
(632, 437, 3, 9.99, '2025-08-30 10:34:12'),
(633, 438, 2, 9.99, '2025-08-30 10:34:12'),
(634, 438, 4, 9.99, '2025-08-30 10:34:12'),
(635, 439, 1, 9.99, '2025-08-30 10:34:12'),
(636, 439, 2, 9.99, '2025-08-30 10:34:12'),
(637, 440, 1, 9.99, '2025-08-30 10:34:12'),
(638, 440, 3, 9.99, '2025-08-30 10:34:12'),
(639, 441, 2, 9.99, '2025-08-30 10:34:12'),
(640, 441, 4, 9.99, '2025-08-30 10:34:12'),
(641, 442, 1, 9.99, '2025-08-30 10:34:12'),
(642, 442, 2, 9.99, '2025-08-30 10:34:12'),
(643, 443, 1, 9.99, '2025-08-30 10:34:12'),
(644, 443, 3, 9.99, '2025-08-30 10:34:12'),
(645, 444, 2, 9.99, '2025-08-30 10:34:12'),
(646, 444, 4, 9.99, '2025-08-30 10:34:12'),
(647, 445, 1, 9.99, '2025-08-30 10:34:12'),
(648, 445, 2, 9.99, '2025-08-30 10:34:12'),
(649, 446, 1, 9.99, '2025-08-30 10:34:12'),
(650, 446, 3, 9.99, '2025-08-30 10:34:12'),
(651, 447, 2, 9.99, '2025-08-30 10:34:12'),
(652, 447, 4, 9.99, '2025-08-30 10:34:12'),
(653, 448, 1, 9.99, '2025-08-30 10:34:12'),
(654, 448, 2, 9.99, '2025-08-30 10:34:12'),
(655, 449, 1, 9.99, '2025-08-30 10:34:12'),
(656, 449, 3, 9.99, '2025-08-30 10:34:12'),
(657, 450, 2, 9.99, '2025-08-30 10:34:12'),
(658, 450, 4, 9.99, '2025-08-30 10:34:12'),
(659, 451, 1, 9.99, '2025-08-30 10:34:12'),
(660, 451, 2, 9.99, '2025-08-30 10:34:12'),
(661, 452, 1, 9.99, '2025-08-30 10:34:12'),
(662, 452, 3, 9.99, '2025-08-30 10:34:12'),
(663, 453, 2, 9.99, '2025-08-30 10:34:12'),
(664, 453, 4, 9.99, '2025-08-30 10:34:12'),
(665, 454, 1, 9.99, '2025-08-30 10:34:12'),
(666, 454, 2, 9.99, '2025-08-30 10:34:12'),
(667, 455, 1, 9.99, '2025-08-30 10:34:12'),
(668, 455, 3, 9.99, '2025-08-30 10:34:12'),
(669, 456, 2, 9.99, '2025-08-30 10:34:12'),
(670, 456, 4, 9.99, '2025-08-30 10:34:12'),
(671, 457, 1, 9.99, '2025-08-30 10:34:12'),
(672, 457, 2, 9.99, '2025-08-30 10:34:12'),
(673, 458, 1, 9.99, '2025-08-30 10:34:12'),
(674, 458, 3, 9.99, '2025-08-30 10:34:12'),
(675, 459, 2, 9.99, '2025-08-30 10:34:12'),
(676, 459, 4, 9.99, '2025-08-30 10:34:12'),
(677, 460, 1, 9.99, '2025-08-30 10:34:12'),
(678, 460, 2, 9.99, '2025-08-30 10:34:12'),
(679, 461, 1, 9.99, '2025-08-30 10:34:12'),
(680, 461, 3, 9.99, '2025-08-30 10:34:12'),
(681, 462, 2, 9.99, '2025-08-30 10:34:12'),
(682, 462, 4, 9.99, '2025-08-30 10:34:12'),
(683, 463, 1, 9.99, '2025-08-30 10:34:12'),
(684, 463, 2, 9.99, '2025-08-30 10:34:12'),
(685, 464, 1, 9.99, '2025-08-30 10:34:12'),
(686, 464, 3, 9.99, '2025-08-30 10:34:12'),
(687, 465, 2, 9.99, '2025-08-30 10:34:12'),
(688, 465, 4, 9.99, '2025-08-30 10:34:12'),
(689, 466, 1, 9.99, '2025-08-30 10:34:12'),
(690, 466, 2, 9.99, '2025-08-30 10:34:12'),
(691, 467, 1, 9.99, '2025-08-30 10:34:12'),
(692, 467, 3, 9.99, '2025-08-30 10:34:12'),
(693, 468, 2, 9.99, '2025-08-30 10:34:12'),
(694, 468, 4, 9.99, '2025-08-30 10:34:12'),
(695, 469, 1, 9.99, '2025-08-30 10:34:12'),
(696, 469, 2, 9.99, '2025-08-30 10:34:12'),
(697, 470, 1, 9.99, '2025-08-30 10:34:12'),
(698, 470, 3, 9.99, '2025-08-30 10:34:12'),
(699, 471, 2, 9.99, '2025-08-30 10:34:12'),
(700, 471, 4, 9.99, '2025-08-30 10:34:12'),
(701, 472, 1, 9.99, '2025-08-30 10:34:12'),
(702, 472, 2, 9.99, '2025-08-30 10:34:12'),
(703, 473, 1, 9.99, '2025-08-30 10:34:12'),
(704, 473, 3, 9.99, '2025-08-30 10:34:12'),
(705, 474, 2, 9.99, '2025-08-30 10:34:12'),
(706, 474, 4, 9.99, '2025-08-30 10:34:12'),
(707, 475, 1, 9.99, '2025-08-30 10:34:12'),
(708, 475, 2, 9.99, '2025-08-30 10:34:12'),
(709, 476, 1, 9.99, '2025-08-30 10:34:12'),
(710, 476, 3, 9.99, '2025-08-30 10:34:12'),
(711, 477, 2, 9.99, '2025-08-30 10:34:12'),
(712, 477, 4, 9.99, '2025-08-30 10:34:12'),
(713, 478, 1, 9.99, '2025-08-30 10:34:12'),
(714, 478, 2, 9.99, '2025-08-30 10:34:12'),
(715, 479, 1, 9.99, '2025-08-30 10:34:12'),
(716, 479, 3, 9.99, '2025-08-30 10:34:12'),
(717, 480, 2, 9.99, '2025-08-30 10:34:12'),
(718, 480, 4, 9.99, '2025-08-30 10:34:12'),
(719, 481, 1, 9.99, '2025-08-30 10:34:12'),
(720, 481, 2, 9.99, '2025-08-30 10:34:12'),
(721, 482, 1, 9.99, '2025-08-30 10:34:12'),
(722, 482, 3, 9.99, '2025-08-30 10:34:12'),
(723, 483, 2, 9.99, '2025-08-30 10:34:12'),
(724, 483, 4, 9.99, '2025-08-30 10:34:12'),
(725, 484, 1, 9.99, '2025-08-30 10:34:12'),
(726, 484, 2, 9.99, '2025-08-30 10:34:12'),
(727, 485, 1, 9.99, '2025-08-30 10:34:12'),
(728, 485, 3, 9.99, '2025-08-30 10:34:12'),
(729, 486, 2, 9.99, '2025-08-30 10:34:12'),
(730, 486, 4, 9.99, '2025-08-30 10:34:12'),
(731, 487, 1, 9.99, '2025-08-30 10:34:12'),
(732, 487, 2, 9.99, '2025-08-30 10:34:12'),
(733, 488, 1, 9.99, '2025-08-30 10:34:12'),
(734, 488, 3, 9.99, '2025-08-30 10:34:12'),
(735, 489, 2, 9.99, '2025-08-30 10:34:12'),
(736, 489, 4, 9.99, '2025-08-30 10:34:12'),
(737, 490, 1, 9.99, '2025-08-30 10:34:12'),
(738, 490, 2, 9.99, '2025-08-30 10:34:12'),
(739, 491, 1, 9.99, '2025-08-30 10:34:12'),
(740, 491, 3, 9.99, '2025-08-30 10:34:12'),
(741, 492, 2, 9.99, '2025-08-30 10:34:12'),
(742, 492, 4, 9.99, '2025-08-30 10:34:12'),
(743, 493, 1, 9.99, '2025-08-30 10:34:12'),
(744, 493, 2, 9.99, '2025-08-30 10:34:12'),
(745, 494, 1, 9.99, '2025-08-30 10:34:12'),
(746, 494, 3, 9.99, '2025-08-30 10:34:12'),
(747, 495, 2, 9.99, '2025-08-30 10:34:12'),
(748, 495, 4, 9.99, '2025-08-30 10:34:12'),
(749, 496, 1, 9.99, '2025-08-30 10:34:12'),
(750, 496, 2, 9.99, '2025-08-30 10:34:12'),
(751, 497, 1, 9.99, '2025-08-30 10:34:12'),
(752, 497, 3, 9.99, '2025-08-30 10:34:12'),
(753, 498, 2, 9.99, '2025-08-30 10:34:12'),
(754, 498, 4, 9.99, '2025-08-30 10:34:12'),
(1246, 744, 4, 9.99, '2025-09-01 06:25:55'),
(1245, 744, 3, 9.99, '2025-09-01 06:25:55'),
(1244, 743, 3, 9.99, '2025-09-01 06:25:55'),
(1243, 743, 1, 9.99, '2025-09-01 06:25:55'),
(1242, 742, 4, 9.99, '2025-09-01 06:25:55'),
(1241, 742, 2, 9.99, '2025-09-01 06:25:55'),
(1240, 741, 3, 9.99, '2025-09-01 06:25:55'),
(1239, 741, 2, 9.99, '2025-09-01 06:25:55'),
(1238, 740, 1, 9.99, '2025-09-01 06:25:55'),
(1237, 740, 2, 9.99, '2025-09-01 06:25:55'),
(1236, 739, 3, 9.99, '2025-09-01 06:25:55'),
(1235, 739, 1, 9.99, '2025-09-01 06:25:55'),
(1234, 738, 2, 9.99, '2025-09-01 06:25:55'),
(1233, 738, 3, 9.99, '2025-09-01 06:25:55'),
(1232, 737, 4, 9.99, '2025-09-01 06:25:55'),
(1231, 737, 2, 9.99, '2025-09-01 06:25:55'),
(1230, 736, 1, 9.99, '2025-09-01 06:25:55'),
(1229, 736, 4, 9.99, '2025-09-01 06:25:55'),
(1228, 735, 4, 9.99, '2025-09-01 06:25:55'),
(1227, 735, 2, 9.99, '2025-09-01 06:25:55'),
(1226, 734, 4, 9.99, '2025-09-01 06:25:55'),
(1225, 734, 1, 9.99, '2025-09-01 06:25:55'),
(1224, 733, 3, 9.99, '2025-09-01 06:25:55'),
(1223, 733, 1, 9.99, '2025-09-01 06:25:55'),
(1222, 732, 4, 9.99, '2025-09-01 06:25:55'),
(1221, 732, 2, 9.99, '2025-09-01 06:25:55'),
(1220, 731, 4, 9.99, '2025-09-01 06:25:55'),
(1219, 731, 3, 9.99, '2025-09-01 06:25:55'),
(1218, 730, 1, 9.99, '2025-09-01 06:25:55'),
(1217, 730, 4, 9.99, '2025-09-01 06:25:55'),
(1216, 729, 3, 9.99, '2025-09-01 06:25:55'),
(1215, 729, 1, 9.99, '2025-09-01 06:25:55'),
(1214, 728, 3, 9.99, '2025-09-01 06:25:55'),
(1213, 728, 1, 9.99, '2025-09-01 06:25:55'),
(1212, 727, 3, 9.99, '2025-09-01 06:25:55'),
(1211, 727, 1, 9.99, '2025-09-01 06:25:55'),
(1210, 726, 4, 9.99, '2025-09-01 06:25:55'),
(1209, 726, 2, 9.99, '2025-09-01 06:25:55'),
(1208, 725, 2, 9.99, '2025-09-01 06:25:55'),
(1207, 725, 1, 9.99, '2025-09-01 06:25:55'),
(1206, 724, 3, 9.99, '2025-09-01 06:25:55'),
(1205, 724, 4, 9.99, '2025-09-01 06:25:55'),
(1204, 723, 3, 9.99, '2025-09-01 06:25:55'),
(1203, 723, 1, 9.99, '2025-09-01 06:25:55'),
(1202, 722, 2, 9.99, '2025-09-01 06:25:55'),
(1201, 722, 1, 9.99, '2025-09-01 06:25:55'),
(1200, 721, 4, 9.99, '2025-09-01 06:25:55'),
(1199, 721, 2, 9.99, '2025-09-01 06:25:55'),
(1198, 720, 3, 9.99, '2025-09-01 06:25:55'),
(1197, 720, 1, 9.99, '2025-09-01 06:25:55'),
(1196, 719, 4, 9.99, '2025-09-01 06:25:55'),
(1195, 719, 2, 9.99, '2025-09-01 06:25:55'),
(1194, 718, 4, 9.99, '2025-09-01 06:25:55'),
(1193, 718, 1, 9.99, '2025-09-01 06:25:55'),
(1192, 717, 3, 9.99, '2025-09-01 06:25:55'),
(1191, 717, 1, 9.99, '2025-09-01 06:25:55'),
(1190, 716, 4, 9.99, '2025-09-01 06:25:55'),
(1189, 716, 2, 9.99, '2025-09-01 06:25:55'),
(1188, 715, 2, 9.99, '2025-09-01 06:25:55'),
(1187, 715, 1, 9.99, '2025-09-01 06:25:55'),
(1186, 714, 3, 9.99, '2025-09-01 06:25:55'),
(1185, 714, 1, 9.99, '2025-09-01 06:25:55'),
(1184, 713, 3, 9.99, '2025-09-01 06:25:55'),
(1183, 713, 1, 9.99, '2025-09-01 06:25:55'),
(1182, 712, 2, 9.99, '2025-09-01 06:25:55'),
(1181, 712, 1, 9.99, '2025-09-01 06:25:55'),
(1180, 711, 3, 9.99, '2025-09-01 06:25:55'),
(1179, 711, 1, 9.99, '2025-09-01 06:25:55'),
(1178, 710, 4, 9.99, '2025-09-01 06:25:55'),
(1177, 710, 2, 9.99, '2025-09-01 06:25:55'),
(1176, 709, 2, 9.99, '2025-09-01 06:25:55'),
(1175, 709, 1, 9.99, '2025-09-01 06:25:55'),
(1174, 708, 2, 9.99, '2025-09-01 06:25:55'),
(1173, 708, 1, 9.99, '2025-09-01 06:25:55'),
(1172, 707, 3, 9.99, '2025-09-01 06:25:55'),
(1171, 707, 1, 9.99, '2025-09-01 06:25:55'),
(1170, 706, 2, 9.99, '2025-09-01 06:25:55'),
(1169, 706, 1, 9.99, '2025-09-01 06:25:55'),
(1168, 705, 4, 9.99, '2025-09-01 06:25:55'),
(1167, 705, 2, 9.99, '2025-09-01 06:25:55'),
(1166, 704, 2, 9.99, '2025-09-01 06:25:55'),
(1165, 704, 1, 9.99, '2025-09-01 06:25:55'),
(1164, 703, 4, 9.99, '2025-09-01 06:25:55'),
(1163, 703, 2, 9.99, '2025-09-01 06:25:55'),
(1162, 702, 2, 9.99, '2025-09-01 06:25:55'),
(1161, 702, 1, 9.99, '2025-09-01 06:25:55'),
(1160, 701, 3, 9.99, '2025-09-01 06:25:55'),
(1159, 701, 1, 9.99, '2025-09-01 06:25:55'),
(1158, 700, 4, 9.99, '2025-09-01 06:25:55'),
(1157, 700, 2, 9.99, '2025-09-01 06:25:55'),
(1156, 699, 2, 9.99, '2025-09-01 06:25:55'),
(1155, 699, 1, 9.99, '2025-09-01 06:25:55'),
(1154, 698, 2, 9.99, '2025-09-01 06:25:55'),
(1153, 698, 1, 9.99, '2025-09-01 06:25:55'),
(1152, 697, 3, 9.99, '2025-09-01 06:25:55'),
(1151, 697, 1, 9.99, '2025-09-01 06:25:55'),
(1150, 696, 2, 9.99, '2025-09-01 06:25:55'),
(1149, 696, 1, 9.99, '2025-09-01 06:25:55'),
(1148, 695, 3, 9.99, '2025-09-01 06:25:55'),
(1147, 695, 1, 9.99, '2025-09-01 06:25:55'),
(1146, 694, 4, 9.99, '2025-09-01 06:25:55'),
(1145, 694, 2, 9.99, '2025-09-01 06:25:55'),
(1144, 693, 2, 9.99, '2025-09-01 06:25:55'),
(1143, 693, 1, 9.99, '2025-09-01 06:25:55'),
(1142, 692, 2, 9.99, '2025-09-01 06:25:55'),
(1141, 692, 1, 9.99, '2025-09-01 06:25:55'),
(1140, 691, 3, 9.99, '2025-09-01 06:25:55'),
(1139, 691, 1, 9.99, '2025-09-01 06:25:55'),
(1138, 690, 2, 9.99, '2025-09-01 06:25:55'),
(1137, 690, 1, 9.99, '2025-09-01 06:25:55'),
(1136, 689, 4, 9.99, '2025-09-01 06:25:55'),
(1135, 689, 2, 9.99, '2025-09-01 06:25:55'),
(1134, 688, 2, 9.99, '2025-09-01 06:25:55'),
(1133, 688, 1, 9.99, '2025-09-01 06:25:55'),
(1132, 687, 4, 9.99, '2025-09-01 06:25:55'),
(1131, 687, 2, 9.99, '2025-09-01 06:25:55'),
(1130, 686, 2, 9.99, '2025-09-01 06:25:55'),
(1129, 686, 1, 9.99, '2025-09-01 06:25:55'),
(1128, 685, 3, 9.99, '2025-09-01 06:25:55'),
(1127, 685, 1, 9.99, '2025-09-01 06:25:55'),
(1126, 684, 4, 9.99, '2025-09-01 06:25:55'),
(1125, 684, 2, 9.99, '2025-09-01 06:25:55'),
(1124, 683, 2, 9.99, '2025-09-01 06:25:55'),
(1123, 683, 1, 9.99, '2025-09-01 06:25:55'),
(1122, 682, 2, 9.99, '2025-09-01 06:25:55'),
(1121, 682, 1, 9.99, '2025-09-01 06:25:55'),
(1120, 681, 3, 9.99, '2025-09-01 06:25:55'),
(1119, 681, 1, 9.99, '2025-09-01 06:25:55'),
(1118, 680, 2, 9.99, '2025-09-01 06:25:55'),
(1117, 680, 1, 9.99, '2025-09-01 06:25:55'),
(1116, 679, 3, 9.99, '2025-09-01 06:25:55'),
(1115, 679, 1, 9.99, '2025-09-01 06:25:55'),
(1114, 678, 4, 9.99, '2025-09-01 06:25:55'),
(1113, 678, 2, 9.99, '2025-09-01 06:25:55'),
(1112, 677, 2, 9.99, '2025-09-01 06:25:55'),
(1111, 677, 1, 9.99, '2025-09-01 06:25:55'),
(1110, 676, 2, 9.99, '2025-09-01 06:25:55'),
(1109, 676, 1, 9.99, '2025-09-01 06:25:55'),
(1108, 675, 3, 9.99, '2025-09-01 06:25:55'),
(1107, 675, 1, 9.99, '2025-09-01 06:25:55'),
(1106, 674, 2, 9.99, '2025-09-01 06:25:55'),
(1105, 674, 1, 9.99, '2025-09-01 06:25:55'),
(1104, 673, 4, 9.99, '2025-09-01 06:25:55'),
(1103, 673, 2, 9.99, '2025-09-01 06:25:55'),
(1102, 672, 2, 9.99, '2025-09-01 06:25:55'),
(1101, 672, 1, 9.99, '2025-09-01 06:25:55'),
(1100, 671, 4, 9.99, '2025-09-01 06:25:55'),
(1099, 671, 2, 9.99, '2025-09-01 06:25:55'),
(1098, 670, 3, 9.99, '2025-09-01 06:25:55'),
(1097, 670, 2, 9.99, '2025-09-01 06:25:55'),
(1096, 669, 3, 9.99, '2025-09-01 06:25:55'),
(1095, 669, 1, 9.99, '2025-09-01 06:25:55'),
(1094, 668, 4, 9.99, '2025-09-01 06:25:55'),
(1093, 668, 2, 9.99, '2025-09-01 06:25:55'),
(1092, 667, 2, 9.99, '2025-09-01 06:25:55'),
(1091, 667, 1, 9.99, '2025-09-01 06:25:55'),
(1090, 666, 4, 9.99, '2025-09-01 06:25:55'),
(1089, 666, 3, 9.99, '2025-09-01 06:25:55'),
(1088, 665, 3, 9.99, '2025-09-01 06:25:55'),
(1087, 665, 1, 9.99, '2025-09-01 06:25:55'),
(1086, 664, 2, 9.99, '2025-09-01 06:25:55'),
(1085, 664, 1, 9.99, '2025-09-01 06:25:55'),
(1084, 663, 4, 9.99, '2025-09-01 06:25:55'),
(1083, 663, 2, 9.99, '2025-09-01 06:25:55'),
(1082, 662, 2, 9.99, '2025-09-01 06:25:55'),
(1081, 662, 1, 9.99, '2025-09-01 06:25:55'),
(1080, 661, 4, 9.99, '2025-09-01 06:25:55'),
(1079, 661, 2, 9.99, '2025-09-01 06:25:55'),
(1078, 660, 2, 9.99, '2025-09-01 06:25:55'),
(1077, 660, 1, 9.99, '2025-09-01 06:25:55'),
(1076, 659, 3, 9.99, '2025-09-01 06:25:55'),
(1075, 659, 1, 9.99, '2025-09-01 06:25:55'),
(1074, 658, 4, 9.99, '2025-09-01 06:25:55'),
(1073, 658, 2, 9.99, '2025-09-01 06:25:55'),
(1072, 657, 2, 9.99, '2025-09-01 06:25:55'),
(1071, 657, 1, 9.99, '2025-09-01 06:25:55'),
(1070, 656, 2, 9.99, '2025-09-01 06:25:55'),
(1069, 656, 3, 9.99, '2025-09-01 06:25:55'),
(1068, 655, 3, 9.99, '2025-09-01 06:25:55'),
(1067, 655, 1, 9.99, '2025-09-01 06:25:55'),
(1066, 654, 2, 9.99, '2025-09-01 06:25:55'),
(1065, 654, 1, 9.99, '2025-09-01 06:25:55'),
(1064, 653, 3, 9.99, '2025-09-01 06:25:55'),
(1063, 653, 1, 9.99, '2025-09-01 06:25:55'),
(1062, 652, 4, 9.99, '2025-09-01 06:25:55'),
(1061, 652, 2, 9.99, '2025-09-01 06:25:55'),
(1060, 651, 2, 9.99, '2025-09-01 06:25:55'),
(1059, 651, 1, 9.99, '2025-09-01 06:25:55'),
(1058, 650, 2, 9.99, '2025-09-01 06:25:55'),
(1057, 650, 1, 9.99, '2025-09-01 06:25:55'),
(1056, 649, 3, 9.99, '2025-09-01 06:25:55'),
(1055, 649, 1, 9.99, '2025-09-01 06:25:55'),
(1054, 648, 2, 9.99, '2025-09-01 06:25:55'),
(1053, 648, 1, 9.99, '2025-09-01 06:25:55'),
(1052, 647, 4, 9.99, '2025-09-01 06:25:55'),
(1051, 647, 2, 9.99, '2025-09-01 06:25:55'),
(1050, 646, 2, 9.99, '2025-09-01 06:25:55'),
(1049, 646, 1, 9.99, '2025-09-01 06:25:55'),
(1048, 645, 4, 9.99, '2025-09-01 06:25:55'),
(1047, 645, 2, 9.99, '2025-09-01 06:25:55'),
(1046, 644, 2, 9.99, '2025-09-01 06:25:55'),
(1045, 644, 1, 9.99, '2025-09-01 06:25:55'),
(1044, 643, 3, 9.99, '2025-09-01 06:25:55'),
(1043, 643, 1, 9.99, '2025-09-01 06:25:55'),
(1042, 642, 4, 9.99, '2025-09-01 06:25:55'),
(1041, 642, 2, 9.99, '2025-09-01 06:25:55'),
(1040, 641, 2, 9.99, '2025-09-01 06:25:55'),
(1039, 641, 1, 9.99, '2025-09-01 06:25:55'),
(1038, 640, 2, 9.99, '2025-09-01 06:25:55'),
(1037, 640, 1, 9.99, '2025-09-01 06:25:55'),
(1036, 639, 3, 9.99, '2025-09-01 06:25:55'),
(1035, 639, 1, 9.99, '2025-09-01 06:25:55'),
(1034, 638, 2, 9.99, '2025-09-01 06:25:55'),
(1033, 638, 1, 9.99, '2025-09-01 06:25:55'),
(1032, 637, 4, 9.99, '2025-09-01 06:25:55'),
(1031, 637, 2, 9.99, '2025-09-01 06:25:55'),
(1030, 636, 4, 9.99, '2025-09-01 06:25:55'),
(1029, 636, 2, 9.99, '2025-09-01 06:25:55'),
(1028, 635, 2, 9.99, '2025-09-01 06:25:55'),
(1027, 635, 1, 9.99, '2025-09-01 06:25:55'),
(1026, 634, 2, 9.99, '2025-09-01 06:25:55'),
(1025, 634, 1, 9.99, '2025-09-01 06:25:55'),
(1024, 633, 3, 9.99, '2025-09-01 06:25:55'),
(1023, 633, 1, 9.99, '2025-09-01 06:25:55'),
(1022, 632, 2, 9.99, '2025-09-01 06:25:55'),
(1021, 632, 1, 9.99, '2025-09-01 06:25:55'),
(1020, 631, 4, 9.99, '2025-09-01 06:25:55'),
(1019, 631, 2, 9.99, '2025-09-01 06:25:55'),
(1018, 630, 2, 9.99, '2025-09-01 06:25:55'),
(1017, 630, 1, 9.99, '2025-09-01 06:25:55'),
(1016, 629, 4, 9.99, '2025-09-01 06:25:55'),
(1015, 629, 2, 9.99, '2025-09-01 06:25:55'),
(1014, 628, 2, 9.99, '2025-09-01 06:25:55'),
(1013, 628, 1, 9.99, '2025-09-01 06:25:55'),
(1012, 627, 3, 9.99, '2025-09-01 06:25:55'),
(1011, 627, 1, 9.99, '2025-09-01 06:25:55'),
(1010, 626, 4, 9.99, '2025-09-01 06:25:55'),
(1009, 626, 2, 9.99, '2025-09-01 06:25:55'),
(1008, 625, 2, 9.99, '2025-09-01 06:25:55'),
(1007, 625, 1, 9.99, '2025-09-01 06:25:55'),
(1006, 624, 2, 9.99, '2025-09-01 06:25:55'),
(1005, 624, 1, 9.99, '2025-09-01 06:25:55'),
(1004, 623, 3, 9.99, '2025-09-01 06:25:55'),
(1003, 623, 1, 9.99, '2025-09-01 06:25:55'),
(1002, 622, 2, 9.99, '2025-09-01 06:25:55'),
(1001, 622, 1, 9.99, '2025-09-01 06:25:55'),
(1247, 745, 1, 9.99, '2026-01-21 13:00:48'),
(1248, 745, 3, 9.99, '2026-01-21 13:00:48'),
(1249, 746, 3, 9.99, '2026-01-21 13:15:04'),
(1250, 748, 1, 9.99, '2026-01-22 06:57:49'),
(1251, 749, 2, 9.99, '2026-01-22 07:20:55'),
(1252, 750, 1, 9.99, '2026-01-22 07:36:29'),
(1253, 751, 1, 9.99, '2026-01-22 07:39:12'),
(1254, 751, 4, 9.99, '2026-01-22 07:39:12'),
(1255, 753, 1, 9.99, '2026-01-22 09:51:58'),
(1256, 754, 2, 9.99, '2026-01-23 06:24:11'),
(1257, 755, 1, 9.99, '2026-01-23 07:12:54'),
(1258, 755, 2, 9.99, '2026-01-23 07:12:54'),
(1259, 756, 1, 9.99, '2026-01-23 07:14:09'),
(1260, 756, 2, 9.99, '2026-01-23 07:14:09'),
(1261, 757, 1, 9.99, '2026-01-23 07:14:09'),
(1262, 757, 2, 9.99, '2026-01-23 07:14:09'),
(1263, 758, 1, 9.99, '2026-01-23 07:29:44'),
(1264, 758, 2, 9.99, '2026-01-23 07:29:44'),
(1265, 759, 1, 9.99, '2026-01-23 07:29:44'),
(1266, 759, 2, 9.99, '2026-01-23 07:29:44'),
(1267, 763, 1, 9.99, '2026-01-23 07:44:06'),
(1268, 763, 2, 9.99, '2026-01-23 07:44:06'),
(1269, 764, 1, 9.99, '2026-01-23 07:44:06'),
(1270, 764, 2, 9.99, '2026-01-23 07:44:06'),
(1271, 765, 1, 9.99, '2026-01-23 07:44:06'),
(1272, 765, 2, 9.99, '2026-01-23 07:44:06'),
(1273, 766, 1, 9.99, '2026-01-23 08:16:09'),
(1274, 766, 2, 9.99, '2026-01-23 08:16:09'),
(1275, 767, 1, 9.99, '2026-01-23 08:16:09'),
(1276, 767, 2, 9.99, '2026-01-23 08:16:09'),
(1277, 768, 1, 9.99, '2026-01-23 08:16:09'),
(1278, 768, 2, 9.99, '2026-01-23 08:16:09'),
(1279, 769, 1, 9.99, '2026-01-23 08:19:44'),
(1280, 769, 2, 9.99, '2026-01-23 08:19:44'),
(1281, 770, 1, 9.99, '2026-01-23 08:19:44'),
(1282, 770, 2, 9.99, '2026-01-23 08:19:44'),
(1283, 771, 1, 9.99, '2026-01-23 08:23:48'),
(1284, 771, 2, 9.99, '2026-01-23 08:23:48'),
(1285, 772, 1, 9.99, '2026-01-23 08:24:15'),
(1286, 772, 2, 9.99, '2026-01-23 08:24:15'),
(1287, 773, 1, 9.99, '2026-01-23 08:24:15'),
(1288, 773, 2, 9.99, '2026-01-23 08:24:15'),
(1289, 774, 1, 9.99, '2026-01-23 09:01:36'),
(1290, 774, 2, 9.99, '2026-01-23 09:01:36'),
(1291, 775, 1, 9.99, '2026-01-23 09:01:36'),
(1292, 775, 2, 9.99, '2026-01-23 09:01:36'),
(1293, 776, 1, 9.99, '2026-01-23 09:01:36'),
(1294, 776, 2, 9.99, '2026-01-23 09:01:36'),
(1295, 777, 1, 9.99, '2026-01-23 09:03:50'),
(1296, 777, 2, 9.99, '2026-01-23 09:03:50'),
(1297, 778, 1, 9.99, '2026-01-23 09:03:50'),
(1298, 778, 2, 9.99, '2026-01-23 09:03:50'),
(1299, 779, 1, 9.99, '2026-01-23 09:03:50'),
(1300, 779, 2, 9.99, '2026-01-23 09:03:50'),
(1301, 780, 1, 9.99, '2026-01-23 09:07:21'),
(1302, 780, 2, 9.99, '2026-01-23 09:07:21'),
(1303, 781, 1, 9.99, '2026-01-23 09:07:21'),
(1304, 781, 2, 9.99, '2026-01-23 09:07:21'),
(1305, 785, 1, 9.99, '2026-01-23 09:13:31'),
(1306, 785, 2, 9.99, '2026-01-23 09:13:31'),
(1307, 786, 1, 9.99, '2026-01-23 09:13:31'),
(1308, 786, 2, 9.99, '2026-01-23 09:13:31'),
(1309, 787, 1, 9.99, '2026-01-23 09:13:31'),
(1310, 787, 2, 9.99, '2026-01-23 09:13:31'),
(1311, 788, 1, 9.99, '2026-01-23 09:13:31'),
(1312, 788, 2, 9.99, '2026-01-23 09:13:31'),
(1313, 789, 1, 9.99, '2026-01-23 13:16:56'),
(1314, 790, 1, 9.99, '2026-01-23 13:16:56'),
(1315, 791, 1, 9.99, '2026-01-23 13:16:56');

-- --------------------------------------------------------

--
-- Stand-in structure for view `question_info`
-- (See below for the actual view)
--
DROP VIEW IF EXISTS `question_info`;
CREATE TABLE IF NOT EXISTS `question_info` (
`correct_option_index` int
,`created_at` timestamp
,`created_by` int
,`difficulty_level` int
,`grade_display_name` varchar(100)
,`grade_id` int
,`grade_level` int
,`grade_name` varchar(50)
,`id` int
,`options` json
,`question_text` text
,`subject_id` int
,`subject_name` varchar(100)
);

-- --------------------------------------------------------

--
-- Table structure for table `schools`
--

DROP TABLE IF EXISTS `schools`;
CREATE TABLE IF NOT EXISTS `schools` (
  `id` int NOT NULL AUTO_INCREMENT,
  `name` varchar(100) CHARACTER SET utf8mb4 COLLATE utf8mb4_general_ci NOT NULL,
  `address` text CHARACTER SET utf8mb4 COLLATE utf8mb4_general_ci,
  `contact_email` varchar(100) CHARACTER SET utf8mb4 COLLATE utf8mb4_general_ci DEFAULT NULL,
  `contact_phone` varchar(50) CHARACTER SET utf8mb4 COLLATE utf8mb4_general_ci DEFAULT NULL,
  `created_at` timestamp NULL DEFAULT CURRENT_TIMESTAMP,
  `updated_at` timestamp NULL DEFAULT CURRENT_TIMESTAMP ON UPDATE CURRENT_TIMESTAMP,
  PRIMARY KEY (`id`),
  UNIQUE KEY `school_name_unique` (`name`)
) ENGINE=MyISAM AUTO_INCREMENT=6 DEFAULT CHARSET=utf8mb4 COLLATE=utf8mb4_general_ci;

--
-- Dumping data for table `schools`
--

INSERT INTO `schools` (`id`, `name`, `address`, `contact_email`, `contact_phone`, `created_at`, `updated_at`) VALUES
(4, 'Manarat Al-Madinah School', 'Al-Khalidiyah District of Al-Madinah Al-Munawarah, Saudi Arabia', 'info@manaratalmadinah.com', '(555) 456-7890', '2025-08-28 07:02:32', '2025-08-28 07:21:25'),
(5, 'Saudi International School', 'Abi Al Abbas Al Shafei Street, Hiteen District, Riyadh, Kingdom of Saudi Arabia', 'admin@saudiinternational.com', '123123123', '2025-08-28 07:20:11', '2025-08-28 07:20:11');

-- --------------------------------------------------------

--
-- Table structure for table `school_administrators`
--

DROP TABLE IF EXISTS `school_administrators`;
CREATE TABLE IF NOT EXISTS `school_administrators` (
  `id` int NOT NULL AUTO_INCREMENT,
  `school_id` int NOT NULL,
  `user_id` int NOT NULL,
  `role` enum('principal','vice_principal','coordinator','teacher') CHARACTER SET utf8mb4 COLLATE utf8mb4_general_ci NOT NULL,
  `created_at` timestamp NULL DEFAULT CURRENT_TIMESTAMP,
  `updated_at` timestamp NULL DEFAULT CURRENT_TIMESTAMP ON UPDATE CURRENT_TIMESTAMP,
  PRIMARY KEY (`id`),
  UNIQUE KEY `school_user_unique` (`school_id`,`user_id`),
  KEY `idx_school_admin_school` (`school_id`),
  KEY `idx_school_admin_user` (`user_id`)
) ENGINE=MyISAM DEFAULT CHARSET=utf8mb4 COLLATE=utf8mb4_general_ci;

-- --------------------------------------------------------

--
-- Table structure for table `settings`
--

DROP TABLE IF EXISTS `settings`;
CREATE TABLE IF NOT EXISTS `settings` (
  `id` int NOT NULL DEFAULT '1',
  `sso_enabled` tinyint(1) DEFAULT '0',
  `sso_secret_key` varchar(255) CHARACTER SET utf8mb4 COLLATE utf8mb4_unicode_ci DEFAULT NULL,
  `moodle_url` varchar(500) CHARACTER SET utf8mb4 COLLATE utf8mb4_unicode_ci DEFAULT NULL,
  `created_at` timestamp NULL DEFAULT CURRENT_TIMESTAMP,
  `updated_at` timestamp NULL DEFAULT CURRENT_TIMESTAMP ON UPDATE CURRENT_TIMESTAMP,
  PRIMARY KEY (`id`)
) ENGINE=InnoDB DEFAULT CHARSET=utf8mb4 COLLATE=utf8mb4_unicode_ci;

--
-- Dumping data for table `settings`
--

INSERT INTO `settings` (`id`, `sso_enabled`, `sso_secret_key`, `moodle_url`, `created_at`, `updated_at`) VALUES
(1, 1, 'admin123', 'http://localhost/kodeit/iomad', '2025-11-18 06:51:58', '2025-11-27 06:43:02');

-- --------------------------------------------------------

--
-- Table structure for table `student_competency_scores`
--

DROP TABLE IF EXISTS `student_competency_scores`;
CREATE TABLE IF NOT EXISTS `student_competency_scores` (
  `id` int NOT NULL AUTO_INCREMENT,
  `student_id` int NOT NULL,
  `competency_id` int NOT NULL,
  `subject_id` int NOT NULL,
  `assessment_id` int DEFAULT NULL COMMENT 'Specific assessment that contributed to this score',
  `questions_attempted` int NOT NULL DEFAULT '0' COMMENT 'Number of questions attempted for this competency',
  `questions_correct` int NOT NULL DEFAULT '0' COMMENT 'Number of questions answered correctly for this competency',
  `raw_score` decimal(5,2) NOT NULL DEFAULT '0.00' COMMENT 'Raw score (correct/attempted)',
  `weighted_score` decimal(5,2) NOT NULL DEFAULT '0.00' COMMENT 'Weighted score considering question weights',
  `final_score` decimal(5,2) NOT NULL DEFAULT '0.00' COMMENT 'Final competency score (0-100)',
  `feedback_type` enum('strong','neutral','growth') CHARACTER SET utf8mb4 COLLATE utf8mb4_general_ci DEFAULT NULL COMMENT 'Type of feedback based on score',
  `feedback_text` text CHARACTER SET utf8mb4 COLLATE utf8mb4_general_ci COMMENT 'Generated feedback text based on performance',
  `date_calculated` timestamp NULL DEFAULT CURRENT_TIMESTAMP,
  `created_at` timestamp NULL DEFAULT CURRENT_TIMESTAMP,
  `updated_at` timestamp NULL DEFAULT CURRENT_TIMESTAMP ON UPDATE CURRENT_TIMESTAMP,
  PRIMARY KEY (`id`),
  UNIQUE KEY `student_competency_subject_unique` (`student_id`,`competency_id`,`subject_id`),
  KEY `idx_student_competency_scores_student` (`student_id`),
  KEY `idx_student_competency_scores_competency` (`competency_id`),
  KEY `idx_student_competency_scores_subject` (`subject_id`),
  KEY `idx_student_competency_scores_assessment` (`assessment_id`),
  KEY `idx_student_competency_scores_final_score` (`final_score`),
  KEY `idx_student_competency_scores_feedback_type` (`feedback_type`),
  KEY `idx_student_competency_performance` (`student_id`,`subject_id`,`final_score`)
) ENGINE=MyISAM AUTO_INCREMENT=12 DEFAULT CHARSET=utf8mb4 COLLATE=utf8mb4_general_ci;

--
-- Dumping data for table `student_competency_scores`
--

INSERT INTO `student_competency_scores` (`id`, `student_id`, `competency_id`, `subject_id`, `assessment_id`, `questions_attempted`, `questions_correct`, `raw_score`, `weighted_score`, `final_score`, `feedback_type`, `feedback_text`, `date_calculated`, `created_at`, `updated_at`) VALUES
(1, 20, 1, 6, 109, 13, 8, 61.54, 61.54, 61.54, 'neutral', 'Competency 1 Neutral', '2025-09-02 09:41:54', '2025-08-30 13:00:47', '2025-09-02 09:41:54'),
(2, 20, 2, 6, 109, 15, 10, 66.67, 66.67, 66.67, 'neutral', 'Competency 2 Neutral', '2025-09-02 09:41:54', '2025-08-30 13:00:47', '2025-09-02 09:41:54'),
(3, 10, 1, 6, 158, 7, 5, 71.43, 71.43, 71.43, 'strong', 'Competency 1 Strong', '2026-01-23 13:27:31', '2025-09-01 06:31:39', '2026-01-23 13:27:31'),
(4, 10, 2, 6, 158, 3, 3, 100.00, 100.00, 100.00, 'strong', 'Competency 2 Strong', '2026-01-23 13:27:31', '2025-09-01 06:31:39', '2026-01-23 13:27:31'),
(5, 10, 3, 6, 158, 1, 1, 100.00, 100.00, 100.00, 'strong', 'Competency 3 Strong', '2026-01-23 13:27:31', '2025-09-01 06:31:39', '2026-01-23 13:27:31'),
(6, 10, 4, 6, 158, 4, 3, 75.00, 75.00, 75.00, 'strong', 'Competency 4 Strong', '2026-01-23 13:27:31', '2025-09-01 06:31:39', '2026-01-23 13:27:31'),
(7, 20, 1, 3, 191, 1, 1, 100.00, 100.00, 100.00, 'strong', 'Competency 1 Strong', '2025-09-02 06:40:08', '2025-09-02 06:10:54', '2025-09-02 06:40:08'),
(8, 20, 2, 3, 191, 7, 6, 85.71, 85.71, 85.71, 'strong', 'Competency 2 Strong', '2025-09-02 06:43:47', '2025-09-02 06:10:54', '2025-09-02 06:43:47'),
(9, 20, 3, 3, 191, 1, 1, 100.00, 100.00, 100.00, 'strong', 'Competency 3 Strong', '2025-09-02 06:10:54', '2025-09-02 06:10:54', '2025-09-02 06:10:54'),
(10, 20, 4, 3, 191, 7, 6, 85.71, 85.71, 85.71, 'strong', 'Competency 4 Strong', '2025-09-02 06:43:47', '2025-09-02 06:10:54', '2025-09-02 06:43:47');

-- --------------------------------------------------------

--
-- Stand-in structure for view `student_info`
-- (See below for the actual view)
--
DROP VIEW IF EXISTS `student_info`;
CREATE TABLE IF NOT EXISTS `student_info` (
`created_at` timestamp
,`first_name` varchar(100)
,`grade_display_name` varchar(100)
,`grade_level` int
,`grade_name` varchar(50)
,`id` int
,`last_name` varchar(100)
,`role` enum('admin','student')
,`school_id` int
,`school_name` varchar(100)
,`username` varchar(50)
);

-- --------------------------------------------------------

--
-- Table structure for table `subjects`
--

DROP TABLE IF EXISTS `subjects`;
CREATE TABLE IF NOT EXISTS `subjects` (
  `id` int NOT NULL AUTO_INCREMENT,
  `name` varchar(100) CHARACTER SET utf8mb4 COLLATE utf8mb4_general_ci NOT NULL,
  `description` text CHARACTER SET utf8mb4 COLLATE utf8mb4_general_ci,
  `created_at` timestamp NULL DEFAULT CURRENT_TIMESTAMP,
  `updated_at` timestamp NULL DEFAULT CURRENT_TIMESTAMP ON UPDATE CURRENT_TIMESTAMP,
  PRIMARY KEY (`id`)
) ENGINE=MyISAM AUTO_INCREMENT=8 DEFAULT CHARSET=utf8mb4 COLLATE=utf8mb4_general_ci;

--
-- Dumping data for table `subjects`
--

INSERT INTO `subjects` (`id`, `name`, `description`, `created_at`, `updated_at`) VALUES
(4, 'Computer Science', 'Computer science and technology concepts assessment', '2025-08-25 12:28:05', '2025-08-25 12:28:05'),
(3, 'Science', 'Science concepts and scientific reasoning assessment', '2025-08-25 09:11:41', '2025-08-25 09:11:41'),
(6, 'Maths', 'Mathematics', '2025-08-28 06:14:26', '2025-08-28 06:14:26'),
(7, 'English', '', '2026-01-23 09:00:05', '2026-01-23 09:00:05');

-- --------------------------------------------------------

--
-- Table structure for table `users`
--

DROP TABLE IF EXISTS `users`;
CREATE TABLE IF NOT EXISTS `users` (
  `id` int NOT NULL AUTO_INCREMENT,
  `username` varchar(50) CHARACTER SET utf8mb4 COLLATE utf8mb4_general_ci NOT NULL,
  `password` varchar(255) CHARACTER SET utf8mb4 COLLATE utf8mb4_general_ci NOT NULL,
  `role` enum('admin','student') CHARACTER SET utf8mb4 COLLATE utf8mb4_general_ci NOT NULL,
  `first_name` varchar(100) CHARACTER SET utf8mb4 COLLATE utf8mb4_general_ci DEFAULT NULL,
  `last_name` varchar(100) CHARACTER SET utf8mb4 COLLATE utf8mb4_general_ci DEFAULT NULL,
  `school_id` int DEFAULT NULL,
  `grade_id` int DEFAULT NULL,
  `created_at` timestamp NULL DEFAULT CURRENT_TIMESTAMP,
  `updated_at` timestamp NULL DEFAULT CURRENT_TIMESTAMP ON UPDATE CURRENT_TIMESTAMP,
  PRIMARY KEY (`id`),
  UNIQUE KEY `username` (`username`),
  KEY `idx_users_school` (`school_id`),
  KEY `idx_users_grade` (`grade_id`),
  KEY `idx_users_school_grade` (`school_id`,`grade_id`),
  KEY `idx_users_comprehensive` (`role`,`school_id`,`grade_id`)
) ENGINE=MyISAM AUTO_INCREMENT=39 DEFAULT CHARSET=utf8mb4 COLLATE=utf8mb4_general_ci;

--
-- Dumping data for table `users`
--

INSERT INTO `users` (`id`, `username`, `password`, `role`, `first_name`, `last_name`, `school_id`, `grade_id`, `created_at`, `updated_at`) VALUES
(1, 'admin', '$2a$12$utUHQt62Ha25Q4D463yfAulVM7PpkUZB/gGGyOypCRd42C55UlciS', 'admin', 'System', 'Administrator', NULL, NULL, '2025-08-25 08:54:07', '2026-01-24 04:21:17'),
(16, 'student7', '$2a$10$R9YDh0UsruxcIRWmbuceGOvSVbHNiElquZpbM5fZePWnGXBQTdiEm', 'student', 'Student7', 'Grade6', 4, 6, '2025-08-29 13:06:48', '2025-08-30 10:09:41'),
(15, 'student6', '$2a$10$JgPvFjraYPhueSzaqEWv8eJ6QiVWoG4s1mo06vgkg/8AdBpKKTbau', 'student', 'Student6', 'Grade6', 4, 6, '2025-08-29 13:06:48', '2025-08-30 10:14:53'),
(14, 'student5', '$2a$10$Src85EO8GkIlWxDpk5cDP.Zp5eNDv6hW/vmF2dPpGKkBHSTr3bdde', 'student', 'Student5', 'Grade6', 5, 6, '2025-08-29 13:06:48', '2025-08-30 10:14:53'),
(13, 'student4', '$2a$10$wTUrVtz8lP0U/j7kinspG.smXKMMN4z.osjfdgWAd9yCxlZ4LJ7W6', 'student', 'Student4', 'Grade6', 5, 6, '2025-08-29 13:06:48', '2025-08-30 10:14:53'),
(12, 'student3', '$2a$10$RUY.BHy0qZodF8CbC20hbeyG2s28nAUcYFicSA204s6q93Aj5KtuS', 'student', 'Student3', 'Grade6', 5, 6, '2025-08-29 13:06:48', '2025-08-30 10:14:53'),
(10, 'student1', '$2a$10$ptLEbxny2PesbIJ.WI8dgOKXeWNi2HM1Zws2bnhW7.vbeT6RQhwta', 'student', 'Student1', 'Grade6', 5, 6, '2025-08-29 13:06:48', '2026-01-23 11:18:45'),
(11, 'student2', '$2a$10$Fp.FL71LurEtBkgoQMXTe.uGPSKwaruwvmKGLOvut8VFnibh9hpre', 'student', 'Student2', 'Grade6', 5, 6, '2025-08-29 13:06:48', '2025-08-30 10:14:53'),
(17, 'student8', '$2a$10$UuTQusl7Y.ZxvZ4aYPeo1uiwGdNfHyJiqDFyylPno1T4YEpYVXTeG', 'student', 'Student8', 'Grade6', 4, 6, '2025-08-29 13:06:48', '2025-08-30 10:09:28'),
(18, 'student9', '$2a$10$iy7oTg3b.DLE.S.5LLEsLOSMvVNqfcoXLp24F1jaMVwPeLomxm9n6', 'student', 'Student9', 'Grade6', 4, 6, '2025-08-29 13:06:48', '2025-08-30 10:09:16'),
(19, 'student10', '$2a$10$ouVzh9JvkGGx7Ft5sKm7Ee5agsLpwFoXw2tKCC6XnEBnY5cR6Pid.', 'student', 'Student10', 'Grade6', 4, 6, '2025-08-29 13:06:48', '2025-08-30 10:14:53'),
(20, 'student11', '$2a$10$pXYofkgIsp2sFiSGAsGV1udBZsLBQ08CSWDY66buSf3FGTFN2I/4C', 'student', 'Student11', 'Grade11', 5, 11, '2025-08-29 13:06:48', '2025-09-02 09:30:40'),
(21, 'student12', '$2a$10$76Gg1rJYUJzbq2IFogN03OOBy43DJjjL6pggRbVqHh8c4W2gfMpYq', 'student', 'Student12', 'Grade11', 5, 11, '2025-08-29 13:06:48', '2025-08-30 10:17:14'),
(22, 'student13', '$2a$10$tZFFxMpRmKKoqoljw1DvlOu/E1qQKEuxV/Jywhc39.Kl/YTgsefMO', 'student', 'Student13', 'Grade11', 5, 11, '2025-08-29 13:06:48', '2025-08-30 10:17:14'),
(23, 'student14', '$2a$10$6zMDcC3d9NeslUekjHtSUu6ebow1Gyx/hQ9closhJOz/kmpW6F5MS', 'student', 'Student14', 'Grade11', 5, 11, '2025-08-29 13:06:49', '2025-08-30 10:17:14'),
(24, 'student15', '$2a$10$lLDZ.W0mtmR/Cm7WibjdgOmviXAN9DWsL7tdzTvvhDkYwVUV6KN5C', 'student', 'Student15', 'Grade11', 5, 11, '2025-08-29 13:06:49', '2025-08-30 10:17:14'),
(25, 'student16', '$2a$10$W.1Uhwk848fJm9J4I1Rwqefy73oWwCSdVT6FtCOUgPflI8gTtLh0q', 'student', 'Student16', 'Grade11', 4, 11, '2025-08-29 13:06:49', '2025-08-30 10:17:14'),
(26, 'student17', '$2a$10$1mqGj7IQyUGCghSL5GQxLOo9I86URPm0Z8GIH.mnWWslB3n4YPk16', 'student', 'Student17', 'Grade11', 4, 11, '2025-08-29 13:06:49', '2025-08-30 10:17:14'),
(27, 'student18', '$2a$10$F3guJNajialPRsiZxGRXl.nKr4jt1hJ.61P9prQLDOoi71n.1HBDC', 'student', 'Student18', 'Grade11', 4, 11, '2025-08-29 13:06:49', '2025-08-30 10:17:14'),
(28, 'student19', '$2a$10$VdY7/aE44ygqrBUNg6gry.A5APsfAn/HYE.nOzeUARFktfNW8WJrq', 'student', 'Student19', 'Grade11', 4, 11, '2025-08-29 13:06:49', '2025-08-30 10:17:14'),
(29, 'student20', '$2a$10$iD1Ol8b4RT/FvQbtGN53HOzYhbkJNz4BWrr7C5LYZxNQS9pET4FK6', 'student', 'Student20', 'Grade11', 4, 11, '2025-08-29 13:06:49', '2025-08-30 10:17:14'),
(30, 'student21', '$2a$10$pnpHnWz/7Y5G4xRpzLs/b.mlPC1gKTiAJbIaniRrJ38wABt5Q.y26', 'student', 'Student21', 'Grade11', 5, 11, '2025-08-30 11:59:14', '2025-08-30 11:59:14'),
(31, 'student22', '$2a$10$/nrXNebZs9c.XwD1oFYL6Olo0jQkNOn3sFyUMQ8WlnaaMYZoWgtLi', 'student', 'Student22', 'Grade11', 5, 11, '2025-08-30 11:59:14', '2025-08-30 11:59:14'),
(32, 'student23', '$2a$10$4YBOdEs3tPgU1bWVIvy6CuX8LM2vl10jIXuORLXGz6tzyFTrECne6', 'student', 'Student23', 'Grade11', 5, 11, '2025-08-30 11:59:14', '2025-08-30 11:59:14'),
(33, 'student24', '$2a$10$51xCGTExKMV6vmMrbXFe7ePOmQkBIjQeiKTcac1yGiTqwpeleVhde', 'student', 'Student24', 'Grade11', 5, 11, '2025-08-30 11:59:14', '2025-08-30 11:59:14'),
(34, 'student25', '$2a$10$er6mc9YE9ZtgCUYPESxRnOjKWD9GkpAwc3L3TZxOzPxjQ6lrhgYOS', 'student', 'Student25', 'Grade11', 5, 11, '2025-08-30 11:59:14', '2025-08-30 11:59:14'),
(35, 'linabrown44', '$2a$12$H98NH7JFdC1BcoefGOWqd.25vmkWB/GlzgXoSRVDhmm8Y5i4aofqy', 'student', 'Lina', 'Brown', NULL, NULL, '2025-11-18 07:38:51', '2025-11-18 07:38:51'),
(36, 'khalidal-rashid108', '$2a$12$BVGDpUB6sadDr5Cn2oMrreXleiVrHp7mHO7H3vMnBLkhnWbpXXkRG', 'student', 'Khalid', 'Al-Rashid', NULL, NULL, '2025-11-18 09:01:24', '2025-11-18 09:01:24'),
(37, 'aachal', '$2a$12$4GHDLd3joSbQbl2Qlvq8zOd/HJS5otkOdG5txvY2tVC1h2bz7FCnC', 'student', 'aachal', 'shukla', NULL, NULL, '2025-11-18 13:29:03', '2025-11-18 13:29:03'),
(38, 'johnal-khalifa1', '$2a$12$PakJQqnPBJIm3VNdxu/JquVDJFaXwXFBLWUX5m4ybYzVT0qDMXNxu', 'student', 'John', 'Al-Khalifa', NULL, NULL, '2025-11-22 04:48:26', '2025-11-22 04:48:26');

-- --------------------------------------------------------

--
-- Structure for view `assessment_competency_details`
--
DROP TABLE IF EXISTS `assessment_competency_details`;

DROP VIEW IF EXISTS `assessment_competency_details`;
CREATE ALGORITHM=UNDEFINED DEFINER=`root`@`localhost` SQL SECURITY DEFINER VIEW `assessment_competency_details`  AS SELECT `a`.`id` AS `assessment_id`, `a`.`student_id` AS `student_id`, `u`.`first_name` AS `first_name`, `u`.`last_name` AS `last_name`, `u`.`username` AS `username`, `s`.`name` AS `subject_name`, `a`.`assessment_period` AS `assessment_period`, `a`.`year` AS `year`, `a`.`date_taken` AS `date_taken`, `c`.`code` AS `competency_code`, `c`.`name` AS `competency_name`, `acb`.`questions_attempted` AS `questions_attempted`, `acb`.`questions_correct` AS `questions_correct`, `acb`.`competency_score` AS `competency_score`, `acb`.`total_weight` AS `total_weight`, `acb`.`weighted_correct` AS `weighted_correct`, (case when (`acb`.`competency_score` >= `c`.`strong_threshold`) then 'strong' when (`acb`.`competency_score` >= `c`.`neutral_threshold`) then 'neutral' else 'growth' end) AS `performance_level` FROM ((((`assessment_competency_breakdown` `acb` join `assessments` `a` on((`acb`.`assessment_id` = `a`.`id`))) join `users` `u` on((`a`.`student_id` = `u`.`id`))) join `subjects` `s` on((`a`.`subject_id` = `s`.`id`))) join `competencies` `c` on((`acb`.`competency_id` = `c`.`id`))) ORDER BY `a`.`date_taken` DESC, `c`.`name` ASC ;

-- --------------------------------------------------------

--
-- Structure for view `assessment_results`
--
DROP TABLE IF EXISTS `assessment_results`;

DROP VIEW IF EXISTS `assessment_results`;
CREATE ALGORITHM=UNDEFINED DEFINER=`root`@`localhost` SQL SECURITY DEFINER VIEW `assessment_results`  AS SELECT `a`.`id` AS `id`, `a`.`student_id` AS `student_id`, `u`.`first_name` AS `first_name`, `u`.`last_name` AS `last_name`, `u`.`username` AS `username`, `s`.`name` AS `school_name`, `g`.`display_name` AS `grade_name`, `a`.`subject_id` AS `subject_id`, `sub`.`name` AS `subject_name`, `a`.`assessment_period` AS `assessment_period`, `a`.`rit_score` AS `rit_score`, `a`.`correct_answers` AS `correct_answers`, `a`.`total_questions` AS `total_questions`, `a`.`date_taken` AS `date_taken`, `a`.`duration_minutes` AS `duration_minutes`, `a`.`year` AS `year` FROM ((((`assessments` `a` left join `users` `u` on((`a`.`student_id` = `u`.`id`))) left join `schools` `s` on((`u`.`school_id` = `s`.`id`))) left join `grades` `g` on((`a`.`grade_id` = `g`.`id`))) left join `subjects` `sub` on((`a`.`subject_id` = `sub`.`id`))) WHERE (`a`.`rit_score` is not null) ;

-- --------------------------------------------------------

--
-- Structure for view `competency_performance_overview`
--
DROP TABLE IF EXISTS `competency_performance_overview`;

DROP VIEW IF EXISTS `competency_performance_overview`;
CREATE ALGORITHM=UNDEFINED DEFINER=`root`@`localhost` SQL SECURITY DEFINER VIEW `competency_performance_overview`  AS SELECT `u`.`id` AS `student_id`, `u`.`first_name` AS `first_name`, `u`.`last_name` AS `last_name`, `u`.`username` AS `username`, `c`.`id` AS `competency_id`, `c`.`code` AS `competency_code`, `c`.`name` AS `competency_name`, `scs`.`final_score` AS `final_score`, `scs`.`feedback_type` AS `feedback_type`, `scs`.`feedback_text` AS `feedback_text`, `scs`.`questions_attempted` AS `questions_attempted`, `scs`.`questions_correct` AS `questions_correct`, `scs`.`raw_score` AS `raw_score`, `scs`.`date_calculated` AS `date_calculated`, `sub`.`name` AS `subject_name`, `sub`.`id` AS `subject_id` FROM (((`student_competency_scores` `scs` join `users` `u` on((`scs`.`student_id` = `u`.`id`))) join `competencies` `c` on((`scs`.`competency_id` = `c`.`id`))) join `subjects` `sub` on((`scs`.`subject_id` = `sub`.`id`))) WHERE (`u`.`role` = 'student') ORDER BY `u`.`first_name` ASC, `c`.`name` ASC, `scs`.`final_score` DESC ;

-- --------------------------------------------------------

--
-- Structure for view `question_info`
--
DROP TABLE IF EXISTS `question_info`;

DROP VIEW IF EXISTS `question_info`;
CREATE ALGORITHM=UNDEFINED DEFINER=`root`@`localhost` SQL SECURITY DEFINER VIEW `question_info`  AS SELECT `q`.`id` AS `id`, `q`.`question_text` AS `question_text`, `q`.`options` AS `options`, `q`.`correct_option_index` AS `correct_option_index`, `q`.`difficulty_level` AS `difficulty_level`, `q`.`subject_id` AS `subject_id`, `sub`.`name` AS `subject_name`, `q`.`grade_id` AS `grade_id`, `g`.`name` AS `grade_name`, `g`.`display_name` AS `grade_display_name`, `g`.`grade_level` AS `grade_level`, `q`.`created_by` AS `created_by`, `q`.`created_at` AS `created_at` FROM ((`questions` `q` left join `subjects` `sub` on((`q`.`subject_id` = `sub`.`id`))) left join `grades` `g` on((`q`.`grade_id` = `g`.`id`))) ;

-- --------------------------------------------------------

--
-- Structure for view `student_info`
--
DROP TABLE IF EXISTS `student_info`;

DROP VIEW IF EXISTS `student_info`;
CREATE ALGORITHM=UNDEFINED DEFINER=`root`@`localhost` SQL SECURITY DEFINER VIEW `student_info`  AS SELECT `u`.`id` AS `id`, `u`.`username` AS `username`, `u`.`first_name` AS `first_name`, `u`.`last_name` AS `last_name`, `u`.`role` AS `role`, `s`.`name` AS `school_name`, `s`.`id` AS `school_id`, `g`.`name` AS `grade_name`, `g`.`display_name` AS `grade_display_name`, `g`.`grade_level` AS `grade_level`, `u`.`created_at` AS `created_at` FROM ((`users` `u` left join `schools` `s` on((`u`.`school_id` = `s`.`id`))) left join `grades` `g` on((`u`.`grade_id` = `g`.`id`))) WHERE (`u`.`role` = 'student') ;
COMMIT;

/*!40101 SET CHARACTER_SET_CLIENT=@OLD_CHARACTER_SET_CLIENT */;
/*!40101 SET CHARACTER_SET_RESULTS=@OLD_CHARACTER_SET_RESULTS */;
/*!40101 SET COLLATION_CONNECTION=@OLD_COLLATION_CONNECTION */;
